[2026-02-23 23:39:02] 开始更新音乐URL...
[2026-02-23 23:39:02] 备份创建成功：backups/music_data_2026-02-23_23-39-02.json
[2026-02-23 23:39:04] 更新成功：徐佳莹 - 一样的月光 (ID: 306665) - 标准、无损音质
[2026-02-23 23:39:06] 更新成功：Maroon 5 - Payphone (ID: 1952737857) - 标准、无损音质
[2026-02-23 23:39:08] 更新成功：G.E.M.邓紫棋 - 来自天堂的魔鬼 (ID: 36270426) - 标准、无损音质
[2026-02-23 23:39:11] 更新成功：郭静 - 下一个天亮 (ID: 233882) - 标准、无损音质
[2026-02-23 23:39:13] 更新成功：李荣浩 - 不将就 (ID: 31654343) - 标准、无损音质
[2026-02-23 23:39:15] 更新成功：雨爱 (ID: 316100) - 标准、无损音质
[2026-02-23 23:39:18] 更新成功：林宜融 - 同手同脚 (ID: 350482) - 标准、无损音质
[2026-02-23 23:39:20] 更新成功：孙燕姿 - 开始懂了 (ID: 287719) - 标准、无损音质
[2026-02-23 23:39:22] 更新成功：Beyond - 真的爱你 (ID: 346075) - 标准、无损音质
[2026-02-23 23:39:25] 更新成功：KUN - Colder (ID: 3351234875) - 标准、无损音质
[2026-02-23 23:39:27] 更新成功：陶喆 - 流沙 (ID: 150667) - 标准、无损音质
[2026-02-23 23:39:29] 更新成功：李毓芬 - 是我不够好 (ID: 410519050) - 标准、无损音质
[2026-02-23 23:39:31] 更新成功：陈奕迅 - 最佳损友 (ID: 65800) - 标准、无损音质
[2026-02-23 23:39:33] 更新成功：AGA - Wonderful U (Demo Version) (ID: 406475394) - 标准、无损音质
[2026-02-23 23:39:36] 更新成功：陈一豪Clear - 彩铃 (ID: 3339130832) - 标准、无损音质
[2026-02-23 23:39:38] 更新成功：Justin Bieber - Intentions (ID: 1421443440) - 标准、无损音质
[2026-02-23 23:39:40] 更新成功：林俊杰 - 我还想她 (ID: 108493) - 标准、无损音质
[2026-02-23 23:39:42] 更新成功：陈粒 - 走马 (ID: 2749430417) - 标准、无损音质
[2026-02-23 23:39:44] 更新成功：Top Barry - 发迹 (ID: 2099778087) - 标准、无损音质
[2026-02-23 23:39:47] 更新成功：蛋堡 - I Want You (ID: 76834) - 标准、无损音质
[2026-02-23 23:39:49] 更新成功：庾澄庆 - 春泥 (ID: 573968836) - 标准、无损音质
[2026-02-23 23:39:51] 更新成功：Vansdaddy - 身无居所 (ID: 3319817890) - 标准、无损音质
[2026-02-23 23:39:53] 更新成功：建坤YOUNG - 声音 (ID: 2031085185) - 标准、无损音质
[2026-02-23 23:39:55] 更新成功：岑宁儿 - 追光者 (ID: 483671599) - 标准、无损音质
[2026-02-23 23:39:56] 更新完成：成功更新 24 首歌曲
[2026-02-24 02:23:12] 开始更新音乐URL...
[2026-02-24 02:23:12] 备份创建成功：backups/music_data_2026-02-24_02-23-12.json
[2026-02-24 02:23:14] 更新成功：徐佳莹 - 一样的月光 (ID: 306665) - 标准、无损音质
[2026-02-24 02:23:16] 更新成功：Maroon 5 - Payphone (ID: 1952737857) - 标准、无损音质
[2026-02-24 02:23:19] 更新成功：G.E.M.邓紫棋 - 来自天堂的魔鬼 (ID: 36270426) - 标准、无损音质
[2026-02-24 02:23:21] 更新成功：郭静 - 下一个天亮 (ID: 233882) - 标准、无损音质
[2026-02-24 02:23:23] 更新成功：李荣浩 - 不将就 (ID: 31654343) - 标准、无损音质
[2026-02-24 02:23:26] 更新成功：雨爱 (ID: 316100) - 标准、无损音质
[2026-02-24 02:23:28] 更新成功：林宜融 - 同手同脚 (ID: 350482) - 标准、无损音质
[2026-02-24 02:23:30] 更新成功：孙燕姿 - 开始懂了 (ID: 287719) - 标准、无损音质
[2026-02-24 02:23:32] 更新成功：Beyond - 真的爱你 (ID: 346075) - 标准、无损音质
[2026-02-24 02:23:34] 更新成功：KUN - Colder (ID: 3351234875) - 标准、无损音质
[2026-02-24 02:23:37] 更新成功：陶喆 - 流沙 (ID: 150667) - 标准、无损音质
[2026-02-24 02:23:39] 更新成功：李毓芬 - 是我不够好 (ID: 410519050) - 标准、无损音质
[2026-02-24 02:23:41] 更新成功：陈奕迅 - 最佳损友 (ID: 65800) - 标准、无损音质
[2026-02-24 02:23:43] 更新成功：AGA - Wonderful U (Demo Version) (ID: 406475394) - 标准、无损音质
[2026-02-24 02:23:45] 更新成功：陈一豪Clear - 彩铃 (ID: 3339130832) - 标准、无损音质
[2026-02-24 02:23:47] 更新成功：Justin Bieber - Intentions (ID: 1421443440) - 标准、无损音质
[2026-02-24 02:23:50] 更新成功：林俊杰 - 我还想她 (ID: 108493) - 标准、无损音质
[2026-02-24 02:23:52] 更新成功：陈粒 - 走马 (ID: 2749430417) - 标准、无损音质
[2026-02-24 02:23:54] 更新成功：Top Barry - 发迹 (ID: 2099778087) - 标准、无损音质
[2026-02-24 02:23:57] 更新成功：蛋堡 - I Want You (ID: 76834) - 标准、无损音质
[2026-02-24 02:23:59] 更新成功：庾澄庆 - 春泥 (ID: 573968836) - 标准、无损音质
[2026-02-24 02:24:01] 更新成功：Vansdaddy - 身无居所 (ID: 3319817890) - 标准、无损音质
[2026-02-24 02:24:03] 更新成功：建坤YOUNG - 声音 (ID: 2031085185) - 标准、无损音质
[2026-02-24 02:24:05] 更新成功：岑宁儿 - 追光者 (ID: 483671599) - 标准、无损音质
[2026-02-24 02:24:06] 更新完成：成功更新 24 首歌曲
[2026-02-24 13:44:11] 开始更新音乐URL...
[2026-02-24 13:44:11] 备份创建成功：backups/music_data_2026-02-24_13-44-11.json
[2026-02-24 13:44:13] 更新成功：徐佳莹 - 一样的月光 (ID: 306665) - 标准、无损音质
[2026-02-24 13:44:16] 更新成功：Maroon 5 - Payphone (ID: 1952737857) - 标准、无损音质
[2026-02-24 13:44:20] 更新成功：G.E.M.邓紫棋 - 来自天堂的魔鬼 (ID: 36270426) - 标准、无损音质
[2026-02-24 13:44:22] 更新成功：郭静 - 下一个天亮 (ID: 233882) - 标准、无损音质
[2026-02-24 13:44:25] 更新成功：李荣浩 - 不将就 (ID: 31654343) - 标准、无损音质
[2026-02-24 13:44:29] 更新成功：雨爱 (ID: 316100) - 标准、无损音质
[2026-02-24 13:44:32] 更新成功：林宜融 - 同手同脚 (ID: 350482) - 标准、无损音质
[2026-02-24 13:44:36] 更新成功：孙燕姿 - 开始懂了 (ID: 287719) - 标准、无损音质
[2026-02-24 13:44:40] 更新成功：Beyond - 真的爱你 (ID: 346075) - 标准、无损音质
[2026-02-24 13:44:43] 更新成功：KUN - Colder (ID: 3351234875) - 标准、无损音质
[2026-02-24 13:44:45] 更新成功：陶喆 - 流沙 (ID: 150667) - 标准、无损音质
[2026-02-24 13:44:47] 更新成功：李毓芬 - 是我不够好 (ID: 410519050) - 标准、无损音质
[2026-02-24 13:44:49] 更新成功：陈奕迅 - 最佳损友 (ID: 65800) - 标准、无损音质
[2026-02-24 13:44:52] 更新成功：AGA - Wonderful U (Demo Version) (ID: 406475394) - 标准、无损音质
[2026-02-24 13:44:54] 更新成功：陈一豪Clear - 彩铃 (ID: 3339130832) - 标准、无损音质
[2026-02-24 13:44:56] 更新成功：Justin Bieber - Intentions (ID: 1421443440) - 标准、无损音质
[2026-02-24 13:44:59] 更新成功：林俊杰 - 我还想她 (ID: 108493) - 标准、无损音质
[2026-02-24 13:45:01] 更新成功：陈粒 - 走马 (ID: 2749430417) - 标准、无损音质
[2026-02-24 13:45:03] 更新成功：Top Barry - 发迹 (ID: 2099778087) - 标准、无损音质
[2026-02-24 13:45:05] 更新成功：蛋堡 - I Want You (ID: 76834) - 标准、无损音质
[2026-02-24 13:45:08] 更新成功：庾澄庆 - 春泥 (ID: 573968836) - 标准、无损音质
[2026-02-24 13:45:10] 更新成功：Vansdaddy - 身无居所 (ID: 3319817890) - 标准、无损音质
[2026-02-24 13:45:12] 更新成功：建坤YOUNG - 声音 (ID: 2031085185) - 标准、无损音质
[2026-02-24 13:45:15] 更新成功：岑宁儿 - 追光者 (ID: 483671599) - 标准、无损音质
[2026-02-24 13:45:15] 更新完成：成功更新 24 首歌曲
[2026-02-24 13:59:07] 开始更新音乐URL...
[2026-02-24 13:59:07] 备份创建成功：backups/music_data_2026-02-24_13-59-07.json
[2026-02-24 13:59:08] 更新成功：徐佳莹 - 一样的月光 (ID: 306665) - 标准、无损音质
[2026-02-24 13:59:11] 更新成功：Maroon 5 - Payphone (ID: 1952737857) - 标准、无损音质
[2026-02-24 13:59:13] 更新成功：G.E.M.邓紫棋 - 来自天堂的魔鬼 (ID: 36270426) - 标准、无损音质
[2026-02-24 13:59:16] 更新成功：郭静 - 下一个天亮 (ID: 233882) - 标准、无损音质
[2026-02-24 13:59:18] 更新成功：李荣浩 - 不将就 (ID: 31654343) - 标准、无损音质
[2026-02-24 13:59:21] 更新成功：雨爱 (ID: 316100) - 标准、无损音质
[2026-02-24 13:59:23] 更新成功：林宜融 - 同手同脚 (ID: 350482) - 标准、无损音质
[2026-02-24 13:59:25] 更新成功：孙燕姿 - 开始懂了 (ID: 287719) - 标准、无损音质
[2026-02-24 13:59:27] 更新成功：Beyond - 真的爱你 (ID: 346075) - 标准、无损音质
[2026-02-24 13:59:30] 更新成功：KUN - Colder (ID: 3351234875) - 标准、无损音质
[2026-02-24 13:59:32] 更新成功：陶喆 - 流沙 (ID: 150667) - 标准、无损音质
[2026-02-24 13:59:34] 更新成功：李毓芬 - 是我不够好 (ID: 410519050) - 标准、无损音质
[2026-02-24 13:59:36] 更新成功：陈奕迅 - 最佳损友 (ID: 65800) - 标准、无损音质
[2026-02-24 13:59:39] 更新成功：AGA - Wonderful U (Demo Version) (ID: 406475394) - 标准、无损音质
[2026-02-24 13:59:41] 更新成功：陈一豪Clear - 彩铃 (ID: 3339130832) - 标准、无损音质
[2026-02-24 13:59:43] 更新成功：Justin Bieber - Intentions (ID: 1421443440) - 标准、无损音质
[2026-02-24 13:59:45] 更新成功：林俊杰 - 我还想她 (ID: 108493) - 标准、无损音质
[2026-02-24 13:59:48] 更新成功：陈粒 - 走马 (ID: 2749430417) - 标准、无损音质
[2026-02-24 13:59:50] 更新成功：Top Barry - 发迹 (ID: 2099778087) - 标准、无损音质
[2026-02-24 13:59:52] 更新成功：蛋堡 - I Want You (ID: 76834) - 标准、无损音质
[2026-02-24 13:59:54] 更新成功：庾澄庆 - 春泥 (ID: 573968836) - 标准、无损音质
[2026-02-24 13:59:57] 更新成功：Vansdaddy - 身无居所 (ID: 3319817890) - 标准、无损音质
[2026-02-24 13:59:59] 更新成功：建坤YOUNG - 声音 (ID: 2031085185) - 标准、无损音质
[2026-02-24 14:00:01] 更新成功：岑宁儿 - 追光者 (ID: 483671599) - 标准、无损音质
[2026-02-24 14:00:02] 更新完成：成功更新 24 首歌曲
[2026-02-24 14:14:07] 开始更新音乐URL...
[2026-02-24 14:14:07] 备份创建成功：backups/music_data_2026-02-24_14-14-07.json
[2026-02-24 14:14:09] 更新成功：徐佳莹 - 一样的月光 (ID: 306665) - 标准、无损音质
[2026-02-24 14:14:12] 更新成功：Maroon 5 - Payphone (ID: 1952737857) - 标准、无损音质
[2026-02-24 14:14:14] 更新成功：G.E.M.邓紫棋 - 来自天堂的魔鬼 (ID: 36270426) - 标准、无损音质
[2026-02-24 14:14:17] 更新成功：郭静 - 下一个天亮 (ID: 233882) - 标准、无损音质
[2026-02-24 14:14:19] 更新成功：李荣浩 - 不将就 (ID: 31654343) - 标准、无损音质
[2026-02-24 14:14:21] 更新成功：雨爱 (ID: 316100) - 标准、无损音质
[2026-02-24 14:14:24] 更新成功：林宜融 - 同手同脚 (ID: 350482) - 标准、无损音质
[2026-02-24 14:14:26] 更新成功：孙燕姿 - 开始懂了 (ID: 287719) - 标准、无损音质
[2026-02-24 14:14:29] 更新成功：Beyond - 真的爱你 (ID: 346075) - 标准、无损音质
[2026-02-24 14:14:31] 更新成功：KUN - Colder (ID: 3351234875) - 标准、无损音质
[2026-02-24 14:14:33] 更新成功：陶喆 - 流沙 (ID: 150667) - 标准、无损音质
[2026-02-24 14:14:35] 更新成功：李毓芬 - 是我不够好 (ID: 410519050) - 标准、无损音质
[2026-02-24 14:14:38] 更新成功：陈奕迅 - 最佳损友 (ID: 65800) - 标准、无损音质
[2026-02-24 14:14:40] 更新成功：AGA - Wonderful U (Demo Version) (ID: 406475394) - 标准、无损音质
[2026-02-24 14:14:42] 更新成功：陈一豪Clear - 彩铃 (ID: 3339130832) - 标准、无损音质
[2026-02-24 14:14:45] 更新成功：Justin Bieber - Intentions (ID: 1421443440) - 标准、无损音质
[2026-02-24 14:14:47] 更新成功：林俊杰 - 我还想她 (ID: 108493) - 标准、无损音质
[2026-02-24 14:14:49] 更新成功：陈粒 - 走马 (ID: 2749430417) - 标准、无损音质
[2026-02-24 14:14:51] 更新成功：Top Barry - 发迹 (ID: 2099778087) - 标准、无损音质
[2026-02-24 14:14:54] 更新成功：蛋堡 - I Want You (ID: 76834) - 标准、无损音质
[2026-02-24 14:14:56] 更新成功：庾澄庆 - 春泥 (ID: 573968836) - 标准、无损音质
[2026-02-24 14:14:58] 更新成功：Vansdaddy - 身无居所 (ID: 3319817890) - 标准、无损音质
[2026-02-24 14:15:00] 更新成功：建坤YOUNG - 声音 (ID: 2031085185) - 标准、无损音质
[2026-02-24 14:15:03] 更新成功：岑宁儿 - 追光者 (ID: 483671599) - 标准、无损音质
[2026-02-24 14:15:03] 更新完成：成功更新 24 首歌曲
[2026-02-24 14:29:07] 开始更新音乐URL...
[2026-02-24 14:29:07] 备份创建成功：backups/music_data_2026-02-24_14-29-07.json
[2026-02-24 14:29:10] 更新成功：徐佳莹 - 一样的月光 (ID: 306665) - 标准、无损音质
[2026-02-24 14:29:12] 更新成功：Maroon 5 - Payphone (ID: 1952737857) - 标准、无损音质
[2026-02-24 14:29:14] 更新成功：G.E.M.邓紫棋 - 来自天堂的魔鬼 (ID: 36270426) - 标准、无损音质
[2026-02-24 14:29:16] 更新成功：郭静 - 下一个天亮 (ID: 233882) - 标准、无损音质
[2026-02-24 14:29:19] 更新成功：李荣浩 - 不将就 (ID: 31654343) - 标准、无损音质
[2026-02-24 14:29:21] 更新成功：雨爱 (ID: 316100) - 标准、无损音质
[2026-02-24 14:29:23] 更新成功：林宜融 - 同手同脚 (ID: 350482) - 标准、无损音质
[2026-02-24 14:29:25] 更新成功：孙燕姿 - 开始懂了 (ID: 287719) - 标准、无损音质
[2026-02-24 14:29:27] 更新成功：Beyond - 真的爱你 (ID: 346075) - 标准、无损音质
[2026-02-24 14:29:30] 更新成功：KUN - Colder (ID: 3351234875) - 标准、无损音质
[2026-02-24 14:29:32] 更新成功：陶喆 - 流沙 (ID: 150667) - 标准、无损音质
[2026-02-24 14:29:34] 更新成功：李毓芬 - 是我不够好 (ID: 410519050) - 标准、无损音质
[2026-02-24 14:29:36] 更新成功：陈奕迅 - 最佳损友 (ID: 65800) - 标准、无损音质
[2026-02-24 14:29:39] 更新成功：AGA - Wonderful U (Demo Version) (ID: 406475394) - 标准、无损音质
[2026-02-24 14:29:43] 更新成功：陈一豪Clear - 彩铃 (ID: 3339130832) - 标准、无损音质
[2026-02-24 14:29:46] 更新成功：Justin Bieber - Intentions (ID: 1421443440) - 标准、无损音质
[2026-02-24 14:29:49] 更新成功：林俊杰 - 我还想她 (ID: 108493) - 标准、无损音质
[2026-02-24 14:29:53] 更新成功：陈粒 - 走马 (ID: 2749430417) - 标准、无损音质
[2026-02-24 14:29:57] 更新成功：Top Barry - 发迹 (ID: 2099778087) - 标准、无损音质
[2026-02-24 14:29:59] 更新成功：蛋堡 - I Want You (ID: 76834) - 标准、无损音质
[2026-02-24 14:30:01] 更新成功：庾澄庆 - 春泥 (ID: 573968836) - 标准、无损音质
[2026-02-24 14:30:04] 更新成功：Vansdaddy - 身无居所 (ID: 3319817890) - 标准、无损音质
[2026-02-24 14:30:09] 更新成功：建坤YOUNG - 声音 (ID: 2031085185) - 标准、无损音质
[2026-02-24 14:30:13] 更新成功：岑宁儿 - 追光者 (ID: 483671599) - 标准、无损音质
[2026-02-24 14:30:14] 更新完成：成功更新 24 首歌曲
[2026-02-24 14:44:07] 开始更新音乐URL...
[2026-02-24 14:44:07] 备份创建成功：backups/music_data_2026-02-24_14-44-07.json
[2026-02-24 14:44:11] 更新成功：徐佳莹 - 一样的月光 (ID: 306665) - 标准、无损音质
[2026-02-24 14:44:16] 更新成功：Maroon 5 - Payphone (ID: 1952737857) - 标准、无损音质
[2026-02-24 14:44:21] 更新成功：G.E.M.邓紫棋 - 来自天堂的魔鬼 (ID: 36270426) - 标准、无损音质
[2026-02-24 14:44:27] 更新成功：郭静 - 下一个天亮 (ID: 233882) - 标准、无损音质
[2026-02-24 14:44:32] 更新成功：李荣浩 - 不将就 (ID: 31654343) - 标准、无损音质
[2026-02-24 14:44:36] 更新成功：雨爱 (ID: 316100) - 标准、无损音质
[2026-02-24 14:44:40] 更新成功：林宜融 - 同手同脚 (ID: 350482) - 标准、无损音质
[2026-02-24 14:44:46] 更新成功：孙燕姿 - 开始懂了 (ID: 287719) - 标准、无损音质
[2026-02-24 14:44:52] 更新成功：Beyond - 真的爱你 (ID: 346075) - 标准、无损音质
[2026-02-24 14:44:56] 更新成功：KUN - Colder (ID: 3351234875) - 标准、无损音质
[2026-02-24 14:45:01] 更新成功：陶喆 - 流沙 (ID: 150667) - 标准、无损音质
[2026-02-24 14:45:07] 更新成功：李毓芬 - 是我不够好 (ID: 410519050) - 标准、无损音质
[2026-02-24 14:45:11] 更新成功：陈奕迅 - 最佳损友 (ID: 65800) - 标准、无损音质
[2026-02-24 14:45:16] 更新成功：AGA - Wonderful U (Demo Version) (ID: 406475394) - 标准、无损音质
[2026-02-24 14:45:22] 更新成功：陈一豪Clear - 彩铃 (ID: 3339130832) - 标准、无损音质
[2026-02-24 14:45:27] 更新成功：Justin Bieber - Intentions (ID: 1421443440) - 标准、无损音质
[2026-02-24 14:45:32] 更新成功：林俊杰 - 我还想她 (ID: 108493) - 标准、无损音质
[2026-02-24 14:45:36] 更新成功：陈粒 - 走马 (ID: 2749430417) - 标准、无损音质
[2026-02-24 14:45:40] 更新成功：Top Barry - 发迹 (ID: 2099778087) - 标准、无损音质
[2026-02-24 14:45:45] 更新成功：蛋堡 - I Want You (ID: 76834) - 标准、无损音质
[2026-02-24 14:45:50] 更新成功：庾澄庆 - 春泥 (ID: 573968836) - 标准、无损音质
[2026-02-24 14:45:55] 更新成功：Vansdaddy - 身无居所 (ID: 3319817890) - 标准、无损音质
[2026-02-24 14:46:00] 更新成功：建坤YOUNG - 声音 (ID: 2031085185) - 标准、无损音质
[2026-02-24 14:46:05] 更新成功：岑宁儿 - 追光者 (ID: 483671599) - 标准、无损音质
[2026-02-24 14:46:06] 更新完成：成功更新 24 首歌曲
[2026-02-24 14:59:07] 开始更新音乐URL...
[2026-02-24 14:59:07] 备份创建成功：backups/music_data_2026-02-24_14-59-07.json
[2026-02-24 14:59:10] 更新成功：徐佳莹 - 一样的月光 (ID: 306665) - 标准、无损音质
[2026-02-24 14:59:13] 更新成功：Maroon 5 - Payphone (ID: 1952737857) - 标准、无损音质
[2026-02-24 14:59:16] 更新成功：G.E.M.邓紫棋 - 来自天堂的魔鬼 (ID: 36270426) - 标准、无损音质
[2026-02-24 14:59:20] 更新成功：郭静 - 下一个天亮 (ID: 233882) - 标准、无损音质
[2026-02-24 14:59:24] 更新成功：李荣浩 - 不将就 (ID: 31654343) - 标准、无损音质
[2026-02-24 14:59:28] 更新成功：雨爱 (ID: 316100) - 标准、无损音质
[2026-02-24 14:59:32] 更新成功：林宜融 - 同手同脚 (ID: 350482) - 标准、无损音质
[2026-02-24 14:59:35] 更新成功：孙燕姿 - 开始懂了 (ID: 287719) - 标准、无损音质
[2026-02-24 14:59:38] 更新成功：Beyond - 真的爱你 (ID: 346075) - 标准、无损音质
[2026-02-24 14:59:41] 更新成功：KUN - Colder (ID: 3351234875) - 标准、无损音质
[2026-02-24 14:59:44] 更新成功：陶喆 - 流沙 (ID: 150667) - 标准、无损音质
[2026-02-24 14:59:48] 更新成功：李毓芬 - 是我不够好 (ID: 410519050) - 标准、无损音质
[2026-02-24 14:59:50] 更新成功：陈奕迅 - 最佳损友 (ID: 65800) - 标准、无损音质
[2026-02-24 14:59:55] 更新成功：AGA - Wonderful U (Demo Version) (ID: 406475394) - 标准、无损音质
[2026-02-24 14:59:57] 更新成功：陈一豪Clear - 彩铃 (ID: 3339130832) - 标准、无损音质
[2026-02-24 15:00:01] 更新成功：Justin Bieber - Intentions (ID: 1421443440) - 标准、无损音质
[2026-02-24 15:00:04] 更新成功：林俊杰 - 我还想她 (ID: 108493) - 标准、无损音质
[2026-02-24 15:00:08] 更新成功：陈粒 - 走马 (ID: 2749430417) - 标准、无损音质
[2026-02-24 15:00:10] 更新成功：Top Barry - 发迹 (ID: 2099778087) - 标准、无损音质
[2026-02-24 15:00:14] 更新成功：蛋堡 - I Want You (ID: 76834) - 标准、无损音质
[2026-02-24 15:00:18] 更新成功：庾澄庆 - 春泥 (ID: 573968836) - 标准、无损音质
[2026-02-24 15:00:21] 更新成功：Vansdaddy - 身无居所 (ID: 3319817890) - 标准、无损音质
[2026-02-24 15:00:28] 更新成功：建坤YOUNG - 声音 (ID: 2031085185) - 标准、无损音质
[2026-02-24 15:00:32] 更新成功：岑宁儿 - 追光者 (ID: 483671599) - 标准、无损音质
[2026-02-24 15:00:33] 更新完成：成功更新 24 首歌曲
[2026-02-24 15:14:07] 开始更新音乐URL...
[2026-02-24 15:14:07] 备份创建成功：backups/music_data_2026-02-24_15-14-07.json
[2026-02-24 15:14:10] 更新成功：徐佳莹 - 一样的月光 (ID: 306665) - 标准、无损音质
[2026-02-24 15:14:13] 更新成功：Maroon 5 - Payphone (ID: 1952737857) - 标准、无损音质
[2026-02-24 15:14:16] 更新成功：G.E.M.邓紫棋 - 来自天堂的魔鬼 (ID: 36270426) - 标准、无损音质
[2026-02-24 15:14:20] 更新成功：郭静 - 下一个天亮 (ID: 233882) - 标准、无损音质
[2026-02-24 15:14:23] 更新成功：李荣浩 - 不将就 (ID: 31654343) - 标准、无损音质
[2026-02-24 15:14:26] 更新成功：雨爱 (ID: 316100) - 标准、无损音质
[2026-02-24 15:14:30] 更新成功：林宜融 - 同手同脚 (ID: 350482) - 标准、无损音质
[2026-02-24 15:14:33] 更新成功：孙燕姿 - 开始懂了 (ID: 287719) - 标准、无损音质
[2026-02-24 15:14:36] 更新成功：Beyond - 真的爱你 (ID: 346075) - 标准、无损音质
[2026-02-24 15:14:40] 更新成功：KUN - Colder (ID: 3351234875) - 标准、无损音质
[2026-02-24 15:14:43] 更新成功：陶喆 - 流沙 (ID: 150667) - 标准、无损音质
[2026-02-24 15:14:46] 更新成功：李毓芬 - 是我不够好 (ID: 410519050) - 标准、无损音质
[2026-02-24 15:14:50] 更新成功：陈奕迅 - 最佳损友 (ID: 65800) - 标准、无损音质
[2026-02-24 15:14:54] 更新成功：AGA - Wonderful U (Demo Version) (ID: 406475394) - 标准、无损音质
[2026-02-24 15:14:57] 更新成功：陈一豪Clear - 彩铃 (ID: 3339130832) - 标准、无损音质
[2026-02-24 15:15:00] 更新成功：Justin Bieber - Intentions (ID: 1421443440) - 标准、无损音质
[2026-02-24 15:15:03] 更新成功：林俊杰 - 我还想她 (ID: 108493) - 标准、无损音质
[2026-02-24 15:15:07] 更新成功：陈粒 - 走马 (ID: 2749430417) - 标准、无损音质
[2026-02-24 15:15:10] 更新成功：Top Barry - 发迹 (ID: 2099778087) - 标准、无损音质
[2026-02-24 15:15:13] 更新成功：蛋堡 - I Want You (ID: 76834) - 标准、无损音质
[2026-02-24 15:15:17] 更新成功：庾澄庆 - 春泥 (ID: 573968836) - 标准、无损音质
[2026-02-24 15:15:20] 更新成功：Vansdaddy - 身无居所 (ID: 3319817890) - 标准、无损音质
[2026-02-24 15:15:24] 更新成功：建坤YOUNG - 声音 (ID: 2031085185) - 标准、无损音质
[2026-02-24 15:15:29] 更新成功：岑宁儿 - 追光者 (ID: 483671599) - 标准、无损音质
[2026-02-24 15:15:30] 更新完成：成功更新 24 首歌曲
[2026-02-24 15:29:07] 开始更新音乐URL...
[2026-02-24 15:29:07] 备份创建成功：backups/music_data_2026-02-24_15-29-07.json
[2026-02-24 15:29:10] 更新成功：徐佳莹 - 一样的月光 (ID: 306665) - 标准、无损音质
[2026-02-24 15:29:13] 更新成功：Maroon 5 - Payphone (ID: 1952737857) - 标准、无损音质
[2026-02-24 15:29:16] 更新成功：G.E.M.邓紫棋 - 来自天堂的魔鬼 (ID: 36270426) - 标准、无损音质
[2026-02-24 15:29:20] 更新成功：郭静 - 下一个天亮 (ID: 233882) - 标准、无损音质
[2026-02-24 15:29:23] 更新成功：李荣浩 - 不将就 (ID: 31654343) - 标准、无损音质
[2026-02-24 15:29:27] 更新成功：雨爱 (ID: 316100) - 标准、无损音质
[2026-02-24 15:29:31] 更新成功：林宜融 - 同手同脚 (ID: 350482) - 标准、无损音质
[2026-02-24 15:29:34] 更新成功：孙燕姿 - 开始懂了 (ID: 287719) - 标准、无损音质
[2026-02-24 15:29:38] 更新成功：Beyond - 真的爱你 (ID: 346075) - 标准、无损音质
[2026-02-24 15:29:42] 更新成功：KUN - Colder (ID: 3351234875) - 标准、无损音质
[2026-02-24 15:29:46] 更新成功：陶喆 - 流沙 (ID: 150667) - 标准、无损音质
[2026-02-24 15:29:49] 更新成功：李毓芬 - 是我不够好 (ID: 410519050) - 标准、无损音质
[2026-02-24 15:29:53] 更新成功：陈奕迅 - 最佳损友 (ID: 65800) - 标准、无损音质
[2026-02-24 15:29:56] 更新成功：AGA - Wonderful U (Demo Version) (ID: 406475394) - 标准、无损音质
[2026-02-24 15:29:59] 更新成功：陈一豪Clear - 彩铃 (ID: 3339130832) - 标准、无损音质
[2026-02-24 15:30:03] 更新成功：Justin Bieber - Intentions (ID: 1421443440) - 标准、无损音质
[2026-02-24 15:30:08] 更新成功：林俊杰 - 我还想她 (ID: 108493) - 标准、无损音质
[2026-02-24 15:30:11] 更新成功：陈粒 - 走马 (ID: 2749430417) - 标准、无损音质
[2026-02-24 15:30:14] 更新成功：Top Barry - 发迹 (ID: 2099778087) - 标准、无损音质
[2026-02-24 15:30:17] 更新成功：蛋堡 - I Want You (ID: 76834) - 标准、无损音质
[2026-02-24 15:30:21] 更新成功：庾澄庆 - 春泥 (ID: 573968836) - 标准、无损音质
[2026-02-24 15:30:24] 更新成功：Vansdaddy - 身无居所 (ID: 3319817890) - 标准、无损音质
[2026-02-24 15:30:28] 更新成功：建坤YOUNG - 声音 (ID: 2031085185) - 标准、无损音质
[2026-02-24 15:30:30] 更新成功：岑宁儿 - 追光者 (ID: 483671599) - 标准、无损音质
[2026-02-24 15:30:31] 更新完成：成功更新 24 首歌曲
[2026-02-24 15:44:07] 开始更新音乐URL...
[2026-02-24 15:44:07] 备份创建成功：backups/music_data_2026-02-24_15-44-07.json
[2026-02-24 15:44:08] 更新成功：徐佳莹 - 一样的月光 (ID: 306665) - 标准、无损音质
[2026-02-24 15:44:11] 更新成功：Maroon 5 - Payphone (ID: 1952737857) - 标准、无损音质
[2026-02-24 15:44:13] 更新成功：G.E.M.邓紫棋 - 来自天堂的魔鬼 (ID: 36270426) - 标准、无损音质
[2026-02-24 15:44:15] 更新成功：郭静 - 下一个天亮 (ID: 233882) - 标准、无损音质
[2026-02-24 15:44:18] 更新成功：李荣浩 - 不将就 (ID: 31654343) - 标准、无损音质
[2026-02-24 15:44:25] 更新成功：雨爱 (ID: 316100) - 无损音质
[2026-02-24 15:44:27] 更新成功：林宜融 - 同手同脚 (ID: 350482) - 标准、无损音质
[2026-02-24 15:44:29] 更新成功：孙燕姿 - 开始懂了 (ID: 287719) - 标准、无损音质
[2026-02-24 15:44:31] 更新成功：Beyond - 真的爱你 (ID: 346075) - 标准、无损音质
[2026-02-24 15:44:34] 更新成功：KUN - Colder (ID: 3351234875) - 标准、无损音质
[2026-02-24 15:44:36] 更新成功：陶喆 - 流沙 (ID: 150667) - 标准、无损音质
[2026-02-24 15:44:38] 更新成功：李毓芬 - 是我不够好 (ID: 410519050) - 标准、无损音质
[2026-02-24 15:44:40] 更新成功：陈奕迅 - 最佳损友 (ID: 65800) - 标准、无损音质
[2026-02-24 15:44:42] 更新成功：AGA - Wonderful U (Demo Version) (ID: 406475394) - 标准、无损音质
[2026-02-24 15:44:49] 更新成功：陈一豪Clear - 彩铃 (ID: 3339130832) - 标准音质
[2026-02-24 15:44:51] 更新成功：Justin Bieber - Intentions (ID: 1421443440) - 标准、无损音质
[2026-02-24 15:44:54] 更新成功：林俊杰 - 我还想她 (ID: 108493) - 标准、无损音质
[2026-02-24 15:44:56] 更新成功：陈粒 - 走马 (ID: 2749430417) - 标准、无损音质
[2026-02-24 15:44:58] 更新成功：Top Barry - 发迹 (ID: 2099778087) - 标准、无损音质
[2026-02-24 15:45:01] 更新成功：蛋堡 - I Want You (ID: 76834) - 标准、无损音质
[2026-02-24 15:45:05] 更新成功：庾澄庆 - 春泥 (ID: 573968836) - 标准、无损音质
[2026-02-24 15:45:07] 更新成功：Vansdaddy - 身无居所 (ID: 3319817890) - 标准、无损音质
[2026-02-24 15:45:10] 更新成功：建坤YOUNG - 声音 (ID: 2031085185) - 标准、无损音质
[2026-02-24 15:45:12] 更新成功：岑宁儿 - 追光者 (ID: 483671599) - 标准、无损音质
[2026-02-24 15:45:12] 更新完成：成功更新 24 首歌曲
[2026-02-24 15:59:07] 开始更新音乐URL...
[2026-02-24 15:59:07] 备份创建成功：backups/music_data_2026-02-24_15-59-07.json
[2026-02-24 15:59:08] 更新成功：徐佳莹 - 一样的月光 (ID: 306665) - 标准、无损音质
[2026-02-24 15:59:11] 更新成功：Maroon 5 - Payphone (ID: 1952737857) - 标准、无损音质
[2026-02-24 15:59:13] 更新成功：G.E.M.邓紫棋 - 来自天堂的魔鬼 (ID: 36270426) - 标准、无损音质
[2026-02-24 15:59:15] 更新成功：郭静 - 下一个天亮 (ID: 233882) - 标准、无损音质
[2026-02-24 15:59:17] 更新成功：李荣浩 - 不将就 (ID: 31654343) - 标准、无损音质
[2026-02-24 15:59:19] 更新成功：雨爱 (ID: 316100) - 标准、无损音质
[2026-02-24 15:59:22] 更新成功：林宜融 - 同手同脚 (ID: 350482) - 标准、无损音质
[2026-02-24 15:59:24] 更新成功：孙燕姿 - 开始懂了 (ID: 287719) - 标准、无损音质
[2026-02-24 15:59:26] 更新成功：Beyond - 真的爱你 (ID: 346075) - 标准、无损音质
[2026-02-24 15:59:28] 更新成功：KUN - Colder (ID: 3351234875) - 标准、无损音质
[2026-02-24 15:59:30] 更新成功：陶喆 - 流沙 (ID: 150667) - 标准、无损音质
[2026-02-24 15:59:33] 更新成功：李毓芬 - 是我不够好 (ID: 410519050) - 标准、无损音质
[2026-02-24 15:59:35] 更新成功：陈奕迅 - 最佳损友 (ID: 65800) - 标准、无损音质
[2026-02-24 15:59:37] 更新成功：AGA - Wonderful U (Demo Version) (ID: 406475394) - 标准、无损音质
[2026-02-24 15:59:39] 更新成功：陈一豪Clear - 彩铃 (ID: 3339130832) - 标准、无损音质
[2026-02-24 15:59:41] 更新成功：Justin Bieber - Intentions (ID: 1421443440) - 标准、无损音质
[2026-02-24 15:59:44] 更新成功：林俊杰 - 我还想她 (ID: 108493) - 标准、无损音质
[2026-02-24 15:59:46] 更新成功：陈粒 - 走马 (ID: 2749430417) - 标准、无损音质
[2026-02-24 15:59:48] 更新成功：Top Barry - 发迹 (ID: 2099778087) - 标准、无损音质
[2026-02-24 15:59:50] 更新成功：蛋堡 - I Want You (ID: 76834) - 标准、无损音质
[2026-02-24 15:59:52] 更新成功：庾澄庆 - 春泥 (ID: 573968836) - 标准、无损音质
[2026-02-24 15:59:55] 更新成功：Vansdaddy - 身无居所 (ID: 3319817890) - 标准、无损音质
[2026-02-24 15:59:57] 更新成功：建坤YOUNG - 声音 (ID: 2031085185) - 标准、无损音质
[2026-02-24 15:59:59] 更新成功：岑宁儿 - 追光者 (ID: 483671599) - 标准、无损音质
[2026-02-24 16:00:00] 更新完成：成功更新 24 首歌曲
[2026-02-24 16:14:07] 开始更新音乐URL...
[2026-02-24 16:14:07] 备份创建成功：backups/music_data_2026-02-24_16-14-07.json
[2026-02-24 16:14:10] 更新成功：徐佳莹 - 一样的月光 (ID: 306665) - 标准、无损音质
[2026-02-24 16:14:12] 更新成功：Maroon 5 - Payphone (ID: 1952737857) - 标准、无损音质
[2026-02-24 16:14:14] 更新成功：G.E.M.邓紫棋 - 来自天堂的魔鬼 (ID: 36270426) - 标准、无损音质
[2026-02-24 16:14:17] 更新成功：郭静 - 下一个天亮 (ID: 233882) - 标准、无损音质
[2026-02-24 16:14:19] 更新成功：李荣浩 - 不将就 (ID: 31654343) - 标准、无损音质
[2026-02-24 16:14:21] 更新成功：雨爱 (ID: 316100) - 标准、无损音质
[2026-02-24 16:14:23] 更新成功：林宜融 - 同手同脚 (ID: 350482) - 标准、无损音质
[2026-02-24 16:14:26] 更新成功：孙燕姿 - 开始懂了 (ID: 287719) - 标准、无损音质
[2026-02-24 16:14:28] 更新成功：Beyond - 真的爱你 (ID: 346075) - 标准、无损音质
[2026-02-24 16:14:31] 更新成功：KUN - Colder (ID: 3351234875) - 标准、无损音质
[2026-02-24 16:14:33] 更新成功：陶喆 - 流沙 (ID: 150667) - 标准、无损音质
[2026-02-24 16:14:35] 更新成功：李毓芬 - 是我不够好 (ID: 410519050) - 标准、无损音质
[2026-02-24 16:14:37] 更新成功：陈奕迅 - 最佳损友 (ID: 65800) - 标准、无损音质
[2026-02-24 16:14:40] 更新成功：AGA - Wonderful U (Demo Version) (ID: 406475394) - 标准、无损音质
[2026-02-24 16:14:43] 更新成功：陈一豪Clear - 彩铃 (ID: 3339130832) - 标准、无损音质
[2026-02-24 16:14:45] 更新成功：Justin Bieber - Intentions (ID: 1421443440) - 标准、无损音质
[2026-02-24 16:14:47] 更新成功：林俊杰 - 我还想她 (ID: 108493) - 标准、无损音质
[2026-02-24 16:14:49] 更新成功：陈粒 - 走马 (ID: 2749430417) - 标准、无损音质
[2026-02-24 16:14:52] 更新成功：Top Barry - 发迹 (ID: 2099778087) - 标准、无损音质
[2026-02-24 16:14:54] 更新成功：蛋堡 - I Want You (ID: 76834) - 标准、无损音质
[2026-02-24 16:14:56] 更新成功：庾澄庆 - 春泥 (ID: 573968836) - 标准、无损音质
[2026-02-24 16:14:58] 更新成功：Vansdaddy - 身无居所 (ID: 3319817890) - 标准、无损音质
[2026-02-24 16:15:01] 更新成功：建坤YOUNG - 声音 (ID: 2031085185) - 标准、无损音质
[2026-02-24 16:15:03] 更新成功：岑宁儿 - 追光者 (ID: 483671599) - 标准、无损音质
[2026-02-24 16:15:04] 更新完成：成功更新 24 首歌曲
[2026-02-24 16:29:07] 开始更新音乐URL...
[2026-02-24 16:29:07] 备份创建成功：backups/music_data_2026-02-24_16-29-07.json
[2026-02-24 16:29:09] 更新成功：徐佳莹 - 一样的月光 (ID: 306665) - 标准、无损音质
[2026-02-24 16:29:11] 更新成功：Maroon 5 - Payphone (ID: 1952737857) - 标准、无损音质
[2026-02-24 16:29:14] 更新成功：G.E.M.邓紫棋 - 来自天堂的魔鬼 (ID: 36270426) - 标准、无损音质
[2026-02-24 16:29:16] 更新成功：郭静 - 下一个天亮 (ID: 233882) - 标准、无损音质
[2026-02-24 16:29:18] 更新成功：李荣浩 - 不将就 (ID: 31654343) - 标准、无损音质
[2026-02-24 16:29:20] 更新成功：雨爱 (ID: 316100) - 标准、无损音质
[2026-02-24 16:29:22] 更新成功：林宜融 - 同手同脚 (ID: 350482) - 标准、无损音质
[2026-02-24 16:29:24] 更新成功：孙燕姿 - 开始懂了 (ID: 287719) - 标准、无损音质
[2026-02-24 16:29:27] 更新成功：Beyond - 真的爱你 (ID: 346075) - 标准、无损音质
[2026-02-24 16:29:29] 更新成功：KUN - Colder (ID: 3351234875) - 标准、无损音质
[2026-02-24 16:29:31] 更新成功：陶喆 - 流沙 (ID: 150667) - 标准、无损音质
[2026-02-24 16:29:33] 更新成功：李毓芬 - 是我不够好 (ID: 410519050) - 标准、无损音质
[2026-02-24 16:29:35] 更新成功：陈奕迅 - 最佳损友 (ID: 65800) - 标准、无损音质
[2026-02-24 16:29:38] 更新成功：AGA - Wonderful U (Demo Version) (ID: 406475394) - 标准、无损音质
[2026-02-24 16:29:40] 更新成功：陈一豪Clear - 彩铃 (ID: 3339130832) - 标准、无损音质
[2026-02-24 16:29:42] 更新成功：Justin Bieber - Intentions (ID: 1421443440) - 标准、无损音质
[2026-02-24 16:29:44] 更新成功：林俊杰 - 我还想她 (ID: 108493) - 标准、无损音质
[2026-02-24 16:29:46] 更新成功：陈粒 - 走马 (ID: 2749430417) - 标准、无损音质
[2026-02-24 16:29:48] 更新成功：Top Barry - 发迹 (ID: 2099778087) - 标准、无损音质
[2026-02-24 16:29:51] 更新成功：蛋堡 - I Want You (ID: 76834) - 标准、无损音质
[2026-02-24 16:29:53] 更新成功：庾澄庆 - 春泥 (ID: 573968836) - 标准、无损音质
[2026-02-24 16:29:55] 更新成功：Vansdaddy - 身无居所 (ID: 3319817890) - 标准、无损音质
[2026-02-24 16:29:57] 更新成功：建坤YOUNG - 声音 (ID: 2031085185) - 标准、无损音质
[2026-02-24 16:29:59] 更新成功：岑宁儿 - 追光者 (ID: 483671599) - 标准、无损音质
[2026-02-24 16:30:00] 更新完成：成功更新 24 首歌曲
[2026-02-24 16:44:12] 开始更新音乐URL...
[2026-02-24 16:44:12] 备份创建成功：backups/music_data_2026-02-24_16-44-12.json
[2026-02-24 16:44:15] 更新成功：徐佳莹 - 一样的月光 (ID: 306665) - 标准、无损音质
[2026-02-24 16:44:17] 更新成功：Maroon 5 - Payphone (ID: 1952737857) - 标准、无损音质
[2026-02-24 16:44:19] 更新成功：G.E.M.邓紫棋 - 来自天堂的魔鬼 (ID: 36270426) - 标准、无损音质
[2026-02-24 16:44:22] 更新成功：郭静 - 下一个天亮 (ID: 233882) - 标准、无损音质
[2026-02-24 16:44:24] 更新成功：李荣浩 - 不将就 (ID: 31654343) - 标准、无损音质
[2026-02-24 16:44:27] 更新成功：雨爱 (ID: 316100) - 标准、无损音质
[2026-02-24 16:44:30] 更新成功：林宜融 - 同手同脚 (ID: 350482) - 标准、无损音质
[2026-02-24 16:44:33] 更新成功：孙燕姿 - 开始懂了 (ID: 287719) - 标准、无损音质
[2026-02-24 16:44:35] 更新成功：Beyond - 真的爱你 (ID: 346075) - 标准、无损音质
[2026-02-24 16:44:40] 更新成功：KUN - Colder (ID: 3351234875) - 标准、无损音质
[2026-02-24 16:44:42] 更新成功：陶喆 - 流沙 (ID: 150667) - 标准、无损音质
[2026-02-24 16:44:45] 更新成功：李毓芬 - 是我不够好 (ID: 410519050) - 标准、无损音质
[2026-02-24 16:44:47] 更新成功：陈奕迅 - 最佳损友 (ID: 65800) - 标准、无损音质
[2026-02-24 16:44:49] 更新成功：AGA - Wonderful U (Demo Version) (ID: 406475394) - 标准、无损音质
[2026-02-24 16:44:51] 更新成功：陈一豪Clear - 彩铃 (ID: 3339130832) - 标准、无损音质
[2026-02-24 16:44:57] 更新成功：Justin Bieber - Intentions (ID: 1421443440) - 标准、无损音质
[2026-02-24 16:44:59] 更新成功：林俊杰 - 我还想她 (ID: 108493) - 标准、无损音质
[2026-02-24 16:45:04] 更新成功：陈粒 - 走马 (ID: 2749430417) - 标准、无损音质
[2026-02-24 16:45:06] 更新成功：Top Barry - 发迹 (ID: 2099778087) - 标准、无损音质
[2026-02-24 16:45:08] 更新成功：蛋堡 - I Want You (ID: 76834) - 标准、无损音质
[2026-02-24 16:45:10] 更新成功：庾澄庆 - 春泥 (ID: 573968836) - 标准、无损音质
[2026-02-24 16:45:12] 更新成功：Vansdaddy - 身无居所 (ID: 3319817890) - 标准、无损音质
[2026-02-24 16:45:14] 更新成功：建坤YOUNG - 声音 (ID: 2031085185) - 标准、无损音质
[2026-02-24 16:45:17] 更新成功：岑宁儿 - 追光者 (ID: 483671599) - 标准、无损音质
[2026-02-24 16:45:17] 更新完成：成功更新 24 首歌曲
[2026-02-24 16:59:07] 开始更新音乐URL...
[2026-02-24 16:59:07] 备份创建成功：backups/music_data_2026-02-24_16-59-07.json
[2026-02-24 16:59:09] 更新成功：徐佳莹 - 一样的月光 (ID: 306665) - 标准、无损音质
[2026-02-24 16:59:11] 更新成功：Maroon 5 - Payphone (ID: 1952737857) - 标准、无损音质
[2026-02-24 16:59:13] 更新成功：G.E.M.邓紫棋 - 来自天堂的魔鬼 (ID: 36270426) - 标准、无损音质
[2026-02-24 16:59:15] 更新成功：郭静 - 下一个天亮 (ID: 233882) - 标准、无损音质
[2026-02-24 16:59:18] 更新成功：李荣浩 - 不将就 (ID: 31654343) - 标准、无损音质
[2026-02-24 16:59:20] 更新成功：雨爱 (ID: 316100) - 标准、无损音质
[2026-02-24 16:59:22] 更新成功：林宜融 - 同手同脚 (ID: 350482) - 标准、无损音质
[2026-02-24 16:59:24] 更新成功：孙燕姿 - 开始懂了 (ID: 287719) - 标准、无损音质
[2026-02-24 16:59:27] 更新成功：Beyond - 真的爱你 (ID: 346075) - 标准、无损音质
[2026-02-24 16:59:29] 更新成功：KUN - Colder (ID: 3351234875) - 标准、无损音质
[2026-02-24 16:59:31] 更新成功：陶喆 - 流沙 (ID: 150667) - 标准、无损音质
[2026-02-24 16:59:33] 更新成功：李毓芬 - 是我不够好 (ID: 410519050) - 标准、无损音质
[2026-02-24 16:59:35] 更新成功：陈奕迅 - 最佳损友 (ID: 65800) - 标准、无损音质
[2026-02-24 16:59:38] 更新成功：AGA - Wonderful U (Demo Version) (ID: 406475394) - 标准、无损音质
[2026-02-24 16:59:40] 更新成功：陈一豪Clear - 彩铃 (ID: 3339130832) - 标准、无损音质
[2026-02-24 16:59:42] 更新成功：Justin Bieber - Intentions (ID: 1421443440) - 标准、无损音质
[2026-02-24 16:59:44] 更新成功：林俊杰 - 我还想她 (ID: 108493) - 标准、无损音质
[2026-02-24 16:59:47] 更新成功：陈粒 - 走马 (ID: 2749430417) - 标准、无损音质
[2026-02-24 16:59:49] 更新成功：Top Barry - 发迹 (ID: 2099778087) - 标准、无损音质
[2026-02-24 16:59:51] 更新成功：蛋堡 - I Want You (ID: 76834) - 标准、无损音质
[2026-02-24 16:59:53] 更新成功：庾澄庆 - 春泥 (ID: 573968836) - 标准、无损音质
[2026-02-24 16:59:55] 更新成功：Vansdaddy - 身无居所 (ID: 3319817890) - 标准、无损音质
[2026-02-24 16:59:58] 更新成功：建坤YOUNG - 声音 (ID: 2031085185) - 标准、无损音质
[2026-02-24 17:00:00] 更新成功：岑宁儿 - 追光者 (ID: 483671599) - 标准、无损音质
[2026-02-24 17:00:00] 更新完成：成功更新 24 首歌曲
[2026-02-24 17:14:07] 开始更新音乐URL...
[2026-02-24 17:14:07] 备份创建成功：backups/music_data_2026-02-24_17-14-07.json
[2026-02-24 17:14:08] 更新成功：徐佳莹 - 一样的月光 (ID: 306665) - 标准、无损音质
[2026-02-24 17:14:11] 更新成功：Maroon 5 - Payphone (ID: 1952737857) - 标准、无损音质
[2026-02-24 17:14:13] 更新成功：G.E.M.邓紫棋 - 来自天堂的魔鬼 (ID: 36270426) - 标准、无损音质
[2026-02-24 17:14:15] 更新成功：郭静 - 下一个天亮 (ID: 233882) - 标准、无损音质
[2026-02-24 17:14:17] 更新成功：李荣浩 - 不将就 (ID: 31654343) - 标准、无损音质
[2026-02-24 17:14:20] 更新成功：雨爱 (ID: 316100) - 标准、无损音质
[2026-02-24 17:14:22] 更新成功：林宜融 - 同手同脚 (ID: 350482) - 标准、无损音质
[2026-02-24 17:14:24] 更新成功：孙燕姿 - 开始懂了 (ID: 287719) - 标准、无损音质
[2026-02-24 17:14:26] 更新成功：Beyond - 真的爱你 (ID: 346075) - 标准、无损音质
[2026-02-24 17:14:28] 更新成功：KUN - Colder (ID: 3351234875) - 标准、无损音质
[2026-02-24 17:14:31] 更新成功：陶喆 - 流沙 (ID: 150667) - 标准、无损音质
[2026-02-24 17:14:33] 更新成功：李毓芬 - 是我不够好 (ID: 410519050) - 标准、无损音质
[2026-02-24 17:14:36] 更新成功：陈奕迅 - 最佳损友 (ID: 65800) - 标准、无损音质
[2026-02-24 17:14:38] 更新成功：AGA - Wonderful U (Demo Version) (ID: 406475394) - 标准、无损音质
[2026-02-24 17:14:41] 更新成功：陈一豪Clear - 彩铃 (ID: 3339130832) - 标准、无损音质
[2026-02-24 17:14:43] 更新成功：Justin Bieber - Intentions (ID: 1421443440) - 标准、无损音质
[2026-02-24 17:14:45] 更新成功：林俊杰 - 我还想她 (ID: 108493) - 标准、无损音质
[2026-02-24 17:14:47] 更新成功：陈粒 - 走马 (ID: 2749430417) - 标准、无损音质
[2026-02-24 17:14:50] 更新成功：Top Barry - 发迹 (ID: 2099778087) - 标准、无损音质
[2026-02-24 17:14:52] 更新成功：蛋堡 - I Want You (ID: 76834) - 标准、无损音质
[2026-02-24 17:14:54] 更新成功：庾澄庆 - 春泥 (ID: 573968836) - 标准、无损音质
[2026-02-24 17:14:56] 更新成功：Vansdaddy - 身无居所 (ID: 3319817890) - 标准、无损音质
[2026-02-24 17:14:59] 更新成功：建坤YOUNG - 声音 (ID: 2031085185) - 标准、无损音质
[2026-02-24 17:15:01] 更新成功：岑宁儿 - 追光者 (ID: 483671599) - 标准、无损音质
[2026-02-24 17:15:02] 更新完成：成功更新 24 首歌曲
[2026-02-24 17:29:07] 开始更新音乐URL...
[2026-02-24 17:29:07] 备份创建成功：backups/music_data_2026-02-24_17-29-07.json
[2026-02-24 17:29:09] 更新成功：徐佳莹 - 一样的月光 (ID: 306665) - 标准、无损音质
[2026-02-24 17:29:12] 更新成功：Maroon 5 - Payphone (ID: 1952737857) - 标准、无损音质
[2026-02-24 17:29:14] 更新成功：G.E.M.邓紫棋 - 来自天堂的魔鬼 (ID: 36270426) - 标准、无损音质
[2026-02-24 17:29:16] 更新成功：郭静 - 下一个天亮 (ID: 233882) - 标准、无损音质
[2026-02-24 17:29:18] 更新成功：李荣浩 - 不将就 (ID: 31654343) - 标准、无损音质
[2026-02-24 17:29:21] 更新成功：雨爱 (ID: 316100) - 标准、无损音质
[2026-02-24 17:29:24] 更新成功：林宜融 - 同手同脚 (ID: 350482) - 标准、无损音质
[2026-02-24 17:29:26] 更新成功：孙燕姿 - 开始懂了 (ID: 287719) - 标准、无损音质
[2026-02-24 17:29:29] 更新成功：Beyond - 真的爱你 (ID: 346075) - 标准、无损音质
[2026-02-24 17:29:31] 更新成功：KUN - Colder (ID: 3351234875) - 标准、无损音质
[2026-02-24 17:29:33] 更新成功：陶喆 - 流沙 (ID: 150667) - 标准、无损音质
[2026-02-24 17:29:35] 更新成功：李毓芬 - 是我不够好 (ID: 410519050) - 标准、无损音质
[2026-02-24 17:29:38] 更新成功：陈奕迅 - 最佳损友 (ID: 65800) - 标准、无损音质
[2026-02-24 17:29:40] 更新成功：AGA - Wonderful U (Demo Version) (ID: 406475394) - 标准、无损音质
[2026-02-24 17:29:42] 更新成功：陈一豪Clear - 彩铃 (ID: 3339130832) - 标准、无损音质
[2026-02-24 17:29:44] 更新成功：Justin Bieber - Intentions (ID: 1421443440) - 标准、无损音质
[2026-02-24 17:29:46] 更新成功：林俊杰 - 我还想她 (ID: 108493) - 标准、无损音质
[2026-02-24 17:29:49] 更新成功：陈粒 - 走马 (ID: 2749430417) - 标准、无损音质
[2026-02-24 17:29:51] 更新成功：Top Barry - 发迹 (ID: 2099778087) - 标准、无损音质
[2026-02-24 17:29:53] 更新成功：蛋堡 - I Want You (ID: 76834) - 标准、无损音质
[2026-02-24 17:29:55] 更新成功：庾澄庆 - 春泥 (ID: 573968836) - 标准、无损音质
[2026-02-24 17:29:59] 更新成功：Vansdaddy - 身无居所 (ID: 3319817890) - 标准、无损音质
[2026-02-24 17:30:02] 更新成功：建坤YOUNG - 声音 (ID: 2031085185) - 标准、无损音质
[2026-02-24 17:30:04] 更新成功：岑宁儿 - 追光者 (ID: 483671599) - 标准、无损音质
[2026-02-24 17:30:05] 更新完成：成功更新 24 首歌曲
[2026-02-24 17:44:07] 开始更新音乐URL...
[2026-02-24 17:44:07] 备份创建成功：backups/music_data_2026-02-24_17-44-07.json
[2026-02-24 17:44:08] 更新成功：徐佳莹 - 一样的月光 (ID: 306665) - 标准、无损音质
[2026-02-24 17:44:11] 更新成功：Maroon 5 - Payphone (ID: 1952737857) - 标准、无损音质
[2026-02-24 17:44:13] 更新成功：G.E.M.邓紫棋 - 来自天堂的魔鬼 (ID: 36270426) - 标准、无损音质
[2026-02-24 17:44:15] 更新成功：郭静 - 下一个天亮 (ID: 233882) - 标准、无损音质
[2026-02-24 17:44:17] 更新成功：李荣浩 - 不将就 (ID: 31654343) - 标准、无损音质
[2026-02-24 17:44:20] 更新成功：雨爱 (ID: 316100) - 标准、无损音质
[2026-02-24 17:44:22] 更新成功：林宜融 - 同手同脚 (ID: 350482) - 标准、无损音质
[2026-02-24 17:44:24] 更新成功：孙燕姿 - 开始懂了 (ID: 287719) - 标准、无损音质
[2026-02-24 17:44:26] 更新成功：Beyond - 真的爱你 (ID: 346075) - 标准、无损音质
[2026-02-24 17:44:28] 更新成功：KUN - Colder (ID: 3351234875) - 标准、无损音质
[2026-02-24 17:44:31] 更新成功：陶喆 - 流沙 (ID: 150667) - 标准、无损音质
[2026-02-24 17:44:33] 更新成功：李毓芬 - 是我不够好 (ID: 410519050) - 标准、无损音质
[2026-02-24 17:44:35] 更新成功：陈奕迅 - 最佳损友 (ID: 65800) - 标准、无损音质
[2026-02-24 17:44:37] 更新成功：AGA - Wonderful U (Demo Version) (ID: 406475394) - 标准、无损音质
[2026-02-24 17:44:39] 更新成功：陈一豪Clear - 彩铃 (ID: 3339130832) - 标准、无损音质
[2026-02-24 17:44:42] 更新成功：Justin Bieber - Intentions (ID: 1421443440) - 标准、无损音质
[2026-02-24 17:44:44] 更新成功：林俊杰 - 我还想她 (ID: 108493) - 标准、无损音质
[2026-02-24 17:44:46] 更新成功：陈粒 - 走马 (ID: 2749430417) - 标准、无损音质
[2026-02-24 17:44:48] 更新成功：Top Barry - 发迹 (ID: 2099778087) - 标准、无损音质
[2026-02-24 17:44:50] 更新成功：蛋堡 - I Want You (ID: 76834) - 标准、无损音质
[2026-02-24 17:44:53] 更新成功：庾澄庆 - 春泥 (ID: 573968836) - 标准、无损音质
[2026-02-24 17:44:55] 更新成功：Vansdaddy - 身无居所 (ID: 3319817890) - 标准、无损音质
[2026-02-24 17:44:57] 更新成功：建坤YOUNG - 声音 (ID: 2031085185) - 标准、无损音质
[2026-02-24 17:44:59] 更新成功：岑宁儿 - 追光者 (ID: 483671599) - 标准、无损音质
[2026-02-24 17:45:00] 更新完成：成功更新 24 首歌曲
[2026-02-24 17:59:07] 开始更新音乐URL...
[2026-02-24 17:59:07] 备份创建成功：backups/music_data_2026-02-24_17-59-07.json
[2026-02-24 17:59:08] 更新成功：徐佳莹 - 一样的月光 (ID: 306665) - 标准、无损音质
[2026-02-24 17:59:11] 更新成功：Maroon 5 - Payphone (ID: 1952737857) - 标准、无损音质
[2026-02-24 17:59:13] 更新成功：G.E.M.邓紫棋 - 来自天堂的魔鬼 (ID: 36270426) - 标准、无损音质
[2026-02-24 17:59:15] 更新成功：郭静 - 下一个天亮 (ID: 233882) - 标准、无损音质
[2026-02-24 17:59:17] 更新成功：李荣浩 - 不将就 (ID: 31654343) - 标准、无损音质
[2026-02-24 17:59:20] 更新成功：雨爱 (ID: 316100) - 标准、无损音质
[2026-02-24 17:59:22] 更新成功：林宜融 - 同手同脚 (ID: 350482) - 标准、无损音质
[2026-02-24 17:59:24] 更新成功：孙燕姿 - 开始懂了 (ID: 287719) - 标准、无损音质
[2026-02-24 17:59:26] 更新成功：Beyond - 真的爱你 (ID: 346075) - 标准、无损音质
[2026-02-24 17:59:29] 更新成功：KUN - Colder (ID: 3351234875) - 标准、无损音质
[2026-02-24 17:59:31] 更新成功：陶喆 - 流沙 (ID: 150667) - 标准、无损音质
[2026-02-24 17:59:33] 更新成功：李毓芬 - 是我不够好 (ID: 410519050) - 标准、无损音质
[2026-02-24 17:59:36] 更新成功：陈奕迅 - 最佳损友 (ID: 65800) - 标准、无损音质
[2026-02-24 17:59:39] 更新成功：AGA - Wonderful U (Demo Version) (ID: 406475394) - 标准、无损音质
[2026-02-24 17:59:41] 更新成功：陈一豪Clear - 彩铃 (ID: 3339130832) - 标准、无损音质
[2026-02-24 17:59:44] 更新成功：Justin Bieber - Intentions (ID: 1421443440) - 标准、无损音质
[2026-02-24 17:59:47] 更新成功：林俊杰 - 我还想她 (ID: 108493) - 标准、无损音质
[2026-02-24 17:59:49] 更新成功：陈粒 - 走马 (ID: 2749430417) - 标准、无损音质
[2026-02-24 17:59:52] 更新成功：Top Barry - 发迹 (ID: 2099778087) - 标准、无损音质
[2026-02-24 17:59:58] 更新成功：蛋堡 - I Want You (ID: 76834) - 标准、无损音质
[2026-02-24 18:00:01] 更新成功：庾澄庆 - 春泥 (ID: 573968836) - 标准、无损音质
[2026-02-24 18:00:03] 更新成功：Vansdaddy - 身无居所 (ID: 3319817890) - 标准、无损音质
[2026-02-24 18:00:05] 更新成功：建坤YOUNG - 声音 (ID: 2031085185) - 标准、无损音质
[2026-02-24 18:00:07] 更新成功：岑宁儿 - 追光者 (ID: 483671599) - 标准、无损音质
[2026-02-24 18:00:08] 更新完成：成功更新 24 首歌曲
[2026-02-24 18:14:07] 开始更新音乐URL...
[2026-02-24 18:14:07] 备份创建成功：backups/music_data_2026-02-24_18-14-07.json
[2026-02-24 18:14:12] 更新成功：徐佳莹 - 一样的月光 (ID: 306665) - 标准、无损音质
[2026-02-24 18:14:14] 更新成功：Maroon 5 - Payphone (ID: 1952737857) - 标准、无损音质
[2026-02-24 18:14:17] 更新成功：G.E.M.邓紫棋 - 来自天堂的魔鬼 (ID: 36270426) - 标准、无损音质
[2026-02-24 18:14:19] 更新成功：郭静 - 下一个天亮 (ID: 233882) - 标准、无损音质
[2026-02-24 18:14:21] 更新成功：李荣浩 - 不将就 (ID: 31654343) - 标准、无损音质
[2026-02-24 18:14:24] 更新成功：雨爱 (ID: 316100) - 标准、无损音质
[2026-02-24 18:14:26] 更新成功：林宜融 - 同手同脚 (ID: 350482) - 标准、无损音质
[2026-02-24 18:14:28] 更新成功：孙燕姿 - 开始懂了 (ID: 287719) - 标准、无损音质
[2026-02-24 18:14:30] 更新成功：Beyond - 真的爱你 (ID: 346075) - 标准、无损音质
[2026-02-24 18:14:32] 更新成功：KUN - Colder (ID: 3351234875) - 标准、无损音质
[2026-02-24 18:14:34] 更新成功：陶喆 - 流沙 (ID: 150667) - 标准、无损音质
[2026-02-24 18:14:36] 更新成功：李毓芬 - 是我不够好 (ID: 410519050) - 标准、无损音质
[2026-02-24 18:14:39] 更新成功：陈奕迅 - 最佳损友 (ID: 65800) - 标准、无损音质
[2026-02-24 18:14:41] 更新成功：AGA - Wonderful U (Demo Version) (ID: 406475394) - 标准、无损音质
[2026-02-24 18:14:43] 更新成功：陈一豪Clear - 彩铃 (ID: 3339130832) - 标准、无损音质
[2026-02-24 18:14:46] 更新成功：Justin Bieber - Intentions (ID: 1421443440) - 标准、无损音质
[2026-02-24 18:14:48] 更新成功：林俊杰 - 我还想她 (ID: 108493) - 标准、无损音质
[2026-02-24 18:14:50] 更新成功：陈粒 - 走马 (ID: 2749430417) - 标准、无损音质
[2026-02-24 18:14:52] 更新成功：Top Barry - 发迹 (ID: 2099778087) - 标准、无损音质
[2026-02-24 18:14:54] 更新成功：蛋堡 - I Want You (ID: 76834) - 标准、无损音质
[2026-02-24 18:14:56] 更新成功：庾澄庆 - 春泥 (ID: 573968836) - 标准、无损音质
[2026-02-24 18:14:58] 更新成功：Vansdaddy - 身无居所 (ID: 3319817890) - 标准、无损音质
[2026-02-24 18:15:00] 更新成功：建坤YOUNG - 声音 (ID: 2031085185) - 标准、无损音质
[2026-02-24 18:15:03] 更新成功：岑宁儿 - 追光者 (ID: 483671599) - 标准、无损音质
[2026-02-24 18:15:03] 更新完成：成功更新 24 首歌曲
[2026-02-24 18:29:07] 开始更新音乐URL...
[2026-02-24 18:29:07] 备份创建成功：backups/music_data_2026-02-24_18-29-07.json
[2026-02-24 18:29:10] 更新成功：徐佳莹 - 一样的月光 (ID: 306665) - 标准、无损音质
[2026-02-24 18:29:12] 更新成功：Maroon 5 - Payphone (ID: 1952737857) - 标准、无损音质
[2026-02-24 18:29:14] 更新成功：G.E.M.邓紫棋 - 来自天堂的魔鬼 (ID: 36270426) - 标准、无损音质
[2026-02-24 18:29:17] 更新成功：郭静 - 下一个天亮 (ID: 233882) - 标准、无损音质
[2026-02-24 18:29:19] 更新成功：李荣浩 - 不将就 (ID: 31654343) - 标准、无损音质
[2026-02-24 18:29:21] 更新成功：雨爱 (ID: 316100) - 标准、无损音质
[2026-02-24 18:29:23] 更新成功：林宜融 - 同手同脚 (ID: 350482) - 标准、无损音质
[2026-02-24 18:29:25] 更新成功：孙燕姿 - 开始懂了 (ID: 287719) - 标准、无损音质
[2026-02-24 18:29:27] 更新成功：Beyond - 真的爱你 (ID: 346075) - 标准、无损音质
[2026-02-24 18:29:29] 更新成功：KUN - Colder (ID: 3351234875) - 标准、无损音质
[2026-02-24 18:29:31] 更新成功：陶喆 - 流沙 (ID: 150667) - 标准、无损音质
[2026-02-24 18:29:34] 更新成功：李毓芬 - 是我不够好 (ID: 410519050) - 标准、无损音质
[2026-02-24 18:29:36] 更新成功：陈奕迅 - 最佳损友 (ID: 65800) - 标准、无损音质
[2026-02-24 18:29:38] 更新成功：AGA - Wonderful U (Demo Version) (ID: 406475394) - 标准、无损音质
[2026-02-24 18:29:40] 更新成功：陈一豪Clear - 彩铃 (ID: 3339130832) - 标准、无损音质
[2026-02-24 18:29:42] 更新成功：Justin Bieber - Intentions (ID: 1421443440) - 标准、无损音质
[2026-02-24 18:29:44] 更新成功：林俊杰 - 我还想她 (ID: 108493) - 标准、无损音质
[2026-02-24 18:29:46] 更新成功：陈粒 - 走马 (ID: 2749430417) - 标准、无损音质
[2026-02-24 18:29:49] 更新成功：Top Barry - 发迹 (ID: 2099778087) - 标准、无损音质
[2026-02-24 18:29:52] 更新成功：蛋堡 - I Want You (ID: 76834) - 标准、无损音质
[2026-02-24 18:29:54] 更新成功：庾澄庆 - 春泥 (ID: 573968836) - 标准、无损音质
[2026-02-24 18:29:56] 更新成功：Vansdaddy - 身无居所 (ID: 3319817890) - 标准、无损音质
[2026-02-24 18:29:58] 更新成功：建坤YOUNG - 声音 (ID: 2031085185) - 标准、无损音质
[2026-02-24 18:30:00] 更新成功：岑宁儿 - 追光者 (ID: 483671599) - 标准、无损音质
[2026-02-24 18:30:01] 更新完成：成功更新 24 首歌曲
[2026-02-24 18:44:08] 开始更新音乐URL...
[2026-02-24 18:44:08] 备份创建成功：backups/music_data_2026-02-24_18-44-08.json
[2026-02-24 18:44:11] 更新成功：徐佳莹 - 一样的月光 (ID: 306665) - 标准、无损音质
[2026-02-24 18:44:13] 更新成功：Maroon 5 - Payphone (ID: 1952737857) - 标准、无损音质
[2026-02-24 18:44:15] 更新成功：G.E.M.邓紫棋 - 来自天堂的魔鬼 (ID: 36270426) - 标准、无损音质
[2026-02-24 18:44:17] 更新成功：郭静 - 下一个天亮 (ID: 233882) - 标准、无损音质
[2026-02-24 18:44:19] 更新成功：李荣浩 - 不将就 (ID: 31654343) - 标准、无损音质
[2026-02-24 18:44:21] 更新成功：雨爱 (ID: 316100) - 标准、无损音质
[2026-02-24 18:44:23] 更新成功：林宜融 - 同手同脚 (ID: 350482) - 标准、无损音质
[2026-02-24 18:44:25] 更新成功：孙燕姿 - 开始懂了 (ID: 287719) - 标准、无损音质
[2026-02-24 18:44:27] 更新成功：Beyond - 真的爱你 (ID: 346075) - 标准、无损音质
[2026-02-24 18:44:30] 更新成功：KUN - Colder (ID: 3351234875) - 标准、无损音质
[2026-02-24 18:44:32] 更新成功：陶喆 - 流沙 (ID: 150667) - 标准、无损音质
[2026-02-24 18:44:34] 更新成功：李毓芬 - 是我不够好 (ID: 410519050) - 标准、无损音质
[2026-02-24 18:44:36] 更新成功：陈奕迅 - 最佳损友 (ID: 65800) - 标准、无损音质
[2026-02-24 18:44:38] 更新成功：AGA - Wonderful U (Demo Version) (ID: 406475394) - 标准、无损音质
[2026-02-24 18:44:40] 更新成功：陈一豪Clear - 彩铃 (ID: 3339130832) - 标准、无损音质
[2026-02-24 18:44:42] 更新成功：Justin Bieber - Intentions (ID: 1421443440) - 标准、无损音质
[2026-02-24 18:44:44] 更新成功：林俊杰 - 我还想她 (ID: 108493) - 标准、无损音质
[2026-02-24 18:44:47] 更新成功：陈粒 - 走马 (ID: 2749430417) - 标准、无损音质
[2026-02-24 18:44:49] 更新成功：Top Barry - 发迹 (ID: 2099778087) - 标准、无损音质
[2026-02-24 18:44:51] 更新成功：蛋堡 - I Want You (ID: 76834) - 标准、无损音质
[2026-02-24 18:44:53] 更新成功：庾澄庆 - 春泥 (ID: 573968836) - 标准、无损音质
[2026-02-24 18:44:55] 更新成功：Vansdaddy - 身无居所 (ID: 3319817890) - 标准、无损音质
[2026-02-24 18:44:57] 更新成功：建坤YOUNG - 声音 (ID: 2031085185) - 标准、无损音质
[2026-02-24 18:44:59] 更新成功：岑宁儿 - 追光者 (ID: 483671599) - 标准、无损音质
[2026-02-24 18:45:00] 更新完成：成功更新 24 首歌曲
[2026-02-24 18:59:07] 开始更新音乐URL...
[2026-02-24 18:59:07] 备份创建成功：backups/music_data_2026-02-24_18-59-07.json
[2026-02-24 18:59:12] 更新成功：徐佳莹 - 一样的月光 (ID: 306665) - 标准、无损音质
[2026-02-24 18:59:14] 更新成功：Maroon 5 - Payphone (ID: 1952737857) - 标准、无损音质
[2026-02-24 18:59:18] 更新成功：G.E.M.邓紫棋 - 来自天堂的魔鬼 (ID: 36270426) - 标准、无损音质
[2026-02-24 18:59:23] 更新成功：郭静 - 下一个天亮 (ID: 233882) - 标准、无损音质
[2026-02-24 18:59:25] 更新成功：李荣浩 - 不将就 (ID: 31654343) - 标准、无损音质
[2026-02-24 18:59:27] 更新成功：雨爱 (ID: 316100) - 标准、无损音质
[2026-02-24 18:59:32] 更新成功：林宜融 - 同手同脚 (ID: 350482) - 标准、无损音质
[2026-02-24 18:59:35] 更新成功：孙燕姿 - 开始懂了 (ID: 287719) - 标准、无损音质
[2026-02-24 18:59:37] 更新成功：Beyond - 真的爱你 (ID: 346075) - 标准、无损音质
[2026-02-24 18:59:40] 更新成功：KUN - Colder (ID: 3351234875) - 标准、无损音质
[2026-02-24 18:59:44] 更新成功：陶喆 - 流沙 (ID: 150667) - 标准、无损音质
[2026-02-24 18:59:48] 更新成功：李毓芬 - 是我不够好 (ID: 410519050) - 标准、无损音质
[2026-02-24 18:59:52] 更新成功：陈奕迅 - 最佳损友 (ID: 65800) - 标准、无损音质
[2026-02-24 18:59:56] 更新成功：AGA - Wonderful U (Demo Version) (ID: 406475394) - 标准、无损音质
[2026-02-24 18:59:58] 更新成功：陈一豪Clear - 彩铃 (ID: 3339130832) - 标准、无损音质
[2026-02-24 19:00:03] 更新成功：Justin Bieber - Intentions (ID: 1421443440) - 标准、无损音质
[2026-02-24 19:00:06] 更新成功：林俊杰 - 我还想她 (ID: 108493) - 标准、无损音质
[2026-02-24 19:00:10] 更新成功：陈粒 - 走马 (ID: 2749430417) - 标准、无损音质
[2026-02-24 19:00:15] 更新成功：Top Barry - 发迹 (ID: 2099778087) - 标准、无损音质
[2026-02-24 19:00:20] 更新成功：蛋堡 - I Want You (ID: 76834) - 标准、无损音质
[2026-02-24 19:00:23] 更新成功：庾澄庆 - 春泥 (ID: 573968836) - 标准、无损音质
[2026-02-24 19:00:27] 更新成功：Vansdaddy - 身无居所 (ID: 3319817890) - 标准、无损音质
[2026-02-24 19:00:31] 更新成功：建坤YOUNG - 声音 (ID: 2031085185) - 标准、无损音质
[2026-02-24 19:00:35] 更新成功：岑宁儿 - 追光者 (ID: 483671599) - 标准、无损音质
[2026-02-24 19:00:36] 更新完成：成功更新 24 首歌曲
[2026-02-24 19:14:07] 开始更新音乐URL...
[2026-02-24 19:14:07] 备份创建成功：backups/music_data_2026-02-24_19-14-07.json
[2026-02-24 19:14:09] 更新成功：徐佳莹 - 一样的月光 (ID: 306665) - 标准、无损音质
[2026-02-24 19:14:12] 更新成功：Maroon 5 - Payphone (ID: 1952737857) - 标准、无损音质
[2026-02-24 19:14:14] 更新成功：G.E.M.邓紫棋 - 来自天堂的魔鬼 (ID: 36270426) - 标准、无损音质
[2026-02-24 19:14:16] 更新成功：郭静 - 下一个天亮 (ID: 233882) - 标准、无损音质
[2026-02-24 19:14:18] 更新成功：李荣浩 - 不将就 (ID: 31654343) - 标准、无损音质
[2026-02-24 19:14:21] 更新成功：雨爱 (ID: 316100) - 标准、无损音质
[2026-02-24 19:14:23] 更新成功：林宜融 - 同手同脚 (ID: 350482) - 标准、无损音质
[2026-02-24 19:14:25] 更新成功：孙燕姿 - 开始懂了 (ID: 287719) - 标准、无损音质
[2026-02-24 19:14:27] 更新成功：Beyond - 真的爱你 (ID: 346075) - 标准、无损音质
[2026-02-24 19:14:29] 更新成功：KUN - Colder (ID: 3351234875) - 标准、无损音质
[2026-02-24 19:14:31] 更新成功：陶喆 - 流沙 (ID: 150667) - 标准、无损音质
[2026-02-24 19:14:33] 更新成功：李毓芬 - 是我不够好 (ID: 410519050) - 标准、无损音质
[2026-02-24 19:14:35] 更新成功：陈奕迅 - 最佳损友 (ID: 65800) - 标准、无损音质
[2026-02-24 19:14:38] 更新成功：AGA - Wonderful U (Demo Version) (ID: 406475394) - 标准、无损音质
[2026-02-24 19:14:40] 更新成功：陈一豪Clear - 彩铃 (ID: 3339130832) - 标准、无损音质
[2026-02-24 19:14:42] 更新成功：Justin Bieber - Intentions (ID: 1421443440) - 标准、无损音质
[2026-02-24 19:14:44] 更新成功：林俊杰 - 我还想她 (ID: 108493) - 标准、无损音质
[2026-02-24 19:14:46] 更新成功：陈粒 - 走马 (ID: 2749430417) - 标准、无损音质
[2026-02-24 19:14:48] 更新成功：Top Barry - 发迹 (ID: 2099778087) - 标准、无损音质
[2026-02-24 19:14:50] 更新成功：蛋堡 - I Want You (ID: 76834) - 标准、无损音质
[2026-02-24 19:14:52] 更新成功：庾澄庆 - 春泥 (ID: 573968836) - 标准、无损音质
[2026-02-24 19:14:54] 更新成功：Vansdaddy - 身无居所 (ID: 3319817890) - 标准、无损音质
[2026-02-24 19:14:57] 更新成功：建坤YOUNG - 声音 (ID: 2031085185) - 标准、无损音质
[2026-02-24 19:14:59] 更新成功：岑宁儿 - 追光者 (ID: 483671599) - 标准、无损音质
[2026-02-24 19:14:59] 更新完成：成功更新 24 首歌曲
[2026-02-24 19:29:07] 开始更新音乐URL...
[2026-02-24 19:29:07] 备份创建成功：backups/music_data_2026-02-24_19-29-07.json
[2026-02-24 19:29:09] 更新成功：徐佳莹 - 一样的月光 (ID: 306665) - 标准、无损音质
[2026-02-24 19:29:12] 更新成功：Maroon 5 - Payphone (ID: 1952737857) - 标准、无损音质
[2026-02-24 19:29:16] 更新成功：G.E.M.邓紫棋 - 来自天堂的魔鬼 (ID: 36270426) - 标准、无损音质
[2026-02-24 19:29:18] 更新成功：郭静 - 下一个天亮 (ID: 233882) - 标准、无损音质
[2026-02-24 19:29:20] 更新成功：李荣浩 - 不将就 (ID: 31654343) - 标准、无损音质
[2026-02-24 19:29:22] 更新成功：雨爱 (ID: 316100) - 标准、无损音质
[2026-02-24 19:29:24] 更新成功：林宜融 - 同手同脚 (ID: 350482) - 标准、无损音质
[2026-02-24 19:29:26] 更新成功：孙燕姿 - 开始懂了 (ID: 287719) - 标准、无损音质
[2026-02-24 19:29:28] 更新成功：Beyond - 真的爱你 (ID: 346075) - 标准、无损音质
[2026-02-24 19:29:31] 更新成功：KUN - Colder (ID: 3351234875) - 标准、无损音质
[2026-02-24 19:29:33] 更新成功：陶喆 - 流沙 (ID: 150667) - 标准、无损音质
[2026-02-24 19:29:35] 更新成功：李毓芬 - 是我不够好 (ID: 410519050) - 标准、无损音质
[2026-02-24 19:29:37] 更新成功：陈奕迅 - 最佳损友 (ID: 65800) - 标准、无损音质
[2026-02-24 19:29:39] 更新成功：AGA - Wonderful U (Demo Version) (ID: 406475394) - 标准、无损音质
[2026-02-24 19:29:41] 更新成功：陈一豪Clear - 彩铃 (ID: 3339130832) - 标准、无损音质
[2026-02-24 19:29:43] 更新成功：Justin Bieber - Intentions (ID: 1421443440) - 标准、无损音质
[2026-02-24 19:29:45] 更新成功：林俊杰 - 我还想她 (ID: 108493) - 标准、无损音质
[2026-02-24 19:29:47] 更新成功：陈粒 - 走马 (ID: 2749430417) - 标准、无损音质
[2026-02-24 19:29:49] 更新成功：Top Barry - 发迹 (ID: 2099778087) - 标准、无损音质
[2026-02-24 19:29:51] 更新成功：蛋堡 - I Want You (ID: 76834) - 标准、无损音质
[2026-02-24 19:29:54] 更新成功：庾澄庆 - 春泥 (ID: 573968836) - 标准、无损音质
[2026-02-24 19:29:56] 更新成功：Vansdaddy - 身无居所 (ID: 3319817890) - 标准、无损音质
[2026-02-24 19:29:58] 更新成功：建坤YOUNG - 声音 (ID: 2031085185) - 标准、无损音质
[2026-02-24 19:30:00] 更新成功：岑宁儿 - 追光者 (ID: 483671599) - 标准、无损音质
[2026-02-24 19:30:00] 更新完成：成功更新 24 首歌曲
[2026-02-24 19:44:07] 开始更新音乐URL...
[2026-02-24 19:44:07] 备份创建成功：backups/music_data_2026-02-24_19-44-07.json
[2026-02-24 19:44:09] 更新成功：徐佳莹 - 一样的月光 (ID: 306665) - 标准、无损音质
[2026-02-24 19:44:11] 更新成功：Maroon 5 - Payphone (ID: 1952737857) - 标准、无损音质
[2026-02-24 19:44:13] 更新成功：G.E.M.邓紫棋 - 来自天堂的魔鬼 (ID: 36270426) - 标准、无损音质
[2026-02-24 19:44:16] 更新成功：郭静 - 下一个天亮 (ID: 233882) - 标准、无损音质
[2026-02-24 19:44:18] 更新成功：李荣浩 - 不将就 (ID: 31654343) - 标准、无损音质
[2026-02-24 19:44:20] 更新成功：雨爱 (ID: 316100) - 标准、无损音质
[2026-02-24 19:44:22] 更新成功：林宜融 - 同手同脚 (ID: 350482) - 标准、无损音质
[2026-02-24 19:44:24] 更新成功：孙燕姿 - 开始懂了 (ID: 287719) - 标准、无损音质
[2026-02-24 19:44:26] 更新成功：Beyond - 真的爱你 (ID: 346075) - 标准、无损音质
[2026-02-24 19:44:28] 更新成功：KUN - Colder (ID: 3351234875) - 标准、无损音质
[2026-02-24 19:44:30] 更新成功：陶喆 - 流沙 (ID: 150667) - 标准、无损音质
[2026-02-24 19:44:32] 更新成功：李毓芬 - 是我不够好 (ID: 410519050) - 标准、无损音质
[2026-02-24 19:44:34] 更新成功：陈奕迅 - 最佳损友 (ID: 65800) - 标准、无损音质
[2026-02-24 19:44:37] 更新成功：AGA - Wonderful U (Demo Version) (ID: 406475394) - 标准、无损音质
[2026-02-24 19:44:39] 更新成功：陈一豪Clear - 彩铃 (ID: 3339130832) - 标准、无损音质
[2026-02-24 19:44:41] 更新成功：Justin Bieber - Intentions (ID: 1421443440) - 标准、无损音质
[2026-02-24 19:44:44] 更新成功：林俊杰 - 我还想她 (ID: 108493) - 标准、无损音质
[2026-02-24 19:44:47] 更新成功：陈粒 - 走马 (ID: 2749430417) - 标准、无损音质
[2026-02-24 19:44:49] 更新成功：Top Barry - 发迹 (ID: 2099778087) - 标准、无损音质
[2026-02-24 19:44:51] 更新成功：蛋堡 - I Want You (ID: 76834) - 标准、无损音质
[2026-02-24 19:44:53] 更新成功：庾澄庆 - 春泥 (ID: 573968836) - 标准、无损音质
[2026-02-24 19:44:55] 更新成功：Vansdaddy - 身无居所 (ID: 3319817890) - 标准、无损音质
[2026-02-24 19:44:58] 更新成功：建坤YOUNG - 声音 (ID: 2031085185) - 标准、无损音质
[2026-02-24 19:45:00] 更新成功：岑宁儿 - 追光者 (ID: 483671599) - 标准、无损音质
[2026-02-24 19:45:00] 更新完成：成功更新 24 首歌曲
[2026-02-24 19:59:07] 开始更新音乐URL...
[2026-02-24 19:59:07] 备份创建成功：backups/music_data_2026-02-24_19-59-07.json
[2026-02-24 19:59:10] 更新成功：徐佳莹 - 一样的月光 (ID: 306665) - 标准、无损音质
[2026-02-24 19:59:12] 更新成功：Maroon 5 - Payphone (ID: 1952737857) - 标准、无损音质
[2026-02-24 19:59:15] 更新成功：G.E.M.邓紫棋 - 来自天堂的魔鬼 (ID: 36270426) - 标准、无损音质
[2026-02-24 19:59:17] 更新成功：郭静 - 下一个天亮 (ID: 233882) - 标准、无损音质
[2026-02-24 19:59:19] 更新成功：李荣浩 - 不将就 (ID: 31654343) - 标准、无损音质
[2026-02-24 19:59:21] 更新成功：雨爱 (ID: 316100) - 标准、无损音质
[2026-02-24 19:59:23] 更新成功：林宜融 - 同手同脚 (ID: 350482) - 标准、无损音质
[2026-02-24 19:59:26] 更新成功：孙燕姿 - 开始懂了 (ID: 287719) - 标准、无损音质
[2026-02-24 19:59:28] 更新成功：Beyond - 真的爱你 (ID: 346075) - 标准、无损音质
[2026-02-24 19:59:30] 更新成功：KUN - Colder (ID: 3351234875) - 标准、无损音质
[2026-02-24 19:59:32] 更新成功：陶喆 - 流沙 (ID: 150667) - 标准、无损音质
[2026-02-24 19:59:34] 更新成功：李毓芬 - 是我不够好 (ID: 410519050) - 标准、无损音质
[2026-02-24 19:59:36] 更新成功：陈奕迅 - 最佳损友 (ID: 65800) - 标准、无损音质
[2026-02-24 19:59:39] 更新成功：AGA - Wonderful U (Demo Version) (ID: 406475394) - 标准、无损音质
[2026-02-24 19:59:41] 更新成功：陈一豪Clear - 彩铃 (ID: 3339130832) - 标准、无损音质
[2026-02-24 19:59:43] 更新成功：Justin Bieber - Intentions (ID: 1421443440) - 标准、无损音质
[2026-02-24 19:59:45] 更新成功：林俊杰 - 我还想她 (ID: 108493) - 标准、无损音质
[2026-02-24 19:59:47] 更新成功：陈粒 - 走马 (ID: 2749430417) - 标准、无损音质
[2026-02-24 19:59:49] 更新成功：Top Barry - 发迹 (ID: 2099778087) - 标准、无损音质
[2026-02-24 19:59:51] 更新成功：蛋堡 - I Want You (ID: 76834) - 标准、无损音质
[2026-02-24 19:59:53] 更新成功：庾澄庆 - 春泥 (ID: 573968836) - 标准、无损音质
[2026-02-24 19:59:56] 更新成功：Vansdaddy - 身无居所 (ID: 3319817890) - 标准、无损音质
[2026-02-24 19:59:58] 更新成功：建坤YOUNG - 声音 (ID: 2031085185) - 标准、无损音质
[2026-02-24 20:00:00] 更新成功：岑宁儿 - 追光者 (ID: 483671599) - 标准、无损音质
[2026-02-24 20:00:01] 更新完成：成功更新 24 首歌曲
[2026-02-24 20:14:07] 开始更新音乐URL...
[2026-02-24 20:14:07] 备份创建成功：backups/music_data_2026-02-24_20-14-07.json
[2026-02-24 20:14:11] 更新成功：徐佳莹 - 一样的月光 (ID: 306665) - 标准、无损音质
[2026-02-24 20:14:13] 更新成功：Maroon 5 - Payphone (ID: 1952737857) - 标准、无损音质
[2026-02-24 20:14:15] 更新成功：G.E.M.邓紫棋 - 来自天堂的魔鬼 (ID: 36270426) - 标准、无损音质
[2026-02-24 20:14:17] 更新成功：郭静 - 下一个天亮 (ID: 233882) - 标准、无损音质
[2026-02-24 20:14:19] 更新成功：李荣浩 - 不将就 (ID: 31654343) - 标准、无损音质
[2026-02-24 20:14:22] 更新成功：雨爱 (ID: 316100) - 标准、无损音质
[2026-02-24 20:14:24] 更新成功：林宜融 - 同手同脚 (ID: 350482) - 标准、无损音质
[2026-02-24 20:14:26] 更新成功：孙燕姿 - 开始懂了 (ID: 287719) - 标准、无损音质
[2026-02-24 20:14:29] 更新成功：Beyond - 真的爱你 (ID: 346075) - 标准、无损音质
[2026-02-24 20:14:31] 更新成功：KUN - Colder (ID: 3351234875) - 标准、无损音质
[2026-02-24 20:14:33] 更新成功：陶喆 - 流沙 (ID: 150667) - 标准、无损音质
[2026-02-24 20:14:35] 更新成功：李毓芬 - 是我不够好 (ID: 410519050) - 标准、无损音质
[2026-02-24 20:14:37] 更新成功：陈奕迅 - 最佳损友 (ID: 65800) - 标准、无损音质
[2026-02-24 20:14:39] 更新成功：AGA - Wonderful U (Demo Version) (ID: 406475394) - 标准、无损音质
[2026-02-24 20:14:41] 更新成功：陈一豪Clear - 彩铃 (ID: 3339130832) - 标准、无损音质
[2026-02-24 20:14:43] 更新成功：Justin Bieber - Intentions (ID: 1421443440) - 标准、无损音质
[2026-02-24 20:14:46] 更新成功：林俊杰 - 我还想她 (ID: 108493) - 标准、无损音质
[2026-02-24 20:14:48] 更新成功：陈粒 - 走马 (ID: 2749430417) - 标准、无损音质
[2026-02-24 20:14:50] 更新成功：Top Barry - 发迹 (ID: 2099778087) - 标准、无损音质
[2026-02-24 20:14:52] 更新成功：蛋堡 - I Want You (ID: 76834) - 标准、无损音质
[2026-02-24 20:14:54] 更新成功：庾澄庆 - 春泥 (ID: 573968836) - 标准、无损音质
[2026-02-24 20:14:56] 更新成功：Vansdaddy - 身无居所 (ID: 3319817890) - 标准、无损音质
[2026-02-24 20:14:58] 更新成功：建坤YOUNG - 声音 (ID: 2031085185) - 标准、无损音质
[2026-02-24 20:15:00] 更新成功：岑宁儿 - 追光者 (ID: 483671599) - 标准、无损音质
[2026-02-24 20:15:01] 更新完成：成功更新 24 首歌曲
[2026-02-24 20:29:07] 开始更新音乐URL...
[2026-02-24 20:29:07] 备份创建成功：backups/music_data_2026-02-24_20-29-07.json
[2026-02-24 20:29:10] 更新成功：徐佳莹 - 一样的月光 (ID: 306665) - 标准、无损音质
[2026-02-24 20:29:12] 更新成功：Maroon 5 - Payphone (ID: 1952737857) - 标准、无损音质
[2026-02-24 20:29:14] 更新成功：G.E.M.邓紫棋 - 来自天堂的魔鬼 (ID: 36270426) - 标准、无损音质
[2026-02-24 20:29:17] 更新成功：郭静 - 下一个天亮 (ID: 233882) - 标准、无损音质
[2026-02-24 20:29:19] 更新成功：李荣浩 - 不将就 (ID: 31654343) - 标准、无损音质
[2026-02-24 20:29:21] 更新成功：雨爱 (ID: 316100) - 标准、无损音质
[2026-02-24 20:29:23] 更新成功：林宜融 - 同手同脚 (ID: 350482) - 标准、无损音质
[2026-02-24 20:29:25] 更新成功：孙燕姿 - 开始懂了 (ID: 287719) - 标准、无损音质
[2026-02-24 20:29:27] 更新成功：Beyond - 真的爱你 (ID: 346075) - 标准、无损音质
[2026-02-24 20:29:29] 更新成功：KUN - Colder (ID: 3351234875) - 标准、无损音质
[2026-02-24 20:29:32] 更新成功：陶喆 - 流沙 (ID: 150667) - 标准、无损音质
[2026-02-24 20:29:34] 更新成功：李毓芬 - 是我不够好 (ID: 410519050) - 标准、无损音质
[2026-02-24 20:29:36] 更新成功：陈奕迅 - 最佳损友 (ID: 65800) - 标准、无损音质
[2026-02-24 20:29:38] 更新成功：AGA - Wonderful U (Demo Version) (ID: 406475394) - 标准、无损音质
[2026-02-24 20:29:40] 更新成功：陈一豪Clear - 彩铃 (ID: 3339130832) - 标准、无损音质
[2026-02-24 20:29:42] 更新成功：Justin Bieber - Intentions (ID: 1421443440) - 标准、无损音质
[2026-02-24 20:29:44] 更新成功：林俊杰 - 我还想她 (ID: 108493) - 标准、无损音质
[2026-02-24 20:29:51] 更新成功：陈粒 - 走马 (ID: 2749430417) - 标准、无损音质
[2026-02-24 20:29:53] 更新成功：Top Barry - 发迹 (ID: 2099778087) - 标准、无损音质
[2026-02-24 20:29:55] 更新成功：蛋堡 - I Want You (ID: 76834) - 标准、无损音质
[2026-02-24 20:29:57] 更新成功：庾澄庆 - 春泥 (ID: 573968836) - 标准、无损音质
[2026-02-24 20:30:00] 更新成功：Vansdaddy - 身无居所 (ID: 3319817890) - 标准、无损音质
[2026-02-24 20:30:02] 更新成功：建坤YOUNG - 声音 (ID: 2031085185) - 标准、无损音质
[2026-02-24 20:30:04] 更新成功：岑宁儿 - 追光者 (ID: 483671599) - 标准、无损音质
[2026-02-24 20:30:05] 更新完成：成功更新 24 首歌曲
[2026-02-24 20:44:07] 开始更新音乐URL...
[2026-02-24 20:44:07] 备份创建成功：backups/music_data_2026-02-24_20-44-07.json
[2026-02-24 20:44:12] 更新成功：徐佳莹 - 一样的月光 (ID: 306665) - 标准、无损音质
[2026-02-24 20:44:19] 更新成功：Maroon 5 - Payphone (ID: 1952737857) - 标准、无损音质
[2026-02-24 20:44:23] 更新成功：G.E.M.邓紫棋 - 来自天堂的魔鬼 (ID: 36270426) - 标准、无损音质
[2026-02-24 20:44:26] 更新成功：郭静 - 下一个天亮 (ID: 233882) - 标准、无损音质
[2026-02-24 20:44:30] 更新成功：李荣浩 - 不将就 (ID: 31654343) - 标准、无损音质
[2026-02-24 20:44:33] 更新成功：雨爱 (ID: 316100) - 标准、无损音质
[2026-02-24 20:44:37] 更新成功：林宜融 - 同手同脚 (ID: 350482) - 标准、无损音质
[2026-02-24 20:44:41] 更新成功：孙燕姿 - 开始懂了 (ID: 287719) - 标准、无损音质
[2026-02-24 20:44:45] 更新成功：Beyond - 真的爱你 (ID: 346075) - 标准、无损音质
[2026-02-24 20:44:50] 更新成功：KUN - Colder (ID: 3351234875) - 标准、无损音质
[2026-02-24 20:44:54] 更新成功：陶喆 - 流沙 (ID: 150667) - 标准、无损音质
[2026-02-24 20:44:58] 更新成功：李毓芬 - 是我不够好 (ID: 410519050) - 标准、无损音质
[2026-02-24 20:45:00] 更新成功：陈奕迅 - 最佳损友 (ID: 65800) - 标准、无损音质
[2026-02-24 20:45:05] 更新成功：AGA - Wonderful U (Demo Version) (ID: 406475394) - 标准、无损音质
[2026-02-24 20:45:09] 更新成功：陈一豪Clear - 彩铃 (ID: 3339130832) - 标准、无损音质
[2026-02-24 20:45:11] 更新成功：Justin Bieber - Intentions (ID: 1421443440) - 标准、无损音质
[2026-02-24 20:45:14] 更新成功：林俊杰 - 我还想她 (ID: 108493) - 标准、无损音质
[2026-02-24 20:45:16] 更新成功：陈粒 - 走马 (ID: 2749430417) - 标准、无损音质
[2026-02-24 20:45:19] 更新成功：Top Barry - 发迹 (ID: 2099778087) - 标准、无损音质
[2026-02-24 20:45:21] 更新成功：蛋堡 - I Want You (ID: 76834) - 标准、无损音质
[2026-02-24 20:45:28] 更新成功：庾澄庆 - 春泥 (ID: 573968836) - 无损音质
[2026-02-24 20:45:30] 更新成功：Vansdaddy - 身无居所 (ID: 3319817890) - 标准、无损音质
[2026-02-24 20:45:32] 更新成功：建坤YOUNG - 声音 (ID: 2031085185) - 标准、无损音质
[2026-02-24 20:45:35] 更新成功：岑宁儿 - 追光者 (ID: 483671599) - 标准、无损音质
[2026-02-24 20:45:35] 更新完成：成功更新 24 首歌曲
[2026-02-24 20:59:07] 开始更新音乐URL...
[2026-02-24 20:59:07] 备份创建成功：backups/music_data_2026-02-24_20-59-07.json
[2026-02-24 20:59:09] 更新成功：徐佳莹 - 一样的月光 (ID: 306665) - 标准、无损音质
[2026-02-24 20:59:11] 更新成功：Maroon 5 - Payphone (ID: 1952737857) - 标准、无损音质
[2026-02-24 20:59:13] 更新成功：G.E.M.邓紫棋 - 来自天堂的魔鬼 (ID: 36270426) - 标准、无损音质
[2026-02-24 20:59:15] 更新成功：郭静 - 下一个天亮 (ID: 233882) - 标准、无损音质
[2026-02-24 20:59:18] 更新成功：李荣浩 - 不将就 (ID: 31654343) - 标准、无损音质
[2026-02-24 20:59:20] 更新成功：雨爱 (ID: 316100) - 标准、无损音质
[2026-02-24 20:59:22] 更新成功：林宜融 - 同手同脚 (ID: 350482) - 标准、无损音质
[2026-02-24 20:59:25] 更新成功：孙燕姿 - 开始懂了 (ID: 287719) - 标准、无损音质
[2026-02-24 20:59:27] 更新成功：Beyond - 真的爱你 (ID: 346075) - 标准、无损音质
[2026-02-24 20:59:29] 更新成功：KUN - Colder (ID: 3351234875) - 标准、无损音质
[2026-02-24 20:59:31] 更新成功：陶喆 - 流沙 (ID: 150667) - 标准、无损音质
[2026-02-24 20:59:34] 更新成功：李毓芬 - 是我不够好 (ID: 410519050) - 标准、无损音质
[2026-02-24 20:59:36] 更新成功：陈奕迅 - 最佳损友 (ID: 65800) - 标准、无损音质
[2026-02-24 20:59:38] 更新成功：AGA - Wonderful U (Demo Version) (ID: 406475394) - 标准、无损音质
[2026-02-24 20:59:41] 更新成功：陈一豪Clear - 彩铃 (ID: 3339130832) - 标准、无损音质
[2026-02-24 20:59:43] 更新成功：Justin Bieber - Intentions (ID: 1421443440) - 标准、无损音质
[2026-02-24 20:59:46] 更新成功：林俊杰 - 我还想她 (ID: 108493) - 标准、无损音质
[2026-02-24 20:59:49] 更新成功：陈粒 - 走马 (ID: 2749430417) - 标准、无损音质
[2026-02-24 20:59:51] 更新成功：Top Barry - 发迹 (ID: 2099778087) - 标准、无损音质
[2026-02-24 20:59:54] 更新成功：蛋堡 - I Want You (ID: 76834) - 标准、无损音质
[2026-02-24 20:59:57] 更新成功：庾澄庆 - 春泥 (ID: 573968836) - 标准、无损音质
[2026-02-24 21:00:00] 更新成功：Vansdaddy - 身无居所 (ID: 3319817890) - 标准、无损音质
[2026-02-24 21:00:03] 更新成功：建坤YOUNG - 声音 (ID: 2031085185) - 标准、无损音质
[2026-02-24 21:00:05] 更新成功：岑宁儿 - 追光者 (ID: 483671599) - 标准、无损音质
[2026-02-24 21:00:06] 更新完成：成功更新 24 首歌曲
[2026-02-24 21:14:07] 开始更新音乐URL...
[2026-02-24 21:14:07] 备份创建成功：backups/music_data_2026-02-24_21-14-07.json
[2026-02-24 21:14:12] 更新成功：徐佳莹 - 一样的月光 (ID: 306665) - 标准、无损音质
[2026-02-24 21:14:17] 更新成功：Maroon 5 - Payphone (ID: 1952737857) - 标准、无损音质
[2026-02-24 21:14:23] 更新成功：G.E.M.邓紫棋 - 来自天堂的魔鬼 (ID: 36270426) - 标准、无损音质
[2026-02-24 21:14:27] 更新成功：郭静 - 下一个天亮 (ID: 233882) - 标准、无损音质
[2026-02-24 21:14:32] 更新成功：李荣浩 - 不将就 (ID: 31654343) - 标准、无损音质
[2026-02-24 21:14:36] 更新成功：雨爱 (ID: 316100) - 标准、无损音质
[2026-02-24 21:14:45] 更新成功：林宜融 - 同手同脚 (ID: 350482) - 标准、无损音质
[2026-02-24 21:14:52] 更新成功：孙燕姿 - 开始懂了 (ID: 287719) - 标准、无损音质
[2026-02-24 21:14:56] 更新成功：Beyond - 真的爱你 (ID: 346075) - 标准、无损音质
[2026-02-24 21:15:04] 更新成功：KUN - Colder (ID: 3351234875) - 标准音质
[2026-02-24 21:15:11] 更新成功：陶喆 - 流沙 (ID: 150667) - 标准、无损音质
[2026-02-24 21:15:17] 更新成功：李毓芬 - 是我不够好 (ID: 410519050) - 标准、无损音质
[2026-02-24 21:15:21] 更新成功：陈奕迅 - 最佳损友 (ID: 65800) - 标准、无损音质
[2026-02-24 21:15:30] 更新成功：AGA - Wonderful U (Demo Version) (ID: 406475394) - 标准音质
[2026-02-24 21:15:37] 更新成功：陈一豪Clear - 彩铃 (ID: 3339130832) - 标准、无损音质
[2026-02-24 21:15:41] 更新成功：Justin Bieber - Intentions (ID: 1421443440) - 标准、无损音质
[2026-02-24 21:15:47] 更新成功：林俊杰 - 我还想她 (ID: 108493) - 标准、无损音质
[2026-02-24 21:15:51] 更新成功：陈粒 - 走马 (ID: 2749430417) - 标准、无损音质
[2026-02-24 21:15:55] 更新成功：Top Barry - 发迹 (ID: 2099778087) - 标准、无损音质
[2026-02-24 21:16:01] 更新成功：蛋堡 - I Want You (ID: 76834) - 标准、无损音质
[2026-02-24 21:16:04] 更新成功：庾澄庆 - 春泥 (ID: 573968836) - 标准、无损音质
[2026-02-24 21:16:09] 更新成功：Vansdaddy - 身无居所 (ID: 3319817890) - 标准、无损音质
[2026-02-24 21:16:13] 更新成功：建坤YOUNG - 声音 (ID: 2031085185) - 标准、无损音质
[2026-02-24 21:16:17] 更新成功：岑宁儿 - 追光者 (ID: 483671599) - 标准、无损音质
[2026-02-24 21:16:18] 更新完成：成功更新 24 首歌曲
[2026-02-24 21:29:07] 开始更新音乐URL...
[2026-02-24 21:29:07] 备份创建成功：backups/music_data_2026-02-24_21-29-07.json
[2026-02-24 21:29:09] 更新成功：徐佳莹 - 一样的月光 (ID: 306665) - 标准、无损音质
[2026-02-24 21:29:16] 更新成功：Maroon 5 - Payphone (ID: 1952737857) - 标准、无损音质
[2026-02-24 21:29:18] 更新成功：G.E.M.邓紫棋 - 来自天堂的魔鬼 (ID: 36270426) - 标准、无损音质
[2026-02-24 21:29:20] 更新成功：郭静 - 下一个天亮 (ID: 233882) - 标准、无损音质
[2026-02-24 21:29:22] 更新成功：李荣浩 - 不将就 (ID: 31654343) - 标准、无损音质
[2026-02-24 21:29:24] 更新成功：雨爱 (ID: 316100) - 标准、无损音质
[2026-02-24 21:29:27] 更新成功：林宜融 - 同手同脚 (ID: 350482) - 标准、无损音质
[2026-02-24 21:29:30] 更新成功：孙燕姿 - 开始懂了 (ID: 287719) - 标准、无损音质
[2026-02-24 21:29:33] 更新成功：Beyond - 真的爱你 (ID: 346075) - 标准、无损音质
[2026-02-24 21:29:35] 更新成功：KUN - Colder (ID: 3351234875) - 标准、无损音质
[2026-02-24 21:29:37] 更新成功：陶喆 - 流沙 (ID: 150667) - 标准、无损音质
[2026-02-24 21:29:39] 更新成功：李毓芬 - 是我不够好 (ID: 410519050) - 标准、无损音质
[2026-02-24 21:29:47] 更新成功：陈奕迅 - 最佳损友 (ID: 65800) - 无损音质
[2026-02-24 21:29:49] 更新成功：AGA - Wonderful U (Demo Version) (ID: 406475394) - 标准、无损音质
[2026-02-24 21:29:51] 更新成功：陈一豪Clear - 彩铃 (ID: 3339130832) - 标准、无损音质
[2026-02-24 21:29:53] 更新成功：Justin Bieber - Intentions (ID: 1421443440) - 标准、无损音质
[2026-02-24 21:29:56] 更新成功：林俊杰 - 我还想她 (ID: 108493) - 标准、无损音质
[2026-02-24 21:29:58] 更新成功：陈粒 - 走马 (ID: 2749430417) - 标准、无损音质
[2026-02-24 21:30:02] 更新成功：Top Barry - 发迹 (ID: 2099778087) - 标准、无损音质
[2026-02-24 21:30:05] 更新成功：蛋堡 - I Want You (ID: 76834) - 标准、无损音质
[2026-02-24 21:30:07] 更新成功：庾澄庆 - 春泥 (ID: 573968836) - 标准、无损音质
[2026-02-24 21:30:09] 更新成功：Vansdaddy - 身无居所 (ID: 3319817890) - 标准、无损音质
[2026-02-24 21:30:12] 更新成功：建坤YOUNG - 声音 (ID: 2031085185) - 标准、无损音质
[2026-02-24 21:30:14] 更新成功：岑宁儿 - 追光者 (ID: 483671599) - 标准、无损音质
[2026-02-24 21:30:14] 更新完成：成功更新 24 首歌曲
[2026-02-24 21:44:07] 开始更新音乐URL...
[2026-02-24 21:44:07] 备份创建成功：backups/music_data_2026-02-24_21-44-07.json
[2026-02-24 21:44:09] 更新成功：徐佳莹 - 一样的月光 (ID: 306665) - 标准、无损音质
[2026-02-24 21:44:11] 更新成功：Maroon 5 - Payphone (ID: 1952737857) - 标准、无损音质
[2026-02-24 21:44:14] 更新成功：G.E.M.邓紫棋 - 来自天堂的魔鬼 (ID: 36270426) - 标准、无损音质
[2026-02-24 21:44:17] 更新成功：郭静 - 下一个天亮 (ID: 233882) - 标准、无损音质
[2026-02-24 21:44:19] 更新成功：李荣浩 - 不将就 (ID: 31654343) - 标准、无损音质
[2026-02-24 21:44:22] 更新成功：雨爱 (ID: 316100) - 标准、无损音质
[2026-02-24 21:44:24] 更新成功：林宜融 - 同手同脚 (ID: 350482) - 标准、无损音质
[2026-02-24 21:44:27] 更新成功：孙燕姿 - 开始懂了 (ID: 287719) - 标准、无损音质
[2026-02-24 21:44:30] 更新成功：Beyond - 真的爱你 (ID: 346075) - 标准、无损音质
[2026-02-24 21:44:33] 更新成功：KUN - Colder (ID: 3351234875) - 标准、无损音质
[2026-02-24 21:44:35] 更新成功：陶喆 - 流沙 (ID: 150667) - 标准、无损音质
[2026-02-24 21:44:38] 更新成功：李毓芬 - 是我不够好 (ID: 410519050) - 标准、无损音质
[2026-02-24 21:44:43] 更新成功：陈奕迅 - 最佳损友 (ID: 65800) - 标准、无损音质
[2026-02-24 21:44:45] 更新成功：AGA - Wonderful U (Demo Version) (ID: 406475394) - 标准、无损音质
[2026-02-24 21:44:48] 更新成功：陈一豪Clear - 彩铃 (ID: 3339130832) - 标准、无损音质
[2026-02-24 21:44:51] 更新成功：Justin Bieber - Intentions (ID: 1421443440) - 标准、无损音质
[2026-02-24 21:44:54] 更新成功：林俊杰 - 我还想她 (ID: 108493) - 标准、无损音质
[2026-02-24 21:44:56] 更新成功：陈粒 - 走马 (ID: 2749430417) - 标准、无损音质
[2026-02-24 21:44:58] 更新成功：Top Barry - 发迹 (ID: 2099778087) - 标准、无损音质
[2026-02-24 21:45:00] 更新成功：蛋堡 - I Want You (ID: 76834) - 标准、无损音质
[2026-02-24 21:45:03] 更新成功：庾澄庆 - 春泥 (ID: 573968836) - 标准、无损音质
[2026-02-24 21:45:06] 更新成功：Vansdaddy - 身无居所 (ID: 3319817890) - 标准、无损音质
[2026-02-24 21:45:09] 更新成功：建坤YOUNG - 声音 (ID: 2031085185) - 标准、无损音质
[2026-02-24 21:45:11] 更新成功：岑宁儿 - 追光者 (ID: 483671599) - 标准、无损音质
[2026-02-24 21:45:12] 更新完成：成功更新 24 首歌曲
[2026-02-24 21:59:07] 开始更新音乐URL...
[2026-02-24 21:59:07] 备份创建成功：backups/music_data_2026-02-24_21-59-07.json
[2026-02-24 21:59:11] 更新成功：徐佳莹 - 一样的月光 (ID: 306665) - 标准、无损音质
[2026-02-24 21:59:16] 更新成功：Maroon 5 - Payphone (ID: 1952737857) - 标准、无损音质
[2026-02-24 21:59:21] 更新成功：G.E.M.邓紫棋 - 来自天堂的魔鬼 (ID: 36270426) - 标准、无损音质
[2026-02-24 21:59:26] 更新成功：郭静 - 下一个天亮 (ID: 233882) - 标准、无损音质
[2026-02-24 21:59:30] 更新成功：李荣浩 - 不将就 (ID: 31654343) - 标准、无损音质
[2026-02-24 21:59:34] 更新成功：雨爱 (ID: 316100) - 标准、无损音质
[2026-02-24 21:59:37] 更新成功：林宜融 - 同手同脚 (ID: 350482) - 标准、无损音质
[2026-02-24 21:59:41] 更新成功：孙燕姿 - 开始懂了 (ID: 287719) - 标准、无损音质
[2026-02-24 21:59:45] 更新成功：Beyond - 真的爱你 (ID: 346075) - 标准、无损音质
[2026-02-24 21:59:48] 更新成功：KUN - Colder (ID: 3351234875) - 标准、无损音质
[2026-02-24 21:59:51] 更新成功：陶喆 - 流沙 (ID: 150667) - 标准、无损音质
[2026-02-24 21:59:58] 更新成功：李毓芬 - 是我不够好 (ID: 410519050) - 标准、无损音质
[2026-02-24 22:00:03] 更新成功：陈奕迅 - 最佳损友 (ID: 65800) - 标准、无损音质
[2026-02-24 22:00:06] 更新成功：AGA - Wonderful U (Demo Version) (ID: 406475394) - 标准、无损音质
[2026-02-24 22:00:09] 更新成功：陈一豪Clear - 彩铃 (ID: 3339130832) - 标准、无损音质
[2026-02-24 22:00:14] 更新成功：Justin Bieber - Intentions (ID: 1421443440) - 标准、无损音质
[2026-02-24 22:00:17] 更新成功：林俊杰 - 我还想她 (ID: 108493) - 标准、无损音质
[2026-02-24 22:00:22] 更新成功：陈粒 - 走马 (ID: 2749430417) - 标准、无损音质
[2026-02-24 22:00:27] 更新成功：Top Barry - 发迹 (ID: 2099778087) - 标准、无损音质
[2026-02-24 22:00:30] 更新成功：蛋堡 - I Want You (ID: 76834) - 标准、无损音质
[2026-02-24 22:00:34] 更新成功：庾澄庆 - 春泥 (ID: 573968836) - 标准、无损音质
[2026-02-24 22:00:40] 更新成功：Vansdaddy - 身无居所 (ID: 3319817890) - 标准、无损音质
[2026-02-24 22:00:43] 更新成功：建坤YOUNG - 声音 (ID: 2031085185) - 标准、无损音质
[2026-02-24 22:00:51] 更新成功：岑宁儿 - 追光者 (ID: 483671599) - 标准音质
[2026-02-24 22:00:51] 更新完成：成功更新 24 首歌曲
[2026-02-24 22:14:07] 开始更新音乐URL...
[2026-02-24 22:14:07] 备份创建成功：backups/music_data_2026-02-24_22-14-07.json
[2026-02-24 22:14:11] 更新成功：徐佳莹 - 一样的月光 (ID: 306665) - 标准、无损音质
[2026-02-24 22:14:14] 更新成功：Maroon 5 - Payphone (ID: 1952737857) - 标准、无损音质
[2026-02-24 22:14:17] 更新成功：G.E.M.邓紫棋 - 来自天堂的魔鬼 (ID: 36270426) - 标准、无损音质
[2026-02-24 22:14:23] 更新成功：郭静 - 下一个天亮 (ID: 233882) - 标准、无损音质
[2026-02-24 22:14:31] 更新成功：李荣浩 - 不将就 (ID: 31654343) - 标准音质
[2026-02-24 22:14:35] 更新成功：雨爱 (ID: 316100) - 标准、无损音质
[2026-02-24 22:14:38] 更新成功：林宜融 - 同手同脚 (ID: 350482) - 标准、无损音质
[2026-02-24 22:14:41] 更新成功：孙燕姿 - 开始懂了 (ID: 287719) - 标准、无损音质
[2026-02-24 22:14:43] 更新成功：Beyond - 真的爱你 (ID: 346075) - 标准、无损音质
[2026-02-24 22:14:46] 更新成功：KUN - Colder (ID: 3351234875) - 标准、无损音质
[2026-02-24 22:14:48] 更新成功：陶喆 - 流沙 (ID: 150667) - 标准、无损音质
[2026-02-24 22:14:51] 更新成功：李毓芬 - 是我不够好 (ID: 410519050) - 标准、无损音质
[2026-02-24 22:14:53] 更新成功：陈奕迅 - 最佳损友 (ID: 65800) - 标准、无损音质
[2026-02-24 22:14:56] 更新成功：AGA - Wonderful U (Demo Version) (ID: 406475394) - 标准、无损音质
[2026-02-24 22:14:58] 更新成功：陈一豪Clear - 彩铃 (ID: 3339130832) - 标准、无损音质
[2026-02-24 22:15:01] 更新成功：Justin Bieber - Intentions (ID: 1421443440) - 标准、无损音质
[2026-02-24 22:15:03] 更新成功：林俊杰 - 我还想她 (ID: 108493) - 标准、无损音质
[2026-02-24 22:15:06] 更新成功：陈粒 - 走马 (ID: 2749430417) - 标准、无损音质
[2026-02-24 22:15:09] 更新成功：Top Barry - 发迹 (ID: 2099778087) - 标准、无损音质
[2026-02-24 22:15:12] 更新成功：蛋堡 - I Want You (ID: 76834) - 标准、无损音质
[2026-02-24 22:15:14] 更新成功：庾澄庆 - 春泥 (ID: 573968836) - 标准、无损音质
[2026-02-24 22:15:17] 更新成功：Vansdaddy - 身无居所 (ID: 3319817890) - 标准、无损音质
[2026-02-24 22:15:19] 更新成功：建坤YOUNG - 声音 (ID: 2031085185) - 标准、无损音质
[2026-02-24 22:15:22] 更新成功：岑宁儿 - 追光者 (ID: 483671599) - 标准、无损音质
[2026-02-24 22:15:23] 更新完成：成功更新 24 首歌曲
[2026-02-24 22:36:18] 开始更新音乐URL...
[2026-02-24 22:36:18] 备份创建成功：backups/music_data_2026-02-24_22-36-18.json
[2026-02-24 22:36:24] 更新成功：徐佳莹 - 一样的月光 (ID: 306665) - 标准音质
[2026-02-24 22:36:26] 更新成功：Maroon 5 - Payphone (ID: 1952737857) - 标准、无损音质
[2026-02-24 22:36:29] 更新成功：G.E.M.邓紫棋 - 来自天堂的魔鬼 (ID: 36270426) - 标准、无损音质
[2026-02-24 22:36:31] 更新成功：郭静 - 下一个天亮 (ID: 233882) - 标准、无损音质
[2026-02-24 22:36:33] 更新成功：李荣浩 - 不将就 (ID: 31654343) - 标准、无损音质
[2026-02-24 22:36:35] 更新成功：雨爱 (ID: 316100) - 标准、无损音质
[2026-02-24 22:36:39] 更新成功：林宜融 - 同手同脚 (ID: 350482) - 标准、无损音质
[2026-02-24 22:36:43] 更新成功：孙燕姿 - 开始懂了 (ID: 287719) - 标准、无损音质
[2026-02-24 22:36:45] 更新成功：Beyond - 真的爱你 (ID: 346075) - 标准、无损音质
[2026-02-24 22:36:47] 更新成功：KUN - Colder (ID: 3351234875) - 标准、无损音质
[2026-02-24 22:36:49] 更新成功：陶喆 - 流沙 (ID: 150667) - 标准、无损音质
[2026-02-24 22:36:52] 更新成功：李毓芬 - 是我不够好 (ID: 410519050) - 标准、无损音质
[2026-02-24 22:36:59] 更新成功：陈奕迅 - 最佳损友 (ID: 65800) - 标准音质
[2026-02-24 22:37:01] 更新成功：AGA - Wonderful U (Demo Version) (ID: 406475394) - 标准、无损音质
[2026-02-24 22:37:04] 更新成功：陈一豪Clear - 彩铃 (ID: 3339130832) - 标准、无损音质
[2026-02-24 22:37:06] 更新成功：Justin Bieber - Intentions (ID: 1421443440) - 标准、无损音质
[2026-02-24 22:37:09] 更新成功：林俊杰 - 我还想她 (ID: 108493) - 标准、无损音质
[2026-02-24 22:37:13] 更新成功：陈粒 - 走马 (ID: 2749430417) - 标准、无损音质
[2026-02-24 22:37:17] 更新成功：Top Barry - 发迹 (ID: 2099778087) - 标准、无损音质
[2026-02-24 22:37:22] 更新成功：蛋堡 - I Want You (ID: 76834) - 标准、无损音质
[2026-02-24 22:37:27] 更新成功：庾澄庆 - 春泥 (ID: 573968836) - 标准、无损音质
[2026-02-24 22:37:29] 更新成功：Vansdaddy - 身无居所 (ID: 3319817890) - 标准、无损音质
[2026-02-24 22:37:31] 更新成功：建坤YOUNG - 声音 (ID: 2031085185) - 标准、无损音质
[2026-02-24 22:37:34] 更新成功：岑宁儿 - 追光者 (ID: 483671599) - 标准、无损音质
[2026-02-24 22:37:34] 更新完成：成功更新 24 首歌曲
[2026-02-24 22:51:18] 开始更新音乐URL...
[2026-02-24 22:51:18] 备份创建成功：backups/music_data_2026-02-24_22-51-18.json
[2026-02-24 22:51:20] 更新成功：徐佳莹 - 一样的月光 (ID: 306665) - 标准、无损音质
[2026-02-24 22:51:22] 更新成功：Maroon 5 - Payphone (ID: 1952737857) - 标准、无损音质
[2026-02-24 22:51:24] 更新成功：G.E.M.邓紫棋 - 来自天堂的魔鬼 (ID: 36270426) - 标准、无损音质
[2026-02-24 22:51:27] 更新成功：郭静 - 下一个天亮 (ID: 233882) - 标准、无损音质
[2026-02-24 22:51:34] 更新成功：李荣浩 - 不将就 (ID: 31654343) - 无损音质
[2026-02-24 22:51:36] 更新成功：雨爱 (ID: 316100) - 标准、无损音质
[2026-02-24 22:51:39] 更新成功：林宜融 - 同手同脚 (ID: 350482) - 标准、无损音质
[2026-02-24 22:51:41] 更新成功：孙燕姿 - 开始懂了 (ID: 287719) - 标准、无损音质
[2026-02-24 22:51:43] 更新成功：Beyond - 真的爱你 (ID: 346075) - 标准、无损音质
[2026-02-24 22:51:46] 更新成功：KUN - Colder (ID: 3351234875) - 标准、无损音质
[2026-02-24 22:51:48] 更新成功：陶喆 - 流沙 (ID: 150667) - 标准、无损音质
[2026-02-24 22:51:51] 更新成功：李毓芬 - 是我不够好 (ID: 410519050) - 标准、无损音质
[2026-02-24 22:51:53] 更新成功：陈奕迅 - 最佳损友 (ID: 65800) - 标准、无损音质
[2026-02-24 22:51:56] 更新成功：AGA - Wonderful U (Demo Version) (ID: 406475394) - 标准、无损音质
[2026-02-24 22:51:58] 更新成功：陈一豪Clear - 彩铃 (ID: 3339130832) - 标准、无损音质
[2026-02-24 22:52:01] 更新成功：Justin Bieber - Intentions (ID: 1421443440) - 标准、无损音质
[2026-02-24 22:52:04] 更新成功：林俊杰 - 我还想她 (ID: 108493) - 标准、无损音质
[2026-02-24 22:52:06] 更新成功：陈粒 - 走马 (ID: 2749430417) - 标准、无损音质
[2026-02-24 22:52:09] 更新成功：Top Barry - 发迹 (ID: 2099778087) - 标准、无损音质
[2026-02-24 22:52:12] 更新成功：蛋堡 - I Want You (ID: 76834) - 标准、无损音质
[2026-02-24 22:52:14] 更新成功：庾澄庆 - 春泥 (ID: 573968836) - 标准、无损音质
[2026-02-24 22:52:16] 更新成功：Vansdaddy - 身无居所 (ID: 3319817890) - 标准、无损音质
[2026-02-24 22:52:19] 更新成功：建坤YOUNG - 声音 (ID: 2031085185) - 标准、无损音质
[2026-02-24 22:52:21] 更新成功：岑宁儿 - 追光者 (ID: 483671599) - 标准、无损音质
[2026-02-24 22:52:21] 更新完成：成功更新 24 首歌曲
[2026-02-24 23:06:18] 开始更新音乐URL...
[2026-02-24 23:06:18] 备份创建成功：backups/music_data_2026-02-24_23-06-18.json
[2026-02-24 23:06:21] 更新成功：徐佳莹 - 一样的月光 (ID: 306665) - 标准、无损音质
[2026-02-24 23:06:25] 更新成功：Maroon 5 - Payphone (ID: 1952737857) - 标准、无损音质
[2026-02-24 23:06:27] 更新成功：G.E.M.邓紫棋 - 来自天堂的魔鬼 (ID: 36270426) - 标准、无损音质
[2026-02-24 23:06:30] 更新成功：郭静 - 下一个天亮 (ID: 233882) - 标准、无损音质
[2026-02-24 23:06:32] 更新成功：李荣浩 - 不将就 (ID: 31654343) - 标准、无损音质
[2026-02-24 23:06:35] 更新成功：雨爱 (ID: 316100) - 标准、无损音质
[2026-02-24 23:06:37] 更新成功：林宜融 - 同手同脚 (ID: 350482) - 标准、无损音质
[2026-02-24 23:06:39] 更新成功：孙燕姿 - 开始懂了 (ID: 287719) - 标准、无损音质
[2026-02-24 23:06:42] 更新成功：Beyond - 真的爱你 (ID: 346075) - 标准、无损音质
[2026-02-24 23:06:44] 更新成功：KUN - Colder (ID: 3351234875) - 标准、无损音质
[2026-02-24 23:06:46] 更新成功：陶喆 - 流沙 (ID: 150667) - 标准、无损音质
[2026-02-24 23:06:49] 更新成功：李毓芬 - 是我不够好 (ID: 410519050) - 标准、无损音质
[2026-02-24 23:06:51] 更新成功：陈奕迅 - 最佳损友 (ID: 65800) - 标准、无损音质
[2026-02-24 23:06:54] 更新成功：AGA - Wonderful U (Demo Version) (ID: 406475394) - 标准、无损音质
[2026-02-24 23:06:57] 更新成功：陈一豪Clear - 彩铃 (ID: 3339130832) - 标准、无损音质
[2026-02-24 23:06:59] 更新成功：Justin Bieber - Intentions (ID: 1421443440) - 标准、无损音质
[2026-02-24 23:07:02] 更新成功：林俊杰 - 我还想她 (ID: 108493) - 标准、无损音质
[2026-02-24 23:07:04] 更新成功：陈粒 - 走马 (ID: 2749430417) - 标准、无损音质
[2026-02-24 23:07:07] 更新成功：Top Barry - 发迹 (ID: 2099778087) - 标准、无损音质
[2026-02-24 23:07:09] 更新成功：蛋堡 - I Want You (ID: 76834) - 标准、无损音质
[2026-02-24 23:07:11] 更新成功：庾澄庆 - 春泥 (ID: 573968836) - 标准、无损音质
[2026-02-24 23:07:14] 更新成功：Vansdaddy - 身无居所 (ID: 3319817890) - 标准、无损音质
[2026-02-24 23:07:16] 更新成功：建坤YOUNG - 声音 (ID: 2031085185) - 标准、无损音质
[2026-02-24 23:07:19] 更新成功：岑宁儿 - 追光者 (ID: 483671599) - 标准、无损音质
[2026-02-24 23:07:19] 更新完成：成功更新 24 首歌曲
[2026-02-24 23:21:18] 开始更新音乐URL...
[2026-02-24 23:21:18] 备份创建成功：backups/music_data_2026-02-24_23-21-18.json
[2026-02-24 23:21:21] 更新成功：徐佳莹 - 一样的月光 (ID: 306665) - 标准、无损音质
[2026-02-24 23:21:23] 更新成功：Maroon 5 - Payphone (ID: 1952737857) - 标准、无损音质
[2026-02-24 23:21:25] 更新成功：G.E.M.邓紫棋 - 来自天堂的魔鬼 (ID: 36270426) - 标准、无损音质
[2026-02-24 23:21:28] 更新成功：郭静 - 下一个天亮 (ID: 233882) - 标准、无损音质
[2026-02-24 23:21:30] 更新成功：李荣浩 - 不将就 (ID: 31654343) - 标准、无损音质
[2026-02-24 23:21:32] 更新成功：雨爱 (ID: 316100) - 标准、无损音质
[2026-02-24 23:21:36] 更新成功：林宜融 - 同手同脚 (ID: 350482) - 标准、无损音质
[2026-02-24 23:21:39] 更新成功：孙燕姿 - 开始懂了 (ID: 287719) - 标准、无损音质
[2026-02-24 23:21:41] 更新成功：Beyond - 真的爱你 (ID: 346075) - 标准、无损音质
[2026-02-24 23:21:43] 更新成功：KUN - Colder (ID: 3351234875) - 标准、无损音质
[2026-02-24 23:21:45] 更新成功：陶喆 - 流沙 (ID: 150667) - 标准、无损音质
[2026-02-24 23:21:47] 更新成功：李毓芬 - 是我不够好 (ID: 410519050) - 标准、无损音质
[2026-02-24 23:21:50] 更新成功：陈奕迅 - 最佳损友 (ID: 65800) - 标准、无损音质
[2026-02-24 23:21:52] 更新成功：AGA - Wonderful U (Demo Version) (ID: 406475394) - 标准、无损音质
[2026-02-24 23:21:54] 更新成功：陈一豪Clear - 彩铃 (ID: 3339130832) - 标准、无损音质
[2026-02-24 23:21:57] 更新成功：Justin Bieber - Intentions (ID: 1421443440) - 标准、无损音质
[2026-02-24 23:21:59] 更新成功：林俊杰 - 我还想她 (ID: 108493) - 标准、无损音质
[2026-02-24 23:22:01] 更新成功：陈粒 - 走马 (ID: 2749430417) - 标准、无损音质
[2026-02-24 23:22:04] 更新成功：Top Barry - 发迹 (ID: 2099778087) - 标准、无损音质
[2026-02-24 23:22:06] 更新成功：蛋堡 - I Want You (ID: 76834) - 标准、无损音质
[2026-02-24 23:22:08] 更新成功：庾澄庆 - 春泥 (ID: 573968836) - 标准、无损音质
[2026-02-24 23:22:10] 更新成功：Vansdaddy - 身无居所 (ID: 3319817890) - 标准、无损音质
[2026-02-24 23:22:12] 更新成功：建坤YOUNG - 声音 (ID: 2031085185) - 标准、无损音质
[2026-02-24 23:22:14] 更新成功：岑宁儿 - 追光者 (ID: 483671599) - 标准、无损音质
[2026-02-24 23:22:15] 更新完成：成功更新 24 首歌曲
[2026-02-24 23:36:18] 开始更新音乐URL...
[2026-02-24 23:36:18] 备份创建成功：backups/music_data_2026-02-24_23-36-18.json
[2026-02-24 23:36:27] 更新成功：徐佳莹 - 一样的月光 (ID: 306665) - 标准音质
[2026-02-24 23:36:29] 更新成功：Maroon 5 - Payphone (ID: 1952737857) - 标准、无损音质
[2026-02-24 23:36:32] 更新成功：G.E.M.邓紫棋 - 来自天堂的魔鬼 (ID: 36270426) - 标准、无损音质
[2026-02-24 23:36:35] 更新成功：郭静 - 下一个天亮 (ID: 233882) - 标准、无损音质
[2026-02-24 23:36:37] 更新成功：李荣浩 - 不将就 (ID: 31654343) - 标准、无损音质
[2026-02-24 23:36:39] 更新成功：雨爱 (ID: 316100) - 标准、无损音质
[2026-02-24 23:36:42] 更新成功：林宜融 - 同手同脚 (ID: 350482) - 标准、无损音质
[2026-02-24 23:36:44] 更新成功：孙燕姿 - 开始懂了 (ID: 287719) - 标准、无损音质
[2026-02-24 23:36:46] 更新成功：Beyond - 真的爱你 (ID: 346075) - 标准、无损音质
[2026-02-24 23:36:48] 更新成功：KUN - Colder (ID: 3351234875) - 标准、无损音质
[2026-02-24 23:36:50] 更新成功：陶喆 - 流沙 (ID: 150667) - 标准、无损音质
[2026-02-24 23:36:52] 更新成功：李毓芬 - 是我不够好 (ID: 410519050) - 标准、无损音质
[2026-02-24 23:36:54] 更新成功：陈奕迅 - 最佳损友 (ID: 65800) - 标准、无损音质
[2026-02-24 23:36:57] 更新成功：AGA - Wonderful U (Demo Version) (ID: 406475394) - 标准、无损音质
[2026-02-24 23:36:59] 更新成功：陈一豪Clear - 彩铃 (ID: 3339130832) - 标准、无损音质
[2026-02-24 23:37:01] 更新成功：Justin Bieber - Intentions (ID: 1421443440) - 标准、无损音质
[2026-02-24 23:37:03] 更新成功：林俊杰 - 我还想她 (ID: 108493) - 标准、无损音质
[2026-02-24 23:37:05] 更新成功：陈粒 - 走马 (ID: 2749430417) - 标准、无损音质
[2026-02-24 23:37:07] 更新成功：Top Barry - 发迹 (ID: 2099778087) - 标准、无损音质
[2026-02-24 23:37:09] 更新成功：蛋堡 - I Want You (ID: 76834) - 标准、无损音质
[2026-02-24 23:37:11] 更新成功：庾澄庆 - 春泥 (ID: 573968836) - 标准、无损音质
[2026-02-24 23:37:13] 更新成功：Vansdaddy - 身无居所 (ID: 3319817890) - 标准、无损音质
[2026-02-24 23:37:16] 更新成功：建坤YOUNG - 声音 (ID: 2031085185) - 标准、无损音质
[2026-02-24 23:37:18] 更新成功：岑宁儿 - 追光者 (ID: 483671599) - 标准、无损音质
[2026-02-24 23:37:18] 更新完成：成功更新 24 首歌曲
[2026-02-24 23:51:18] 开始更新音乐URL...
[2026-02-24 23:51:18] 备份创建成功：backups/music_data_2026-02-24_23-51-18.json
[2026-02-24 23:51:24] 更新成功：徐佳莹 - 一样的月光 (ID: 306665) - 标准、无损音质
[2026-02-24 23:51:27] 更新成功：Maroon 5 - Payphone (ID: 1952737857) - 标准、无损音质
[2026-02-24 23:51:29] 更新成功：G.E.M.邓紫棋 - 来自天堂的魔鬼 (ID: 36270426) - 标准、无损音质
[2026-02-24 23:51:35] 更新成功：郭静 - 下一个天亮 (ID: 233882) - 标准、无损音质
[2026-02-24 23:51:38] 更新成功：李荣浩 - 不将就 (ID: 31654343) - 标准、无损音质
[2026-02-24 23:51:40] 更新成功：雨爱 (ID: 316100) - 标准、无损音质
[2026-02-24 23:51:42] 更新成功：林宜融 - 同手同脚 (ID: 350482) - 标准、无损音质
[2026-02-24 23:51:44] 更新成功：孙燕姿 - 开始懂了 (ID: 287719) - 标准、无损音质
[2026-02-24 23:51:46] 更新成功：Beyond - 真的爱你 (ID: 346075) - 标准、无损音质
[2026-02-24 23:51:50] 更新成功：KUN - Colder (ID: 3351234875) - 标准、无损音质
[2026-02-24 23:51:53] 更新成功：陶喆 - 流沙 (ID: 150667) - 标准、无损音质
[2026-02-24 23:51:57] 更新成功：李毓芬 - 是我不够好 (ID: 410519050) - 标准、无损音质
[2026-02-24 23:51:59] 更新成功：陈奕迅 - 最佳损友 (ID: 65800) - 标准、无损音质
[2026-02-24 23:52:01] 更新成功：AGA - Wonderful U (Demo Version) (ID: 406475394) - 标准、无损音质
[2026-02-24 23:52:04] 更新成功：陈一豪Clear - 彩铃 (ID: 3339130832) - 标准、无损音质
[2026-02-24 23:52:06] 更新成功：Justin Bieber - Intentions (ID: 1421443440) - 标准、无损音质
[2026-02-24 23:52:08] 更新成功：林俊杰 - 我还想她 (ID: 108493) - 标准、无损音质
[2026-02-24 23:52:10] 更新成功：陈粒 - 走马 (ID: 2749430417) - 标准、无损音质
[2026-02-24 23:52:13] 更新成功：Top Barry - 发迹 (ID: 2099778087) - 标准、无损音质
[2026-02-24 23:52:15] 更新成功：蛋堡 - I Want You (ID: 76834) - 标准、无损音质
[2026-02-24 23:52:17] 更新成功：庾澄庆 - 春泥 (ID: 573968836) - 标准、无损音质
[2026-02-24 23:52:20] 更新成功：Vansdaddy - 身无居所 (ID: 3319817890) - 标准、无损音质
[2026-02-24 23:52:22] 更新成功：建坤YOUNG - 声音 (ID: 2031085185) - 标准、无损音质
[2026-02-24 23:52:24] 更新成功：岑宁儿 - 追光者 (ID: 483671599) - 标准、无损音质
[2026-02-24 23:52:24] 更新完成：成功更新 24 首歌曲
[2026-02-25 00:06:18] 开始更新音乐URL...
[2026-02-25 00:06:18] 备份创建成功：backups/music_data_2026-02-25_00-06-18.json
[2026-02-25 00:06:20] 更新成功：徐佳莹 - 一样的月光 (ID: 306665) - 标准、无损音质
[2026-02-25 00:06:22] 更新成功：Maroon 5 - Payphone (ID: 1952737857) - 标准、无损音质
[2026-02-25 00:06:24] 更新成功：G.E.M.邓紫棋 - 来自天堂的魔鬼 (ID: 36270426) - 标准、无损音质
[2026-02-25 00:06:27] 更新成功：郭静 - 下一个天亮 (ID: 233882) - 标准、无损音质
[2026-02-25 00:06:29] 更新成功：李荣浩 - 不将就 (ID: 31654343) - 标准、无损音质
[2026-02-25 00:06:31] 更新成功：雨爱 (ID: 316100) - 标准、无损音质
[2026-02-25 00:06:33] 更新成功：林宜融 - 同手同脚 (ID: 350482) - 标准、无损音质
[2026-02-25 00:06:36] 更新成功：孙燕姿 - 开始懂了 (ID: 287719) - 标准、无损音质
[2026-02-25 00:06:39] 更新成功：Beyond - 真的爱你 (ID: 346075) - 标准、无损音质
[2026-02-25 00:06:41] 更新成功：KUN - Colder (ID: 3351234875) - 标准、无损音质
[2026-02-25 00:06:43] 更新成功：陶喆 - 流沙 (ID: 150667) - 标准、无损音质
[2026-02-25 00:06:45] 更新成功：李毓芬 - 是我不够好 (ID: 410519050) - 标准、无损音质
[2026-02-25 00:06:47] 更新成功：陈奕迅 - 最佳损友 (ID: 65800) - 标准、无损音质
[2026-02-25 00:06:49] 更新成功：AGA - Wonderful U (Demo Version) (ID: 406475394) - 标准、无损音质
[2026-02-25 00:06:53] 更新成功：陈一豪Clear - 彩铃 (ID: 3339130832) - 标准、无损音质
[2026-02-25 00:06:55] 更新成功：Justin Bieber - Intentions (ID: 1421443440) - 标准、无损音质
[2026-02-25 00:06:58] 更新成功：林俊杰 - 我还想她 (ID: 108493) - 标准、无损音质
[2026-02-25 00:07:00] 更新成功：陈粒 - 走马 (ID: 2749430417) - 标准、无损音质
[2026-02-25 00:07:03] 更新成功：Top Barry - 发迹 (ID: 2099778087) - 标准、无损音质
[2026-02-25 00:07:05] 更新成功：蛋堡 - I Want You (ID: 76834) - 标准、无损音质
[2026-02-25 00:07:08] 更新成功：庾澄庆 - 春泥 (ID: 573968836) - 标准、无损音质
[2026-02-25 00:07:11] 更新成功：Vansdaddy - 身无居所 (ID: 3319817890) - 标准、无损音质
[2026-02-25 00:07:13] 更新成功：建坤YOUNG - 声音 (ID: 2031085185) - 标准、无损音质
[2026-02-25 00:07:16] 更新成功：岑宁儿 - 追光者 (ID: 483671599) - 标准、无损音质
[2026-02-25 00:07:17] 更新完成：成功更新 24 首歌曲
[2026-02-25 00:21:18] 开始更新音乐URL...
[2026-02-25 00:21:18] 备份创建成功：backups/music_data_2026-02-25_00-21-18.json
[2026-02-25 00:21:21] 更新成功：徐佳莹 - 一样的月光 (ID: 306665) - 标准、无损音质
[2026-02-25 00:21:23] 更新成功：Maroon 5 - Payphone (ID: 1952737857) - 标准、无损音质
[2026-02-25 00:21:25] 更新成功：G.E.M.邓紫棋 - 来自天堂的魔鬼 (ID: 36270426) - 标准、无损音质
[2026-02-25 00:21:27] 更新成功：郭静 - 下一个天亮 (ID: 233882) - 标准、无损音质
[2026-02-25 00:21:30] 更新成功：李荣浩 - 不将就 (ID: 31654343) - 标准、无损音质
[2026-02-25 00:21:32] 更新成功：雨爱 (ID: 316100) - 标准、无损音质
[2026-02-25 00:21:35] 更新成功：林宜融 - 同手同脚 (ID: 350482) - 标准、无损音质
[2026-02-25 00:21:38] 更新成功：孙燕姿 - 开始懂了 (ID: 287719) - 标准、无损音质
[2026-02-25 00:21:40] 更新成功：Beyond - 真的爱你 (ID: 346075) - 标准、无损音质
[2026-02-25 00:21:44] 更新成功：KUN - Colder (ID: 3351234875) - 标准、无损音质
[2026-02-25 00:21:46] 更新成功：陶喆 - 流沙 (ID: 150667) - 标准、无损音质
[2026-02-25 00:21:48] 更新成功：李毓芬 - 是我不够好 (ID: 410519050) - 标准、无损音质
[2026-02-25 00:21:50] 更新成功：陈奕迅 - 最佳损友 (ID: 65800) - 标准、无损音质
[2026-02-25 00:21:52] 更新成功：AGA - Wonderful U (Demo Version) (ID: 406475394) - 标准、无损音质
[2026-02-25 00:21:54] 更新成功：陈一豪Clear - 彩铃 (ID: 3339130832) - 标准、无损音质
[2026-02-25 00:21:56] 更新成功：Justin Bieber - Intentions (ID: 1421443440) - 标准、无损音质
[2026-02-25 00:21:58] 更新成功：林俊杰 - 我还想她 (ID: 108493) - 标准、无损音质
[2026-02-25 00:22:01] 更新成功：陈粒 - 走马 (ID: 2749430417) - 标准、无损音质
[2026-02-25 00:22:03] 更新成功：Top Barry - 发迹 (ID: 2099778087) - 标准、无损音质
[2026-02-25 00:22:05] 更新成功：蛋堡 - I Want You (ID: 76834) - 标准、无损音质
[2026-02-25 00:22:07] 更新成功：庾澄庆 - 春泥 (ID: 573968836) - 标准、无损音质
[2026-02-25 00:22:09] 更新成功：Vansdaddy - 身无居所 (ID: 3319817890) - 标准、无损音质
[2026-02-25 00:22:11] 更新成功：建坤YOUNG - 声音 (ID: 2031085185) - 标准、无损音质
[2026-02-25 00:22:13] 更新成功：岑宁儿 - 追光者 (ID: 483671599) - 标准、无损音质
[2026-02-25 00:22:14] 更新完成：成功更新 24 首歌曲
[2026-02-25 00:36:18] 开始更新音乐URL...
[2026-02-25 00:36:18] 备份创建成功：backups/music_data_2026-02-25_00-36-18.json
[2026-02-25 00:36:20] 更新成功：徐佳莹 - 一样的月光 (ID: 306665) - 标准、无损音质
[2026-02-25 00:36:22] 更新成功：Maroon 5 - Payphone (ID: 1952737857) - 标准、无损音质
[2026-02-25 00:36:25] 更新成功：G.E.M.邓紫棋 - 来自天堂的魔鬼 (ID: 36270426) - 标准、无损音质
[2026-02-25 00:36:28] 更新成功：郭静 - 下一个天亮 (ID: 233882) - 标准、无损音质
[2026-02-25 00:36:30] 更新成功：李荣浩 - 不将就 (ID: 31654343) - 标准、无损音质
[2026-02-25 00:36:32] 更新成功：雨爱 (ID: 316100) - 标准、无损音质
[2026-02-25 00:36:34] 更新成功：林宜融 - 同手同脚 (ID: 350482) - 标准、无损音质
[2026-02-25 00:36:36] 更新成功：孙燕姿 - 开始懂了 (ID: 287719) - 标准、无损音质
[2026-02-25 00:36:38] 更新成功：Beyond - 真的爱你 (ID: 346075) - 标准、无损音质
[2026-02-25 00:36:40] 更新成功：KUN - Colder (ID: 3351234875) - 标准、无损音质
[2026-02-25 00:36:42] 更新成功：陶喆 - 流沙 (ID: 150667) - 标准、无损音质
[2026-02-25 00:36:45] 更新成功：李毓芬 - 是我不够好 (ID: 410519050) - 标准、无损音质
[2026-02-25 00:36:47] 更新成功：陈奕迅 - 最佳损友 (ID: 65800) - 标准、无损音质
[2026-02-25 00:36:49] 更新成功：AGA - Wonderful U (Demo Version) (ID: 406475394) - 标准、无损音质
[2026-02-25 00:36:51] 更新成功：陈一豪Clear - 彩铃 (ID: 3339130832) - 标准、无损音质
[2026-02-25 00:36:53] 更新成功：Justin Bieber - Intentions (ID: 1421443440) - 标准、无损音质
[2026-02-25 00:36:55] 更新成功：林俊杰 - 我还想她 (ID: 108493) - 标准、无损音质
[2026-02-25 00:36:57] 更新成功：陈粒 - 走马 (ID: 2749430417) - 标准、无损音质
[2026-02-25 00:36:59] 更新成功：Top Barry - 发迹 (ID: 2099778087) - 标准、无损音质
[2026-02-25 00:37:02] 更新成功：蛋堡 - I Want You (ID: 76834) - 标准、无损音质
[2026-02-25 00:37:04] 更新成功：庾澄庆 - 春泥 (ID: 573968836) - 标准、无损音质
[2026-02-25 00:37:06] 更新成功：Vansdaddy - 身无居所 (ID: 3319817890) - 标准、无损音质
[2026-02-25 00:37:08] 更新成功：建坤YOUNG - 声音 (ID: 2031085185) - 标准、无损音质
[2026-02-25 00:37:10] 更新成功：岑宁儿 - 追光者 (ID: 483671599) - 标准、无损音质
[2026-02-25 00:37:11] 更新完成：成功更新 24 首歌曲
[2026-02-25 00:51:18] 开始更新音乐URL...
[2026-02-25 00:51:18] 备份创建成功：backups/music_data_2026-02-25_00-51-18.json
[2026-02-25 00:51:20] 更新成功：徐佳莹 - 一样的月光 (ID: 306665) - 标准、无损音质
[2026-02-25 00:51:22] 更新成功：Maroon 5 - Payphone (ID: 1952737857) - 标准、无损音质
[2026-02-25 00:51:24] 更新成功：G.E.M.邓紫棋 - 来自天堂的魔鬼 (ID: 36270426) - 标准、无损音质
[2026-02-25 00:51:27] 更新成功：郭静 - 下一个天亮 (ID: 233882) - 标准、无损音质
[2026-02-25 00:51:29] 更新成功：李荣浩 - 不将就 (ID: 31654343) - 标准、无损音质
[2026-02-25 00:51:31] 更新成功：雨爱 (ID: 316100) - 标准、无损音质
[2026-02-25 00:51:34] 更新成功：林宜融 - 同手同脚 (ID: 350482) - 标准、无损音质
[2026-02-25 00:51:36] 更新成功：孙燕姿 - 开始懂了 (ID: 287719) - 标准、无损音质
[2026-02-25 00:51:38] 更新成功：Beyond - 真的爱你 (ID: 346075) - 标准、无损音质
[2026-02-25 00:51:40] 更新成功：KUN - Colder (ID: 3351234875) - 标准、无损音质
[2026-02-25 00:51:42] 更新成功：陶喆 - 流沙 (ID: 150667) - 标准、无损音质
[2026-02-25 00:51:44] 更新成功：李毓芬 - 是我不够好 (ID: 410519050) - 标准、无损音质
[2026-02-25 00:51:46] 更新成功：陈奕迅 - 最佳损友 (ID: 65800) - 标准、无损音质
[2026-02-25 00:51:48] 更新成功：AGA - Wonderful U (Demo Version) (ID: 406475394) - 标准、无损音质
[2026-02-25 00:51:50] 更新成功：陈一豪Clear - 彩铃 (ID: 3339130832) - 标准、无损音质
[2026-02-25 00:51:53] 更新成功：Justin Bieber - Intentions (ID: 1421443440) - 标准、无损音质
[2026-02-25 00:51:55] 更新成功：林俊杰 - 我还想她 (ID: 108493) - 标准、无损音质
[2026-02-25 00:51:57] 更新成功：陈粒 - 走马 (ID: 2749430417) - 标准、无损音质
[2026-02-25 00:51:59] 更新成功：Top Barry - 发迹 (ID: 2099778087) - 标准、无损音质
[2026-02-25 00:52:01] 更新成功：蛋堡 - I Want You (ID: 76834) - 标准、无损音质
[2026-02-25 00:52:03] 更新成功：庾澄庆 - 春泥 (ID: 573968836) - 标准、无损音质
[2026-02-25 00:52:05] 更新成功：Vansdaddy - 身无居所 (ID: 3319817890) - 标准、无损音质
[2026-02-25 00:52:07] 更新成功：建坤YOUNG - 声音 (ID: 2031085185) - 标准、无损音质
[2026-02-25 00:52:10] 更新成功：岑宁儿 - 追光者 (ID: 483671599) - 标准、无损音质
[2026-02-25 00:52:10] 更新完成：成功更新 24 首歌曲
[2026-02-25 01:06:18] 开始更新音乐URL...
[2026-02-25 01:06:18] 备份创建成功：backups/music_data_2026-02-25_01-06-18.json
[2026-02-25 01:06:20] 更新成功：徐佳莹 - 一样的月光 (ID: 306665) - 标准、无损音质
[2026-02-25 01:06:22] 更新成功：Maroon 5 - Payphone (ID: 1952737857) - 标准、无损音质
[2026-02-25 01:06:25] 更新成功：G.E.M.邓紫棋 - 来自天堂的魔鬼 (ID: 36270426) - 标准、无损音质
[2026-02-25 01:06:27] 更新成功：郭静 - 下一个天亮 (ID: 233882) - 标准、无损音质
[2026-02-25 01:06:29] 更新成功：李荣浩 - 不将就 (ID: 31654343) - 标准、无损音质
[2026-02-25 01:06:31] 更新成功：雨爱 (ID: 316100) - 标准、无损音质
[2026-02-25 01:06:33] 更新成功：林宜融 - 同手同脚 (ID: 350482) - 标准、无损音质
[2026-02-25 01:06:35] 更新成功：孙燕姿 - 开始懂了 (ID: 287719) - 标准、无损音质
[2026-02-25 01:06:37] 更新成功：Beyond - 真的爱你 (ID: 346075) - 标准、无损音质
[2026-02-25 01:06:39] 更新成功：KUN - Colder (ID: 3351234875) - 标准、无损音质
[2026-02-25 01:06:41] 更新成功：陶喆 - 流沙 (ID: 150667) - 标准、无损音质
[2026-02-25 01:06:43] 更新成功：李毓芬 - 是我不够好 (ID: 410519050) - 标准、无损音质
[2026-02-25 01:06:46] 更新成功：陈奕迅 - 最佳损友 (ID: 65800) - 标准、无损音质
[2026-02-25 01:06:48] 更新成功：AGA - Wonderful U (Demo Version) (ID: 406475394) - 标准、无损音质
[2026-02-25 01:06:50] 更新成功：陈一豪Clear - 彩铃 (ID: 3339130832) - 标准、无损音质
[2026-02-25 01:06:52] 更新成功：Justin Bieber - Intentions (ID: 1421443440) - 标准、无损音质
[2026-02-25 01:06:54] 更新成功：林俊杰 - 我还想她 (ID: 108493) - 标准、无损音质
[2026-02-25 01:06:56] 更新成功：陈粒 - 走马 (ID: 2749430417) - 标准、无损音质
[2026-02-25 01:06:58] 更新成功：Top Barry - 发迹 (ID: 2099778087) - 标准、无损音质
[2026-02-25 01:07:00] 更新成功：蛋堡 - I Want You (ID: 76834) - 标准、无损音质
[2026-02-25 01:07:02] 更新成功：庾澄庆 - 春泥 (ID: 573968836) - 标准、无损音质
[2026-02-25 01:07:05] 更新成功：Vansdaddy - 身无居所 (ID: 3319817890) - 标准、无损音质
[2026-02-25 01:07:07] 更新成功：建坤YOUNG - 声音 (ID: 2031085185) - 标准、无损音质
[2026-02-25 01:07:09] 更新成功：岑宁儿 - 追光者 (ID: 483671599) - 标准、无损音质
[2026-02-25 01:07:09] 更新完成：成功更新 24 首歌曲
[2026-02-25 01:21:18] 开始更新音乐URL...
[2026-02-25 01:21:18] 备份创建成功：backups/music_data_2026-02-25_01-21-18.json
[2026-02-25 01:21:20] 更新成功：徐佳莹 - 一样的月光 (ID: 306665) - 标准、无损音质
[2026-02-25 01:21:22] 更新成功：Maroon 5 - Payphone (ID: 1952737857) - 标准、无损音质
[2026-02-25 01:21:24] 更新成功：G.E.M.邓紫棋 - 来自天堂的魔鬼 (ID: 36270426) - 标准、无损音质
[2026-02-25 01:21:28] 更新成功：郭静 - 下一个天亮 (ID: 233882) - 标准、无损音质
[2026-02-25 01:21:31] 更新成功：李荣浩 - 不将就 (ID: 31654343) - 标准、无损音质
[2026-02-25 01:21:33] 更新成功：雨爱 (ID: 316100) - 标准、无损音质
[2026-02-25 01:21:35] 更新成功：林宜融 - 同手同脚 (ID: 350482) - 标准、无损音质
[2026-02-25 01:21:37] 更新成功：孙燕姿 - 开始懂了 (ID: 287719) - 标准、无损音质
[2026-02-25 01:21:39] 更新成功：Beyond - 真的爱你 (ID: 346075) - 标准、无损音质
[2026-02-25 01:21:41] 更新成功：KUN - Colder (ID: 3351234875) - 标准、无损音质
[2026-02-25 01:21:43] 更新成功：陶喆 - 流沙 (ID: 150667) - 标准、无损音质
[2026-02-25 01:21:45] 更新成功：李毓芬 - 是我不够好 (ID: 410519050) - 标准、无损音质
[2026-02-25 01:21:47] 更新成功：陈奕迅 - 最佳损友 (ID: 65800) - 标准、无损音质
[2026-02-25 01:21:50] 更新成功：AGA - Wonderful U (Demo Version) (ID: 406475394) - 标准、无损音质
[2026-02-25 01:21:52] 更新成功：陈一豪Clear - 彩铃 (ID: 3339130832) - 标准、无损音质
[2026-02-25 01:21:54] 更新成功：Justin Bieber - Intentions (ID: 1421443440) - 标准、无损音质
[2026-02-25 01:21:56] 更新成功：林俊杰 - 我还想她 (ID: 108493) - 标准、无损音质
[2026-02-25 01:21:58] 更新成功：陈粒 - 走马 (ID: 2749430417) - 标准、无损音质
[2026-02-25 01:22:00] 更新成功：Top Barry - 发迹 (ID: 2099778087) - 标准、无损音质
[2026-02-25 01:22:02] 更新成功：蛋堡 - I Want You (ID: 76834) - 标准、无损音质
[2026-02-25 01:22:04] 更新成功：庾澄庆 - 春泥 (ID: 573968836) - 标准、无损音质
[2026-02-25 01:22:06] 更新成功：Vansdaddy - 身无居所 (ID: 3319817890) - 标准、无损音质
[2026-02-25 01:22:09] 更新成功：建坤YOUNG - 声音 (ID: 2031085185) - 标准、无损音质
[2026-02-25 01:22:11] 更新成功：岑宁儿 - 追光者 (ID: 483671599) - 标准、无损音质
[2026-02-25 01:22:11] 更新完成：成功更新 24 首歌曲
[2026-02-25 01:36:18] 开始更新音乐URL...
[2026-02-25 01:36:18] 备份创建成功：backups/music_data_2026-02-25_01-36-18.json
[2026-02-25 01:36:20] 更新成功：徐佳莹 - 一样的月光 (ID: 306665) - 标准、无损音质
[2026-02-25 01:36:23] 更新成功：Maroon 5 - Payphone (ID: 1952737857) - 标准、无损音质
[2026-02-25 01:36:27] 更新成功：G.E.M.邓紫棋 - 来自天堂的魔鬼 (ID: 36270426) - 标准、无损音质
[2026-02-25 01:36:31] 更新成功：郭静 - 下一个天亮 (ID: 233882) - 标准、无损音质
[2026-02-25 01:36:34] 更新成功：李荣浩 - 不将就 (ID: 31654343) - 标准、无损音质
[2026-02-25 01:36:38] 更新成功：雨爱 (ID: 316100) - 标准、无损音质
[2026-02-25 01:36:41] 更新成功：林宜融 - 同手同脚 (ID: 350482) - 标准、无损音质
[2026-02-25 01:36:45] 更新成功：孙燕姿 - 开始懂了 (ID: 287719) - 标准、无损音质
[2026-02-25 01:36:48] 更新成功：Beyond - 真的爱你 (ID: 346075) - 标准、无损音质
[2026-02-25 01:36:51] 更新成功：KUN - Colder (ID: 3351234875) - 标准、无损音质
[2026-02-25 01:36:53] 更新成功：陶喆 - 流沙 (ID: 150667) - 标准、无损音质
[2026-02-25 01:36:55] 更新成功：李毓芬 - 是我不够好 (ID: 410519050) - 标准、无损音质
[2026-02-25 01:36:57] 更新成功：陈奕迅 - 最佳损友 (ID: 65800) - 标准、无损音质
[2026-02-25 01:36:59] 更新成功：AGA - Wonderful U (Demo Version) (ID: 406475394) - 标准、无损音质
[2026-02-25 01:37:01] 更新成功：陈一豪Clear - 彩铃 (ID: 3339130832) - 标准、无损音质
[2026-02-25 01:37:04] 更新成功：Justin Bieber - Intentions (ID: 1421443440) - 标准、无损音质
[2026-02-25 01:37:06] 更新成功：林俊杰 - 我还想她 (ID: 108493) - 标准、无损音质
[2026-02-25 01:37:08] 更新成功：陈粒 - 走马 (ID: 2749430417) - 标准、无损音质
[2026-02-25 01:37:10] 更新成功：Top Barry - 发迹 (ID: 2099778087) - 标准、无损音质
[2026-02-25 01:37:17] 更新成功：蛋堡 - I Want You (ID: 76834) - 标准、无损音质
[2026-02-25 01:37:19] 更新成功：庾澄庆 - 春泥 (ID: 573968836) - 标准、无损音质
[2026-02-25 01:37:21] 更新成功：Vansdaddy - 身无居所 (ID: 3319817890) - 标准、无损音质
[2026-02-25 01:37:23] 更新成功：建坤YOUNG - 声音 (ID: 2031085185) - 标准、无损音质
[2026-02-25 01:37:25] 更新成功：岑宁儿 - 追光者 (ID: 483671599) - 标准、无损音质
[2026-02-25 01:37:26] 更新完成：成功更新 24 首歌曲
[2026-02-25 01:51:18] 开始更新音乐URL...
[2026-02-25 01:51:18] 备份创建成功：backups/music_data_2026-02-25_01-51-18.json
[2026-02-25 01:51:20] 更新成功：徐佳莹 - 一样的月光 (ID: 306665) - 标准、无损音质
[2026-02-25 01:51:23] 更新成功：Maroon 5 - Payphone (ID: 1952737857) - 标准、无损音质
[2026-02-25 01:51:25] 更新成功：G.E.M.邓紫棋 - 来自天堂的魔鬼 (ID: 36270426) - 标准、无损音质
[2026-02-25 01:51:27] 更新成功：郭静 - 下一个天亮 (ID: 233882) - 标准、无损音质
[2026-02-25 01:51:29] 更新成功：李荣浩 - 不将就 (ID: 31654343) - 标准、无损音质
[2026-02-25 01:51:31] 更新成功：雨爱 (ID: 316100) - 标准、无损音质
[2026-02-25 01:51:33] 更新成功：林宜融 - 同手同脚 (ID: 350482) - 标准、无损音质
[2026-02-25 01:51:35] 更新成功：孙燕姿 - 开始懂了 (ID: 287719) - 标准、无损音质
[2026-02-25 01:51:37] 更新成功：Beyond - 真的爱你 (ID: 346075) - 标准、无损音质
[2026-02-25 01:51:39] 更新成功：KUN - Colder (ID: 3351234875) - 标准、无损音质
[2026-02-25 01:51:41] 更新成功：陶喆 - 流沙 (ID: 150667) - 标准、无损音质
[2026-02-25 01:51:44] 更新成功：李毓芬 - 是我不够好 (ID: 410519050) - 标准、无损音质
[2026-02-25 01:51:46] 更新成功：陈奕迅 - 最佳损友 (ID: 65800) - 标准、无损音质
[2026-02-25 01:51:48] 更新成功：AGA - Wonderful U (Demo Version) (ID: 406475394) - 标准、无损音质
[2026-02-25 01:51:50] 更新成功：陈一豪Clear - 彩铃 (ID: 3339130832) - 标准、无损音质
[2026-02-25 01:51:52] 更新成功：Justin Bieber - Intentions (ID: 1421443440) - 标准、无损音质
[2026-02-25 01:51:54] 更新成功：林俊杰 - 我还想她 (ID: 108493) - 标准、无损音质
[2026-02-25 01:51:56] 更新成功：陈粒 - 走马 (ID: 2749430417) - 标准、无损音质
[2026-02-25 01:51:58] 更新成功：Top Barry - 发迹 (ID: 2099778087) - 标准、无损音质
[2026-02-25 01:52:00] 更新成功：蛋堡 - I Want You (ID: 76834) - 标准、无损音质
[2026-02-25 01:52:03] 更新成功：庾澄庆 - 春泥 (ID: 573968836) - 标准、无损音质
[2026-02-25 01:52:05] 更新成功：Vansdaddy - 身无居所 (ID: 3319817890) - 标准、无损音质
[2026-02-25 01:52:07] 更新成功：建坤YOUNG - 声音 (ID: 2031085185) - 标准、无损音质
[2026-02-25 01:52:09] 更新成功：岑宁儿 - 追光者 (ID: 483671599) - 标准、无损音质
[2026-02-25 01:52:09] 更新完成：成功更新 24 首歌曲
[2026-02-25 02:06:18] 开始更新音乐URL...
[2026-02-25 02:06:18] 备份创建成功：backups/music_data_2026-02-25_02-06-18.json
[2026-02-25 02:06:22] 更新成功：徐佳莹 - 一样的月光 (ID: 306665) - 标准、无损音质
[2026-02-25 02:06:28] 更新成功：Maroon 5 - Payphone (ID: 1952737857) - 标准、无损音质
[2026-02-25 02:06:32] 更新成功：G.E.M.邓紫棋 - 来自天堂的魔鬼 (ID: 36270426) - 标准、无损音质
[2026-02-25 02:06:36] 更新成功：郭静 - 下一个天亮 (ID: 233882) - 标准、无损音质
[2026-02-25 02:06:39] 更新成功：李荣浩 - 不将就 (ID: 31654343) - 标准、无损音质
[2026-02-25 02:06:43] 更新成功：雨爱 (ID: 316100) - 标准、无损音质
[2026-02-25 02:06:46] 更新成功：林宜融 - 同手同脚 (ID: 350482) - 标准、无损音质
[2026-02-25 02:06:50] 更新成功：孙燕姿 - 开始懂了 (ID: 287719) - 标准、无损音质
[2026-02-25 02:06:54] 更新成功：Beyond - 真的爱你 (ID: 346075) - 标准、无损音质
[2026-02-25 02:06:58] 更新成功：KUN - Colder (ID: 3351234875) - 标准、无损音质
[2026-02-25 02:07:01] 更新成功：陶喆 - 流沙 (ID: 150667) - 标准、无损音质
[2026-02-25 02:07:05] 更新成功：李毓芬 - 是我不够好 (ID: 410519050) - 标准、无损音质
[2026-02-25 02:07:09] 更新成功：陈奕迅 - 最佳损友 (ID: 65800) - 标准、无损音质
[2026-02-25 02:07:13] 更新成功：AGA - Wonderful U (Demo Version) (ID: 406475394) - 标准、无损音质
[2026-02-25 02:07:18] 更新成功：陈一豪Clear - 彩铃 (ID: 3339130832) - 标准、无损音质
[2026-02-25 02:07:21] 更新成功：Justin Bieber - Intentions (ID: 1421443440) - 标准、无损音质
[2026-02-25 02:07:29] 更新成功：林俊杰 - 我还想她 (ID: 108493) - 标准音质
[2026-02-25 02:07:32] 更新成功：陈粒 - 走马 (ID: 2749430417) - 标准、无损音质
[2026-02-25 02:07:37] 更新成功：Top Barry - 发迹 (ID: 2099778087) - 标准、无损音质
[2026-02-25 02:07:39] 更新成功：蛋堡 - I Want You (ID: 76834) - 标准、无损音质
[2026-02-25 02:07:43] 更新成功：庾澄庆 - 春泥 (ID: 573968836) - 标准、无损音质
[2026-02-25 02:07:46] 更新成功：Vansdaddy - 身无居所 (ID: 3319817890) - 标准、无损音质
[2026-02-25 02:07:50] 更新成功：建坤YOUNG - 声音 (ID: 2031085185) - 标准、无损音质
[2026-02-25 02:07:54] 更新成功：岑宁儿 - 追光者 (ID: 483671599) - 标准、无损音质
[2026-02-25 02:07:54] 更新完成：成功更新 24 首歌曲
[2026-02-25 02:21:18] 开始更新音乐URL...
[2026-02-25 02:21:18] 备份创建成功：backups/music_data_2026-02-25_02-21-18.json
[2026-02-25 02:21:20] 更新成功：徐佳莹 - 一样的月光 (ID: 306665) - 标准、无损音质
[2026-02-25 02:21:22] 更新成功：Maroon 5 - Payphone (ID: 1952737857) - 标准、无损音质
[2026-02-25 02:21:24] 更新成功：G.E.M.邓紫棋 - 来自天堂的魔鬼 (ID: 36270426) - 标准、无损音质
[2026-02-25 02:21:27] 更新成功：郭静 - 下一个天亮 (ID: 233882) - 标准、无损音质
[2026-02-25 02:21:29] 更新成功：李荣浩 - 不将就 (ID: 31654343) - 标准、无损音质
[2026-02-25 02:21:31] 更新成功：雨爱 (ID: 316100) - 标准、无损音质
[2026-02-25 02:21:33] 更新成功：林宜融 - 同手同脚 (ID: 350482) - 标准、无损音质
[2026-02-25 02:21:35] 更新成功：孙燕姿 - 开始懂了 (ID: 287719) - 标准、无损音质
[2026-02-25 02:21:37] 更新成功：Beyond - 真的爱你 (ID: 346075) - 标准、无损音质
[2026-02-25 02:21:39] 更新成功：KUN - Colder (ID: 3351234875) - 标准、无损音质
[2026-02-25 02:21:41] 更新成功：陶喆 - 流沙 (ID: 150667) - 标准、无损音质
[2026-02-25 02:21:44] 更新成功：李毓芬 - 是我不够好 (ID: 410519050) - 标准、无损音质
[2026-02-25 02:21:46] 更新成功：陈奕迅 - 最佳损友 (ID: 65800) - 标准、无损音质
[2026-02-25 02:21:48] 更新成功：AGA - Wonderful U (Demo Version) (ID: 406475394) - 标准、无损音质
[2026-02-25 02:21:50] 更新成功：陈一豪Clear - 彩铃 (ID: 3339130832) - 标准、无损音质
[2026-02-25 02:21:52] 更新成功：Justin Bieber - Intentions (ID: 1421443440) - 标准、无损音质
[2026-02-25 02:21:54] 更新成功：林俊杰 - 我还想她 (ID: 108493) - 标准、无损音质
[2026-02-25 02:21:56] 更新成功：陈粒 - 走马 (ID: 2749430417) - 标准、无损音质
[2026-02-25 02:21:58] 更新成功：Top Barry - 发迹 (ID: 2099778087) - 标准、无损音质
[2026-02-25 02:22:00] 更新成功：蛋堡 - I Want You (ID: 76834) - 标准、无损音质
[2026-02-25 02:22:02] 更新成功：庾澄庆 - 春泥 (ID: 573968836) - 标准、无损音质
[2026-02-25 02:22:05] 更新成功：Vansdaddy - 身无居所 (ID: 3319817890) - 标准、无损音质
[2026-02-25 02:22:07] 更新成功：建坤YOUNG - 声音 (ID: 2031085185) - 标准、无损音质
[2026-02-25 02:22:09] 更新成功：岑宁儿 - 追光者 (ID: 483671599) - 标准、无损音质
[2026-02-25 02:22:09] 更新完成：成功更新 24 首歌曲
[2026-02-25 02:36:18] 开始更新音乐URL...
[2026-02-25 02:36:18] 备份创建成功：backups/music_data_2026-02-25_02-36-18.json
[2026-02-25 02:36:21] 更新成功：徐佳莹 - 一样的月光 (ID: 306665) - 标准、无损音质
[2026-02-25 02:36:23] 更新成功：Maroon 5 - Payphone (ID: 1952737857) - 标准、无损音质
[2026-02-25 02:36:26] 更新成功：G.E.M.邓紫棋 - 来自天堂的魔鬼 (ID: 36270426) - 标准、无损音质
[2026-02-25 02:36:28] 更新成功：郭静 - 下一个天亮 (ID: 233882) - 标准、无损音质
[2026-02-25 02:36:32] 更新成功：李荣浩 - 不将就 (ID: 31654343) - 标准、无损音质
[2026-02-25 02:36:34] 更新成功：雨爱 (ID: 316100) - 标准、无损音质
[2026-02-25 02:36:37] 更新成功：林宜融 - 同手同脚 (ID: 350482) - 标准、无损音质
[2026-02-25 02:36:39] 更新成功：孙燕姿 - 开始懂了 (ID: 287719) - 标准、无损音质
[2026-02-25 02:36:41] 更新成功：Beyond - 真的爱你 (ID: 346075) - 标准、无损音质
[2026-02-25 02:36:43] 更新成功：KUN - Colder (ID: 3351234875) - 标准、无损音质
[2026-02-25 02:36:45] 更新成功：陶喆 - 流沙 (ID: 150667) - 标准、无损音质
[2026-02-25 02:36:48] 更新成功：李毓芬 - 是我不够好 (ID: 410519050) - 标准、无损音质
[2026-02-25 02:36:50] 更新成功：陈奕迅 - 最佳损友 (ID: 65800) - 标准、无损音质
[2026-02-25 02:36:52] 更新成功：AGA - Wonderful U (Demo Version) (ID: 406475394) - 标准、无损音质
[2026-02-25 02:36:55] 更新成功：陈一豪Clear - 彩铃 (ID: 3339130832) - 标准、无损音质
[2026-02-25 02:36:58] 更新成功：Justin Bieber - Intentions (ID: 1421443440) - 标准、无损音质
[2026-02-25 02:37:00] 更新成功：林俊杰 - 我还想她 (ID: 108493) - 标准、无损音质
[2026-02-25 02:37:03] 更新成功：陈粒 - 走马 (ID: 2749430417) - 标准、无损音质
[2026-02-25 02:37:05] 更新成功：Top Barry - 发迹 (ID: 2099778087) - 标准、无损音质
[2026-02-25 02:37:08] 更新成功：蛋堡 - I Want You (ID: 76834) - 标准、无损音质
[2026-02-25 02:37:10] 更新成功：庾澄庆 - 春泥 (ID: 573968836) - 标准、无损音质
[2026-02-25 02:37:13] 更新成功：Vansdaddy - 身无居所 (ID: 3319817890) - 标准、无损音质
[2026-02-25 02:37:15] 更新成功：建坤YOUNG - 声音 (ID: 2031085185) - 标准、无损音质
[2026-02-25 02:37:17] 更新成功：岑宁儿 - 追光者 (ID: 483671599) - 标准、无损音质
[2026-02-25 02:37:18] 更新完成：成功更新 24 首歌曲
[2026-02-25 02:51:18] 开始更新音乐URL...
[2026-02-25 02:51:18] 备份创建成功：backups/music_data_2026-02-25_02-51-18.json
[2026-02-25 02:51:20] 更新成功：徐佳莹 - 一样的月光 (ID: 306665) - 标准、无损音质
[2026-02-25 02:51:22] 更新成功：Maroon 5 - Payphone (ID: 1952737857) - 标准、无损音质
[2026-02-25 02:51:24] 更新成功：G.E.M.邓紫棋 - 来自天堂的魔鬼 (ID: 36270426) - 标准、无损音质
[2026-02-25 02:51:26] 更新成功：郭静 - 下一个天亮 (ID: 233882) - 标准、无损音质
[2026-02-25 02:51:29] 更新成功：李荣浩 - 不将就 (ID: 31654343) - 标准、无损音质
[2026-02-25 02:51:31] 更新成功：雨爱 (ID: 316100) - 标准、无损音质
[2026-02-25 02:51:33] 更新成功：林宜融 - 同手同脚 (ID: 350482) - 标准、无损音质
[2026-02-25 02:51:35] 更新成功：孙燕姿 - 开始懂了 (ID: 287719) - 标准、无损音质
[2026-02-25 02:51:37] 更新成功：Beyond - 真的爱你 (ID: 346075) - 标准、无损音质
[2026-02-25 02:51:40] 更新成功：KUN - Colder (ID: 3351234875) - 标准、无损音质
[2026-02-25 02:51:42] 更新成功：陶喆 - 流沙 (ID: 150667) - 标准、无损音质
[2026-02-25 02:51:44] 更新成功：李毓芬 - 是我不够好 (ID: 410519050) - 标准、无损音质
[2026-02-25 02:51:46] 更新成功：陈奕迅 - 最佳损友 (ID: 65800) - 标准、无损音质
[2026-02-25 02:51:48] 更新成功：AGA - Wonderful U (Demo Version) (ID: 406475394) - 标准、无损音质
[2026-02-25 02:51:50] 更新成功：陈一豪Clear - 彩铃 (ID: 3339130832) - 标准、无损音质
[2026-02-25 02:51:52] 更新成功：Justin Bieber - Intentions (ID: 1421443440) - 标准、无损音质
[2026-02-25 02:51:55] 更新成功：林俊杰 - 我还想她 (ID: 108493) - 标准、无损音质
[2026-02-25 02:51:57] 更新成功：陈粒 - 走马 (ID: 2749430417) - 标准、无损音质
[2026-02-25 02:51:59] 更新成功：Top Barry - 发迹 (ID: 2099778087) - 标准、无损音质
[2026-02-25 02:52:01] 更新成功：蛋堡 - I Want You (ID: 76834) - 标准、无损音质
[2026-02-25 02:52:03] 更新成功：庾澄庆 - 春泥 (ID: 573968836) - 标准、无损音质
[2026-02-25 02:52:05] 更新成功：Vansdaddy - 身无居所 (ID: 3319817890) - 标准、无损音质
[2026-02-25 02:52:07] 更新成功：建坤YOUNG - 声音 (ID: 2031085185) - 标准、无损音质
[2026-02-25 02:52:09] 更新成功：岑宁儿 - 追光者 (ID: 483671599) - 标准、无损音质
[2026-02-25 02:52:10] 更新完成：成功更新 24 首歌曲
[2026-02-25 03:06:18] 开始更新音乐URL...
[2026-02-25 03:06:18] 备份创建成功：backups/music_data_2026-02-25_03-06-18.json
[2026-02-25 03:06:20] 更新成功：徐佳莹 - 一样的月光 (ID: 306665) - 标准、无损音质
[2026-02-25 03:06:22] 更新成功：Maroon 5 - Payphone (ID: 1952737857) - 标准、无损音质
[2026-02-25 03:06:25] 更新成功：G.E.M.邓紫棋 - 来自天堂的魔鬼 (ID: 36270426) - 标准、无损音质
[2026-02-25 03:06:27] 更新成功：郭静 - 下一个天亮 (ID: 233882) - 标准、无损音质
[2026-02-25 03:06:29] 更新成功：李荣浩 - 不将就 (ID: 31654343) - 标准、无损音质
[2026-02-25 03:06:31] 更新成功：雨爱 (ID: 316100) - 标准、无损音质
[2026-02-25 03:06:34] 更新成功：林宜融 - 同手同脚 (ID: 350482) - 标准、无损音质
[2026-02-25 03:06:36] 更新成功：孙燕姿 - 开始懂了 (ID: 287719) - 标准、无损音质
[2026-02-25 03:06:38] 更新成功：Beyond - 真的爱你 (ID: 346075) - 标准、无损音质
[2026-02-25 03:06:40] 更新成功：KUN - Colder (ID: 3351234875) - 标准、无损音质
[2026-02-25 03:06:42] 更新成功：陶喆 - 流沙 (ID: 150667) - 标准、无损音质
[2026-02-25 03:06:44] 更新成功：李毓芬 - 是我不够好 (ID: 410519050) - 标准、无损音质
[2026-02-25 03:06:46] 更新成功：陈奕迅 - 最佳损友 (ID: 65800) - 标准、无损音质
[2026-02-25 03:06:49] 更新成功：AGA - Wonderful U (Demo Version) (ID: 406475394) - 标准、无损音质
[2026-02-25 03:06:51] 更新成功：陈一豪Clear - 彩铃 (ID: 3339130832) - 标准、无损音质
[2026-02-25 03:06:53] 更新成功：Justin Bieber - Intentions (ID: 1421443440) - 标准、无损音质
[2026-02-25 03:06:55] 更新成功：林俊杰 - 我还想她 (ID: 108493) - 标准、无损音质
[2026-02-25 03:06:57] 更新成功：陈粒 - 走马 (ID: 2749430417) - 标准、无损音质
[2026-02-25 03:06:59] 更新成功：Top Barry - 发迹 (ID: 2099778087) - 标准、无损音质
[2026-02-25 03:07:01] 更新成功：蛋堡 - I Want You (ID: 76834) - 标准、无损音质
[2026-02-25 03:07:03] 更新成功：庾澄庆 - 春泥 (ID: 573968836) - 标准、无损音质
[2026-02-25 03:07:05] 更新成功：Vansdaddy - 身无居所 (ID: 3319817890) - 标准、无损音质
[2026-02-25 03:07:08] 更新成功：建坤YOUNG - 声音 (ID: 2031085185) - 标准、无损音质
[2026-02-25 03:07:10] 更新成功：岑宁儿 - 追光者 (ID: 483671599) - 标准、无损音质
[2026-02-25 03:07:10] 更新完成：成功更新 24 首歌曲
[2026-02-25 03:21:18] 开始更新音乐URL...
[2026-02-25 03:21:18] 备份创建成功：backups/music_data_2026-02-25_03-21-18.json
[2026-02-25 03:21:20] 更新成功：徐佳莹 - 一样的月光 (ID: 306665) - 标准、无损音质
[2026-02-25 03:21:22] 更新成功：Maroon 5 - Payphone (ID: 1952737857) - 标准、无损音质
[2026-02-25 03:21:24] 更新成功：G.E.M.邓紫棋 - 来自天堂的魔鬼 (ID: 36270426) - 标准、无损音质
[2026-02-25 03:21:26] 更新成功：郭静 - 下一个天亮 (ID: 233882) - 标准、无损音质
[2026-02-25 03:21:29] 更新成功：李荣浩 - 不将就 (ID: 31654343) - 标准、无损音质
[2026-02-25 03:21:31] 更新成功：雨爱 (ID: 316100) - 标准、无损音质
[2026-02-25 03:21:33] 更新成功：林宜融 - 同手同脚 (ID: 350482) - 标准、无损音质
[2026-02-25 03:21:35] 更新成功：孙燕姿 - 开始懂了 (ID: 287719) - 标准、无损音质
[2026-02-25 03:21:37] 更新成功：Beyond - 真的爱你 (ID: 346075) - 标准、无损音质
[2026-02-25 03:21:39] 更新成功：KUN - Colder (ID: 3351234875) - 标准、无损音质
[2026-02-25 03:21:41] 更新成功：陶喆 - 流沙 (ID: 150667) - 标准、无损音质
[2026-02-25 03:21:43] 更新成功：李毓芬 - 是我不够好 (ID: 410519050) - 标准、无损音质
[2026-02-25 03:21:45] 更新成功：陈奕迅 - 最佳损友 (ID: 65800) - 标准、无损音质
[2026-02-25 03:21:47] 更新成功：AGA - Wonderful U (Demo Version) (ID: 406475394) - 标准、无损音质
[2026-02-25 03:21:50] 更新成功：陈一豪Clear - 彩铃 (ID: 3339130832) - 标准、无损音质
[2026-02-25 03:21:52] 更新成功：Justin Bieber - Intentions (ID: 1421443440) - 标准、无损音质
[2026-02-25 03:21:54] 更新成功：林俊杰 - 我还想她 (ID: 108493) - 标准、无损音质
[2026-02-25 03:21:56] 更新成功：陈粒 - 走马 (ID: 2749430417) - 标准、无损音质
[2026-02-25 03:21:58] 更新成功：Top Barry - 发迹 (ID: 2099778087) - 标准、无损音质
[2026-02-25 03:22:00] 更新成功：蛋堡 - I Want You (ID: 76834) - 标准、无损音质
[2026-02-25 03:22:03] 更新成功：庾澄庆 - 春泥 (ID: 573968836) - 标准、无损音质
[2026-02-25 03:22:05] 更新成功：Vansdaddy - 身无居所 (ID: 3319817890) - 标准、无损音质
[2026-02-25 03:22:07] 更新成功：建坤YOUNG - 声音 (ID: 2031085185) - 标准、无损音质
[2026-02-25 03:22:09] 更新成功：岑宁儿 - 追光者 (ID: 483671599) - 标准、无损音质
[2026-02-25 03:22:09] 更新完成：成功更新 24 首歌曲
[2026-02-25 03:36:18] 开始更新音乐URL...
[2026-02-25 03:36:18] 备份创建成功：backups/music_data_2026-02-25_03-36-18.json
[2026-02-25 03:36:21] 更新成功：徐佳莹 - 一样的月光 (ID: 306665) - 标准、无损音质
[2026-02-25 03:36:23] 更新成功：Maroon 5 - Payphone (ID: 1952737857) - 标准、无损音质
[2026-02-25 03:36:26] 更新成功：G.E.M.邓紫棋 - 来自天堂的魔鬼 (ID: 36270426) - 标准、无损音质
[2026-02-25 03:36:28] 更新成功：郭静 - 下一个天亮 (ID: 233882) - 标准、无损音质
[2026-02-25 03:36:30] 更新成功：李荣浩 - 不将就 (ID: 31654343) - 标准、无损音质
[2026-02-25 03:36:32] 更新成功：雨爱 (ID: 316100) - 标准、无损音质
[2026-02-25 03:36:34] 更新成功：林宜融 - 同手同脚 (ID: 350482) - 标准、无损音质
[2026-02-25 03:36:36] 更新成功：孙燕姿 - 开始懂了 (ID: 287719) - 标准、无损音质
[2026-02-25 03:36:38] 更新成功：Beyond - 真的爱你 (ID: 346075) - 标准、无损音质
[2026-02-25 03:36:40] 更新成功：KUN - Colder (ID: 3351234875) - 标准、无损音质
[2026-02-25 03:36:42] 更新成功：陶喆 - 流沙 (ID: 150667) - 标准、无损音质
[2026-02-25 03:36:45] 更新成功：李毓芬 - 是我不够好 (ID: 410519050) - 标准、无损音质
[2026-02-25 03:36:47] 更新成功：陈奕迅 - 最佳损友 (ID: 65800) - 标准、无损音质
[2026-02-25 03:36:49] 更新成功：AGA - Wonderful U (Demo Version) (ID: 406475394) - 标准、无损音质
[2026-02-25 03:36:51] 更新成功：陈一豪Clear - 彩铃 (ID: 3339130832) - 标准、无损音质
[2026-02-25 03:36:53] 更新成功：Justin Bieber - Intentions (ID: 1421443440) - 标准、无损音质
[2026-02-25 03:36:55] 更新成功：林俊杰 - 我还想她 (ID: 108493) - 标准、无损音质
[2026-02-25 03:36:57] 更新成功：陈粒 - 走马 (ID: 2749430417) - 标准、无损音质
[2026-02-25 03:37:00] 更新成功：Top Barry - 发迹 (ID: 2099778087) - 标准、无损音质
[2026-02-25 03:37:02] 更新成功：蛋堡 - I Want You (ID: 76834) - 标准、无损音质
[2026-02-25 03:37:04] 更新成功：庾澄庆 - 春泥 (ID: 573968836) - 标准、无损音质
[2026-02-25 03:37:06] 更新成功：Vansdaddy - 身无居所 (ID: 3319817890) - 标准、无损音质
[2026-02-25 03:37:08] 更新成功：建坤YOUNG - 声音 (ID: 2031085185) - 标准、无损音质
[2026-02-25 03:37:10] 更新成功：岑宁儿 - 追光者 (ID: 483671599) - 标准、无损音质
[2026-02-25 03:37:11] 更新完成：成功更新 24 首歌曲
[2026-02-25 03:51:18] 开始更新音乐URL...
[2026-02-25 03:51:18] 备份创建成功：backups/music_data_2026-02-25_03-51-18.json
[2026-02-25 03:51:20] 更新成功：徐佳莹 - 一样的月光 (ID: 306665) - 标准、无损音质
[2026-02-25 03:51:22] 更新成功：Maroon 5 - Payphone (ID: 1952737857) - 标准、无损音质
[2026-02-25 03:51:24] 更新成功：G.E.M.邓紫棋 - 来自天堂的魔鬼 (ID: 36270426) - 标准、无损音质
[2026-02-25 03:51:26] 更新成功：郭静 - 下一个天亮 (ID: 233882) - 标准、无损音质
[2026-02-25 03:51:28] 更新成功：李荣浩 - 不将就 (ID: 31654343) - 标准、无损音质
[2026-02-25 03:51:31] 更新成功：雨爱 (ID: 316100) - 标准、无损音质
[2026-02-25 03:51:33] 更新成功：林宜融 - 同手同脚 (ID: 350482) - 标准、无损音质
[2026-02-25 03:51:35] 更新成功：孙燕姿 - 开始懂了 (ID: 287719) - 标准、无损音质
[2026-02-25 03:51:37] 更新成功：Beyond - 真的爱你 (ID: 346075) - 标准、无损音质
[2026-02-25 03:51:39] 更新成功：KUN - Colder (ID: 3351234875) - 标准、无损音质
[2026-02-25 03:51:41] 更新成功：陶喆 - 流沙 (ID: 150667) - 标准、无损音质
[2026-02-25 03:51:43] 更新成功：李毓芬 - 是我不够好 (ID: 410519050) - 标准、无损音质
[2026-02-25 03:51:46] 更新成功：陈奕迅 - 最佳损友 (ID: 65800) - 标准、无损音质
[2026-02-25 03:51:48] 更新成功：AGA - Wonderful U (Demo Version) (ID: 406475394) - 标准、无损音质
[2026-02-25 03:51:50] 更新成功：陈一豪Clear - 彩铃 (ID: 3339130832) - 标准、无损音质
[2026-02-25 03:51:52] 更新成功：Justin Bieber - Intentions (ID: 1421443440) - 标准、无损音质
[2026-02-25 03:51:54] 更新成功：林俊杰 - 我还想她 (ID: 108493) - 标准、无损音质
[2026-02-25 03:51:56] 更新成功：陈粒 - 走马 (ID: 2749430417) - 标准、无损音质
[2026-02-25 03:51:58] 更新成功：Top Barry - 发迹 (ID: 2099778087) - 标准、无损音质
[2026-02-25 03:52:00] 更新成功：蛋堡 - I Want You (ID: 76834) - 标准、无损音质
[2026-02-25 03:52:02] 更新成功：庾澄庆 - 春泥 (ID: 573968836) - 标准、无损音质
[2026-02-25 03:52:04] 更新成功：Vansdaddy - 身无居所 (ID: 3319817890) - 标准、无损音质
[2026-02-25 03:52:06] 更新成功：建坤YOUNG - 声音 (ID: 2031085185) - 标准、无损音质
[2026-02-25 03:52:09] 更新成功：岑宁儿 - 追光者 (ID: 483671599) - 标准、无损音质
[2026-02-25 03:52:09] 更新完成：成功更新 24 首歌曲
[2026-02-25 04:06:18] 开始更新音乐URL...
[2026-02-25 04:06:18] 备份创建成功：backups/music_data_2026-02-25_04-06-18.json
[2026-02-25 04:06:21] 更新成功：徐佳莹 - 一样的月光 (ID: 306665) - 标准、无损音质
[2026-02-25 04:06:23] 更新成功：Maroon 5 - Payphone (ID: 1952737857) - 标准、无损音质
[2026-02-25 04:06:25] 更新成功：G.E.M.邓紫棋 - 来自天堂的魔鬼 (ID: 36270426) - 标准、无损音质
[2026-02-25 04:06:28] 更新成功：郭静 - 下一个天亮 (ID: 233882) - 标准、无损音质
[2026-02-25 04:06:30] 更新成功：李荣浩 - 不将就 (ID: 31654343) - 标准、无损音质
[2026-02-25 04:06:32] 更新成功：雨爱 (ID: 316100) - 标准、无损音质
[2026-02-25 04:06:34] 更新成功：林宜融 - 同手同脚 (ID: 350482) - 标准、无损音质
[2026-02-25 04:06:36] 更新成功：孙燕姿 - 开始懂了 (ID: 287719) - 标准、无损音质
[2026-02-25 04:06:38] 更新成功：Beyond - 真的爱你 (ID: 346075) - 标准、无损音质
[2026-02-25 04:06:40] 更新成功：KUN - Colder (ID: 3351234875) - 标准、无损音质
[2026-02-25 04:06:42] 更新成功：陶喆 - 流沙 (ID: 150667) - 标准、无损音质
[2026-02-25 04:06:44] 更新成功：李毓芬 - 是我不够好 (ID: 410519050) - 标准、无损音质
[2026-02-25 04:06:46] 更新成功：陈奕迅 - 最佳损友 (ID: 65800) - 标准、无损音质
[2026-02-25 04:06:49] 更新成功：AGA - Wonderful U (Demo Version) (ID: 406475394) - 标准、无损音质
[2026-02-25 04:06:51] 更新成功：陈一豪Clear - 彩铃 (ID: 3339130832) - 标准、无损音质
[2026-02-25 04:06:53] 更新成功：Justin Bieber - Intentions (ID: 1421443440) - 标准、无损音质
[2026-02-25 04:06:55] 更新成功：林俊杰 - 我还想她 (ID: 108493) - 标准、无损音质
[2026-02-25 04:06:57] 更新成功：陈粒 - 走马 (ID: 2749430417) - 标准、无损音质
[2026-02-25 04:06:59] 更新成功：Top Barry - 发迹 (ID: 2099778087) - 标准、无损音质
[2026-02-25 04:07:01] 更新成功：蛋堡 - I Want You (ID: 76834) - 标准、无损音质
[2026-02-25 04:07:04] 更新成功：庾澄庆 - 春泥 (ID: 573968836) - 标准、无损音质
[2026-02-25 04:07:06] 更新成功：Vansdaddy - 身无居所 (ID: 3319817890) - 标准、无损音质
[2026-02-25 04:07:08] 更新成功：建坤YOUNG - 声音 (ID: 2031085185) - 标准、无损音质
[2026-02-25 04:07:10] 更新成功：岑宁儿 - 追光者 (ID: 483671599) - 标准、无损音质
[2026-02-25 04:07:10] 更新完成：成功更新 24 首歌曲
[2026-02-25 04:21:18] 开始更新音乐URL...
[2026-02-25 04:21:18] 备份创建成功：backups/music_data_2026-02-25_04-21-18.json
[2026-02-25 04:21:21] 更新成功：徐佳莹 - 一样的月光 (ID: 306665) - 标准、无损音质
[2026-02-25 04:21:23] 更新成功：Maroon 5 - Payphone (ID: 1952737857) - 标准、无损音质
[2026-02-25 04:21:25] 更新成功：G.E.M.邓紫棋 - 来自天堂的魔鬼 (ID: 36270426) - 标准、无损音质
[2026-02-25 04:21:27] 更新成功：郭静 - 下一个天亮 (ID: 233882) - 标准、无损音质
[2026-02-25 04:21:30] 更新成功：李荣浩 - 不将就 (ID: 31654343) - 标准、无损音质
[2026-02-25 04:21:32] 更新成功：雨爱 (ID: 316100) - 标准、无损音质
[2026-02-25 04:21:34] 更新成功：林宜融 - 同手同脚 (ID: 350482) - 标准、无损音质
[2026-02-25 04:21:36] 更新成功：孙燕姿 - 开始懂了 (ID: 287719) - 标准、无损音质
[2026-02-25 04:21:38] 更新成功：Beyond - 真的爱你 (ID: 346075) - 标准、无损音质
[2026-02-25 04:21:40] 更新成功：KUN - Colder (ID: 3351234875) - 标准、无损音质
[2026-02-25 04:21:43] 更新成功：陶喆 - 流沙 (ID: 150667) - 标准、无损音质
[2026-02-25 04:21:45] 更新成功：李毓芬 - 是我不够好 (ID: 410519050) - 标准、无损音质
[2026-02-25 04:21:48] 更新成功：陈奕迅 - 最佳损友 (ID: 65800) - 标准、无损音质
[2026-02-25 04:21:50] 更新成功：AGA - Wonderful U (Demo Version) (ID: 406475394) - 标准、无损音质
[2026-02-25 04:21:52] 更新成功：陈一豪Clear - 彩铃 (ID: 3339130832) - 标准、无损音质
[2026-02-25 04:21:54] 更新成功：Justin Bieber - Intentions (ID: 1421443440) - 标准、无损音质
[2026-02-25 04:21:56] 更新成功：林俊杰 - 我还想她 (ID: 108493) - 标准、无损音质
[2026-02-25 04:21:58] 更新成功：陈粒 - 走马 (ID: 2749430417) - 标准、无损音质
[2026-02-25 04:22:01] 更新成功：Top Barry - 发迹 (ID: 2099778087) - 标准、无损音质
[2026-02-25 04:22:03] 更新成功：蛋堡 - I Want You (ID: 76834) - 标准、无损音质
[2026-02-25 04:22:05] 更新成功：庾澄庆 - 春泥 (ID: 573968836) - 标准、无损音质
[2026-02-25 04:22:07] 更新成功：Vansdaddy - 身无居所 (ID: 3319817890) - 标准、无损音质
[2026-02-25 04:22:09] 更新成功：建坤YOUNG - 声音 (ID: 2031085185) - 标准、无损音质
[2026-02-25 04:22:11] 更新成功：岑宁儿 - 追光者 (ID: 483671599) - 标准、无损音质
[2026-02-25 04:22:12] 更新完成：成功更新 24 首歌曲
[2026-02-25 04:36:18] 开始更新音乐URL...
[2026-02-25 04:36:18] 备份创建成功：backups/music_data_2026-02-25_04-36-18.json
[2026-02-25 04:36:21] 更新成功：徐佳莹 - 一样的月光 (ID: 306665) - 标准、无损音质
[2026-02-25 04:36:24] 更新成功：Maroon 5 - Payphone (ID: 1952737857) - 标准、无损音质
[2026-02-25 04:36:27] 更新成功：G.E.M.邓紫棋 - 来自天堂的魔鬼 (ID: 36270426) - 标准、无损音质
[2026-02-25 04:36:30] 更新成功：郭静 - 下一个天亮 (ID: 233882) - 标准、无损音质
[2026-02-25 04:36:32] 更新成功：李荣浩 - 不将就 (ID: 31654343) - 标准、无损音质
[2026-02-25 04:36:34] 更新成功：雨爱 (ID: 316100) - 标准、无损音质
[2026-02-25 04:36:36] 更新成功：林宜融 - 同手同脚 (ID: 350482) - 标准、无损音质
[2026-02-25 04:36:38] 更新成功：孙燕姿 - 开始懂了 (ID: 287719) - 标准、无损音质
[2026-02-25 04:36:41] 更新成功：Beyond - 真的爱你 (ID: 346075) - 标准、无损音质
[2026-02-25 04:36:43] 更新成功：KUN - Colder (ID: 3351234875) - 标准、无损音质
[2026-02-25 04:36:45] 更新成功：陶喆 - 流沙 (ID: 150667) - 标准、无损音质
[2026-02-25 04:36:47] 更新成功：李毓芬 - 是我不够好 (ID: 410519050) - 标准、无损音质
[2026-02-25 04:36:49] 更新成功：陈奕迅 - 最佳损友 (ID: 65800) - 标准、无损音质
[2026-02-25 04:36:51] 更新成功：AGA - Wonderful U (Demo Version) (ID: 406475394) - 标准、无损音质
[2026-02-25 04:36:53] 更新成功：陈一豪Clear - 彩铃 (ID: 3339130832) - 标准、无损音质
[2026-02-25 04:36:56] 更新成功：Justin Bieber - Intentions (ID: 1421443440) - 标准、无损音质
[2026-02-25 04:36:58] 更新成功：林俊杰 - 我还想她 (ID: 108493) - 标准、无损音质
[2026-02-25 04:37:00] 更新成功：陈粒 - 走马 (ID: 2749430417) - 标准、无损音质
[2026-02-25 04:37:02] 更新成功：Top Barry - 发迹 (ID: 2099778087) - 标准、无损音质
[2026-02-25 04:37:04] 更新成功：蛋堡 - I Want You (ID: 76834) - 标准、无损音质
[2026-02-25 04:37:06] 更新成功：庾澄庆 - 春泥 (ID: 573968836) - 标准、无损音质
[2026-02-25 04:37:08] 更新成功：Vansdaddy - 身无居所 (ID: 3319817890) - 标准、无损音质
[2026-02-25 04:37:15] 更新成功：建坤YOUNG - 声音 (ID: 2031085185) - 无损音质
[2026-02-25 04:37:17] 更新成功：岑宁儿 - 追光者 (ID: 483671599) - 标准、无损音质
[2026-02-25 04:37:18] 更新完成：成功更新 24 首歌曲
[2026-02-25 04:51:18] 开始更新音乐URL...
[2026-02-25 04:51:18] 备份创建成功：backups/music_data_2026-02-25_04-51-18.json
[2026-02-25 04:51:21] 更新成功：徐佳莹 - 一样的月光 (ID: 306665) - 标准、无损音质
[2026-02-25 04:51:23] 更新成功：Maroon 5 - Payphone (ID: 1952737857) - 标准、无损音质
[2026-02-25 04:51:25] 更新成功：G.E.M.邓紫棋 - 来自天堂的魔鬼 (ID: 36270426) - 标准、无损音质
[2026-02-25 04:51:27] 更新成功：郭静 - 下一个天亮 (ID: 233882) - 标准、无损音质
[2026-02-25 04:51:30] 更新成功：李荣浩 - 不将就 (ID: 31654343) - 标准、无损音质
[2026-02-25 04:51:32] 更新成功：雨爱 (ID: 316100) - 标准、无损音质
[2026-02-25 04:51:34] 更新成功：林宜融 - 同手同脚 (ID: 350482) - 标准、无损音质
[2026-02-25 04:51:36] 更新成功：孙燕姿 - 开始懂了 (ID: 287719) - 标准、无损音质
[2026-02-25 04:51:38] 更新成功：Beyond - 真的爱你 (ID: 346075) - 标准、无损音质
[2026-02-25 04:51:40] 更新成功：KUN - Colder (ID: 3351234875) - 标准、无损音质
[2026-02-25 04:51:42] 更新成功：陶喆 - 流沙 (ID: 150667) - 标准、无损音质
[2026-02-25 04:51:44] 更新成功：李毓芬 - 是我不够好 (ID: 410519050) - 标准、无损音质
[2026-02-25 04:51:46] 更新成功：陈奕迅 - 最佳损友 (ID: 65800) - 标准、无损音质
[2026-02-25 04:51:48] 更新成功：AGA - Wonderful U (Demo Version) (ID: 406475394) - 标准、无损音质
[2026-02-25 04:51:51] 更新成功：陈一豪Clear - 彩铃 (ID: 3339130832) - 标准、无损音质
[2026-02-25 04:51:55] 更新成功：Justin Bieber - Intentions (ID: 1421443440) - 标准、无损音质
[2026-02-25 04:51:57] 更新成功：林俊杰 - 我还想她 (ID: 108493) - 标准、无损音质
[2026-02-25 04:51:59] 更新成功：陈粒 - 走马 (ID: 2749430417) - 标准、无损音质
[2026-02-25 04:52:01] 更新成功：Top Barry - 发迹 (ID: 2099778087) - 标准、无损音质
[2026-02-25 04:52:03] 更新成功：蛋堡 - I Want You (ID: 76834) - 标准、无损音质
[2026-02-25 04:52:05] 更新成功：庾澄庆 - 春泥 (ID: 573968836) - 标准、无损音质
[2026-02-25 04:52:07] 更新成功：Vansdaddy - 身无居所 (ID: 3319817890) - 标准、无损音质
[2026-02-25 04:52:09] 更新成功：建坤YOUNG - 声音 (ID: 2031085185) - 标准、无损音质
[2026-02-25 04:52:11] 更新成功：岑宁儿 - 追光者 (ID: 483671599) - 标准、无损音质
[2026-02-25 04:52:12] 更新完成：成功更新 24 首歌曲
[2026-02-25 05:06:18] 开始更新音乐URL...
[2026-02-25 05:06:18] 备份创建成功：backups/music_data_2026-02-25_05-06-18.json
[2026-02-25 05:06:21] 更新成功：徐佳莹 - 一样的月光 (ID: 306665) - 标准、无损音质
[2026-02-25 05:06:24] 更新成功：Maroon 5 - Payphone (ID: 1952737857) - 标准、无损音质
[2026-02-25 05:06:26] 更新成功：G.E.M.邓紫棋 - 来自天堂的魔鬼 (ID: 36270426) - 标准、无损音质
[2026-02-25 05:06:28] 更新成功：郭静 - 下一个天亮 (ID: 233882) - 标准、无损音质
[2026-02-25 05:06:30] 更新成功：李荣浩 - 不将就 (ID: 31654343) - 标准、无损音质
[2026-02-25 05:06:32] 更新成功：雨爱 (ID: 316100) - 标准、无损音质
[2026-02-25 05:06:34] 更新成功：林宜融 - 同手同脚 (ID: 350482) - 标准、无损音质
[2026-02-25 05:06:36] 更新成功：孙燕姿 - 开始懂了 (ID: 287719) - 标准、无损音质
[2026-02-25 05:06:38] 更新成功：Beyond - 真的爱你 (ID: 346075) - 标准、无损音质
[2026-02-25 05:06:40] 更新成功：KUN - Colder (ID: 3351234875) - 标准、无损音质
[2026-02-25 05:06:42] 更新成功：陶喆 - 流沙 (ID: 150667) - 标准、无损音质
[2026-02-25 05:06:45] 更新成功：李毓芬 - 是我不够好 (ID: 410519050) - 标准、无损音质
[2026-02-25 05:06:47] 更新成功：陈奕迅 - 最佳损友 (ID: 65800) - 标准、无损音质
[2026-02-25 05:06:49] 更新成功：AGA - Wonderful U (Demo Version) (ID: 406475394) - 标准、无损音质
[2026-02-25 05:06:51] 更新成功：陈一豪Clear - 彩铃 (ID: 3339130832) - 标准、无损音质
[2026-02-25 05:06:53] 更新成功：Justin Bieber - Intentions (ID: 1421443440) - 标准、无损音质
[2026-02-25 05:06:55] 更新成功：林俊杰 - 我还想她 (ID: 108493) - 标准、无损音质
[2026-02-25 05:06:58] 更新成功：陈粒 - 走马 (ID: 2749430417) - 标准、无损音质
[2026-02-25 05:07:00] 更新成功：Top Barry - 发迹 (ID: 2099778087) - 标准、无损音质
[2026-02-25 05:07:02] 更新成功：蛋堡 - I Want You (ID: 76834) - 标准、无损音质
[2026-02-25 05:07:04] 更新成功：庾澄庆 - 春泥 (ID: 573968836) - 标准、无损音质
[2026-02-25 05:07:06] 更新成功：Vansdaddy - 身无居所 (ID: 3319817890) - 标准、无损音质
[2026-02-25 05:07:08] 更新成功：建坤YOUNG - 声音 (ID: 2031085185) - 标准、无损音质
[2026-02-25 05:07:10] 更新成功：岑宁儿 - 追光者 (ID: 483671599) - 标准、无损音质
[2026-02-25 05:07:11] 更新完成：成功更新 24 首歌曲
[2026-02-25 05:21:18] 开始更新音乐URL...
[2026-02-25 05:21:18] 备份创建成功：backups/music_data_2026-02-25_05-21-18.json
[2026-02-25 05:21:20] 更新成功：徐佳莹 - 一样的月光 (ID: 306665) - 标准、无损音质
[2026-02-25 05:21:27] 更新成功：Maroon 5 - Payphone (ID: 1952737857) - 无损音质
[2026-02-25 05:21:29] 更新成功：G.E.M.邓紫棋 - 来自天堂的魔鬼 (ID: 36270426) - 标准、无损音质
[2026-02-25 05:21:31] 更新成功：郭静 - 下一个天亮 (ID: 233882) - 标准、无损音质
[2026-02-25 05:21:33] 更新成功：李荣浩 - 不将就 (ID: 31654343) - 标准、无损音质
[2026-02-25 05:21:35] 更新成功：雨爱 (ID: 316100) - 标准、无损音质
[2026-02-25 05:21:38] 更新成功：林宜融 - 同手同脚 (ID: 350482) - 标准、无损音质
[2026-02-25 05:21:40] 更新成功：孙燕姿 - 开始懂了 (ID: 287719) - 标准、无损音质
[2026-02-25 05:21:42] 更新成功：Beyond - 真的爱你 (ID: 346075) - 标准、无损音质
[2026-02-25 05:21:44] 更新成功：KUN - Colder (ID: 3351234875) - 标准、无损音质
[2026-02-25 05:21:46] 更新成功：陶喆 - 流沙 (ID: 150667) - 标准、无损音质
[2026-02-25 05:21:48] 更新成功：李毓芬 - 是我不够好 (ID: 410519050) - 标准、无损音质
[2026-02-25 05:21:50] 更新成功：陈奕迅 - 最佳损友 (ID: 65800) - 标准、无损音质
[2026-02-25 05:21:52] 更新成功：AGA - Wonderful U (Demo Version) (ID: 406475394) - 标准、无损音质
[2026-02-25 05:21:54] 更新成功：陈一豪Clear - 彩铃 (ID: 3339130832) - 标准、无损音质
[2026-02-25 05:21:56] 更新成功：Justin Bieber - Intentions (ID: 1421443440) - 标准、无损音质
[2026-02-25 05:21:58] 更新成功：林俊杰 - 我还想她 (ID: 108493) - 标准、无损音质
[2026-02-25 05:22:00] 更新成功：陈粒 - 走马 (ID: 2749430417) - 标准、无损音质
[2026-02-25 05:22:03] 更新成功：Top Barry - 发迹 (ID: 2099778087) - 标准、无损音质
[2026-02-25 05:22:05] 更新成功：蛋堡 - I Want You (ID: 76834) - 标准、无损音质
[2026-02-25 05:22:08] 更新成功：庾澄庆 - 春泥 (ID: 573968836) - 标准、无损音质
[2026-02-25 05:22:12] 更新成功：Vansdaddy - 身无居所 (ID: 3319817890) - 标准、无损音质
[2026-02-25 05:22:16] 更新成功：建坤YOUNG - 声音 (ID: 2031085185) - 标准、无损音质
[2026-02-25 05:22:19] 更新成功：岑宁儿 - 追光者 (ID: 483671599) - 标准、无损音质
[2026-02-25 05:22:20] 更新完成：成功更新 24 首歌曲
[2026-02-25 05:36:18] 开始更新音乐URL...
[2026-02-25 05:36:18] 备份创建成功：backups/music_data_2026-02-25_05-36-18.json
[2026-02-25 05:36:20] 更新成功：徐佳莹 - 一样的月光 (ID: 306665) - 标准、无损音质
[2026-02-25 05:36:22] 更新成功：Maroon 5 - Payphone (ID: 1952737857) - 标准、无损音质
[2026-02-25 05:36:24] 更新成功：G.E.M.邓紫棋 - 来自天堂的魔鬼 (ID: 36270426) - 标准、无损音质
[2026-02-25 05:36:26] 更新成功：郭静 - 下一个天亮 (ID: 233882) - 标准、无损音质
[2026-02-25 05:36:29] 更新成功：李荣浩 - 不将就 (ID: 31654343) - 标准、无损音质
[2026-02-25 05:36:31] 更新成功：雨爱 (ID: 316100) - 标准、无损音质
[2026-02-25 05:36:33] 更新成功：林宜融 - 同手同脚 (ID: 350482) - 标准、无损音质
[2026-02-25 05:36:35] 更新成功：孙燕姿 - 开始懂了 (ID: 287719) - 标准、无损音质
[2026-02-25 05:36:37] 更新成功：Beyond - 真的爱你 (ID: 346075) - 标准、无损音质
[2026-02-25 05:36:39] 更新成功：KUN - Colder (ID: 3351234875) - 标准、无损音质
[2026-02-25 05:36:42] 更新成功：陶喆 - 流沙 (ID: 150667) - 标准、无损音质
[2026-02-25 05:36:44] 更新成功：李毓芬 - 是我不够好 (ID: 410519050) - 标准、无损音质
[2026-02-25 05:36:46] 更新成功：陈奕迅 - 最佳损友 (ID: 65800) - 标准、无损音质
[2026-02-25 05:36:48] 更新成功：AGA - Wonderful U (Demo Version) (ID: 406475394) - 标准、无损音质
[2026-02-25 05:36:50] 更新成功：陈一豪Clear - 彩铃 (ID: 3339130832) - 标准、无损音质
[2026-02-25 05:36:52] 更新成功：Justin Bieber - Intentions (ID: 1421443440) - 标准、无损音质
[2026-02-25 05:36:54] 更新成功：林俊杰 - 我还想她 (ID: 108493) - 标准、无损音质
[2026-02-25 05:36:56] 更新成功：陈粒 - 走马 (ID: 2749430417) - 标准、无损音质
[2026-02-25 05:36:58] 更新成功：Top Barry - 发迹 (ID: 2099778087) - 标准、无损音质
[2026-02-25 05:37:00] 更新成功：蛋堡 - I Want You (ID: 76834) - 标准、无损音质
[2026-02-25 05:37:03] 更新成功：庾澄庆 - 春泥 (ID: 573968836) - 标准、无损音质
[2026-02-25 05:37:05] 更新成功：Vansdaddy - 身无居所 (ID: 3319817890) - 标准、无损音质
[2026-02-25 05:37:07] 更新成功：建坤YOUNG - 声音 (ID: 2031085185) - 标准、无损音质
[2026-02-25 05:37:09] 更新成功：岑宁儿 - 追光者 (ID: 483671599) - 标准、无损音质
[2026-02-25 05:37:09] 更新完成：成功更新 24 首歌曲
[2026-02-25 05:51:18] 开始更新音乐URL...
[2026-02-25 05:51:18] 备份创建成功：backups/music_data_2026-02-25_05-51-18.json
[2026-02-25 05:51:21] 更新成功：徐佳莹 - 一样的月光 (ID: 306665) - 标准、无损音质
[2026-02-25 05:51:23] 更新成功：Maroon 5 - Payphone (ID: 1952737857) - 标准、无损音质
[2026-02-25 05:51:25] 更新成功：G.E.M.邓紫棋 - 来自天堂的魔鬼 (ID: 36270426) - 标准、无损音质
[2026-02-25 05:51:28] 更新成功：郭静 - 下一个天亮 (ID: 233882) - 标准、无损音质
[2026-02-25 05:51:30] 更新成功：李荣浩 - 不将就 (ID: 31654343) - 标准、无损音质
[2026-02-25 05:51:32] 更新成功：雨爱 (ID: 316100) - 标准、无损音质
[2026-02-25 05:51:34] 更新成功：林宜融 - 同手同脚 (ID: 350482) - 标准、无损音质
[2026-02-25 05:51:36] 更新成功：孙燕姿 - 开始懂了 (ID: 287719) - 标准、无损音质
[2026-02-25 05:51:38] 更新成功：Beyond - 真的爱你 (ID: 346075) - 标准、无损音质
[2026-02-25 05:51:40] 更新成功：KUN - Colder (ID: 3351234875) - 标准、无损音质
[2026-02-25 05:51:43] 更新成功：陶喆 - 流沙 (ID: 150667) - 标准、无损音质
[2026-02-25 05:51:45] 更新成功：李毓芬 - 是我不够好 (ID: 410519050) - 标准、无损音质
[2026-02-25 05:51:47] 更新成功：陈奕迅 - 最佳损友 (ID: 65800) - 标准、无损音质
[2026-02-25 05:51:49] 更新成功：AGA - Wonderful U (Demo Version) (ID: 406475394) - 标准、无损音质
[2026-02-25 05:51:51] 更新成功：陈一豪Clear - 彩铃 (ID: 3339130832) - 标准、无损音质
[2026-02-25 05:51:55] 更新成功：Justin Bieber - Intentions (ID: 1421443440) - 标准、无损音质
[2026-02-25 05:51:58] 更新成功：林俊杰 - 我还想她 (ID: 108493) - 标准、无损音质
[2026-02-25 05:52:04] 更新成功：陈粒 - 走马 (ID: 2749430417) - 标准音质
[2026-02-25 05:52:06] 更新成功：Top Barry - 发迹 (ID: 2099778087) - 标准、无损音质
[2026-02-25 05:52:09] 更新成功：蛋堡 - I Want You (ID: 76834) - 标准、无损音质
[2026-02-25 05:52:11] 更新成功：庾澄庆 - 春泥 (ID: 573968836) - 标准、无损音质
[2026-02-25 05:52:13] 更新成功：Vansdaddy - 身无居所 (ID: 3319817890) - 标准、无损音质
[2026-02-25 05:52:15] 更新成功：建坤YOUNG - 声音 (ID: 2031085185) - 标准、无损音质
[2026-02-25 05:52:17] 更新成功：岑宁儿 - 追光者 (ID: 483671599) - 标准、无损音质
[2026-02-25 05:52:17] 更新完成：成功更新 24 首歌曲
[2026-02-25 06:06:18] 开始更新音乐URL...
[2026-02-25 06:06:18] 备份创建成功：backups/music_data_2026-02-25_06-06-18.json
[2026-02-25 06:06:20] 更新成功：徐佳莹 - 一样的月光 (ID: 306665) - 标准、无损音质
[2026-02-25 06:06:22] 更新成功：Maroon 5 - Payphone (ID: 1952737857) - 标准、无损音质
[2026-02-25 06:06:24] 更新成功：G.E.M.邓紫棋 - 来自天堂的魔鬼 (ID: 36270426) - 标准、无损音质
[2026-02-25 06:06:27] 更新成功：郭静 - 下一个天亮 (ID: 233882) - 标准、无损音质
[2026-02-25 06:06:29] 更新成功：李荣浩 - 不将就 (ID: 31654343) - 标准、无损音质
[2026-02-25 06:06:31] 更新成功：雨爱 (ID: 316100) - 标准、无损音质
[2026-02-25 06:06:33] 更新成功：林宜融 - 同手同脚 (ID: 350482) - 标准、无损音质
[2026-02-25 06:06:35] 更新成功：孙燕姿 - 开始懂了 (ID: 287719) - 标准、无损音质
[2026-02-25 06:06:37] 更新成功：Beyond - 真的爱你 (ID: 346075) - 标准、无损音质
[2026-02-25 06:06:39] 更新成功：KUN - Colder (ID: 3351234875) - 标准、无损音质
[2026-02-25 06:06:41] 更新成功：陶喆 - 流沙 (ID: 150667) - 标准、无损音质
[2026-02-25 06:06:43] 更新成功：李毓芬 - 是我不够好 (ID: 410519050) - 标准、无损音质
[2026-02-25 06:06:46] 更新成功：陈奕迅 - 最佳损友 (ID: 65800) - 标准、无损音质
[2026-02-25 06:06:48] 更新成功：AGA - Wonderful U (Demo Version) (ID: 406475394) - 标准、无损音质
[2026-02-25 06:06:50] 更新成功：陈一豪Clear - 彩铃 (ID: 3339130832) - 标准、无损音质
[2026-02-25 06:06:52] 更新成功：Justin Bieber - Intentions (ID: 1421443440) - 标准、无损音质
[2026-02-25 06:06:54] 更新成功：林俊杰 - 我还想她 (ID: 108493) - 标准、无损音质
[2026-02-25 06:06:56] 更新成功：陈粒 - 走马 (ID: 2749430417) - 标准、无损音质
[2026-02-25 06:06:58] 更新成功：Top Barry - 发迹 (ID: 2099778087) - 标准、无损音质
[2026-02-25 06:07:00] 更新成功：蛋堡 - I Want You (ID: 76834) - 标准、无损音质
[2026-02-25 06:07:02] 更新成功：庾澄庆 - 春泥 (ID: 573968836) - 标准、无损音质
[2026-02-25 06:07:04] 更新成功：Vansdaddy - 身无居所 (ID: 3319817890) - 标准、无损音质
[2026-02-25 06:07:06] 更新成功：建坤YOUNG - 声音 (ID: 2031085185) - 标准、无损音质
[2026-02-25 06:07:09] 更新成功：岑宁儿 - 追光者 (ID: 483671599) - 标准、无损音质
[2026-02-25 06:07:09] 更新完成：成功更新 24 首歌曲
[2026-02-25 06:21:18] 开始更新音乐URL...
[2026-02-25 06:21:18] 备份创建成功：backups/music_data_2026-02-25_06-21-18.json
[2026-02-25 06:21:20] 更新成功：徐佳莹 - 一样的月光 (ID: 306665) - 标准、无损音质
[2026-02-25 06:21:22] 更新成功：Maroon 5 - Payphone (ID: 1952737857) - 标准、无损音质
[2026-02-25 06:21:24] 更新成功：G.E.M.邓紫棋 - 来自天堂的魔鬼 (ID: 36270426) - 标准、无损音质
[2026-02-25 06:21:27] 更新成功：郭静 - 下一个天亮 (ID: 233882) - 标准、无损音质
[2026-02-25 06:21:33] 更新成功：李荣浩 - 不将就 (ID: 31654343) - 标准、无损音质
[2026-02-25 06:21:35] 更新成功：雨爱 (ID: 316100) - 标准、无损音质
[2026-02-25 06:21:37] 更新成功：林宜融 - 同手同脚 (ID: 350482) - 标准、无损音质
[2026-02-25 06:21:39] 更新成功：孙燕姿 - 开始懂了 (ID: 287719) - 标准、无损音质
[2026-02-25 06:21:41] 更新成功：Beyond - 真的爱你 (ID: 346075) - 标准、无损音质
[2026-02-25 06:21:43] 更新成功：KUN - Colder (ID: 3351234875) - 标准、无损音质
[2026-02-25 06:21:45] 更新成功：陶喆 - 流沙 (ID: 150667) - 标准、无损音质
[2026-02-25 06:21:47] 更新成功：李毓芬 - 是我不够好 (ID: 410519050) - 标准、无损音质
[2026-02-25 06:21:50] 更新成功：陈奕迅 - 最佳损友 (ID: 65800) - 标准、无损音质
[2026-02-25 06:21:52] 更新成功：AGA - Wonderful U (Demo Version) (ID: 406475394) - 标准、无损音质
[2026-02-25 06:21:54] 更新成功：陈一豪Clear - 彩铃 (ID: 3339130832) - 标准、无损音质
[2026-02-25 06:21:56] 更新成功：Justin Bieber - Intentions (ID: 1421443440) - 标准、无损音质
[2026-02-25 06:21:58] 更新成功：林俊杰 - 我还想她 (ID: 108493) - 标准、无损音质
[2026-02-25 06:22:00] 更新成功：陈粒 - 走马 (ID: 2749430417) - 标准、无损音质
[2026-02-25 06:22:02] 更新成功：Top Barry - 发迹 (ID: 2099778087) - 标准、无损音质
[2026-02-25 06:22:04] 更新成功：蛋堡 - I Want You (ID: 76834) - 标准、无损音质
[2026-02-25 06:22:06] 更新成功：庾澄庆 - 春泥 (ID: 573968836) - 标准、无损音质
[2026-02-25 06:22:08] 更新成功：Vansdaddy - 身无居所 (ID: 3319817890) - 标准、无损音质
[2026-02-25 06:22:10] 更新成功：建坤YOUNG - 声音 (ID: 2031085185) - 标准、无损音质
[2026-02-25 06:22:13] 更新成功：岑宁儿 - 追光者 (ID: 483671599) - 标准、无损音质
[2026-02-25 06:22:13] 更新完成：成功更新 24 首歌曲
[2026-02-25 06:36:18] 开始更新音乐URL...
[2026-02-25 06:36:18] 备份创建成功：backups/music_data_2026-02-25_06-36-18.json
[2026-02-25 06:36:21] 更新成功：徐佳莹 - 一样的月光 (ID: 306665) - 标准、无损音质
[2026-02-25 06:36:23] 更新成功：Maroon 5 - Payphone (ID: 1952737857) - 标准、无损音质
[2026-02-25 06:36:25] 更新成功：G.E.M.邓紫棋 - 来自天堂的魔鬼 (ID: 36270426) - 标准、无损音质
[2026-02-25 06:36:28] 更新成功：郭静 - 下一个天亮 (ID: 233882) - 标准、无损音质
[2026-02-25 06:36:30] 更新成功：李荣浩 - 不将就 (ID: 31654343) - 标准、无损音质
[2026-02-25 06:36:32] 更新成功：雨爱 (ID: 316100) - 标准、无损音质
[2026-02-25 06:36:34] 更新成功：林宜融 - 同手同脚 (ID: 350482) - 标准、无损音质
[2026-02-25 06:36:36] 更新成功：孙燕姿 - 开始懂了 (ID: 287719) - 标准、无损音质
[2026-02-25 06:36:38] 更新成功：Beyond - 真的爱你 (ID: 346075) - 标准、无损音质
[2026-02-25 06:36:40] 更新成功：KUN - Colder (ID: 3351234875) - 标准、无损音质
[2026-02-25 06:36:42] 更新成功：陶喆 - 流沙 (ID: 150667) - 标准、无损音质
[2026-02-25 06:36:44] 更新成功：李毓芬 - 是我不够好 (ID: 410519050) - 标准、无损音质
[2026-02-25 06:36:46] 更新成功：陈奕迅 - 最佳损友 (ID: 65800) - 标准、无损音质
[2026-02-25 06:36:49] 更新成功：AGA - Wonderful U (Demo Version) (ID: 406475394) - 标准、无损音质
[2026-02-25 06:36:51] 更新成功：陈一豪Clear - 彩铃 (ID: 3339130832) - 标准、无损音质
[2026-02-25 06:36:53] 更新成功：Justin Bieber - Intentions (ID: 1421443440) - 标准、无损音质
[2026-02-25 06:36:55] 更新成功：林俊杰 - 我还想她 (ID: 108493) - 标准、无损音质
[2026-02-25 06:36:57] 更新成功：陈粒 - 走马 (ID: 2749430417) - 标准、无损音质
[2026-02-25 06:36:59] 更新成功：Top Barry - 发迹 (ID: 2099778087) - 标准、无损音质
[2026-02-25 06:37:01] 更新成功：蛋堡 - I Want You (ID: 76834) - 标准、无损音质
[2026-02-25 06:37:03] 更新成功：庾澄庆 - 春泥 (ID: 573968836) - 标准、无损音质
[2026-02-25 06:37:05] 更新成功：Vansdaddy - 身无居所 (ID: 3319817890) - 标准、无损音质
[2026-02-25 06:37:07] 更新成功：建坤YOUNG - 声音 (ID: 2031085185) - 标准、无损音质
[2026-02-25 06:37:10] 更新成功：岑宁儿 - 追光者 (ID: 483671599) - 标准、无损音质
[2026-02-25 06:37:10] 更新完成：成功更新 24 首歌曲
[2026-02-25 06:51:18] 开始更新音乐URL...
[2026-02-25 06:51:18] 备份创建成功：backups/music_data_2026-02-25_06-51-18.json
[2026-02-25 06:51:20] 更新成功：徐佳莹 - 一样的月光 (ID: 306665) - 标准、无损音质
[2026-02-25 06:51:22] 更新成功：Maroon 5 - Payphone (ID: 1952737857) - 标准、无损音质
[2026-02-25 06:51:24] 更新成功：G.E.M.邓紫棋 - 来自天堂的魔鬼 (ID: 36270426) - 标准、无损音质
[2026-02-25 06:51:26] 更新成功：郭静 - 下一个天亮 (ID: 233882) - 标准、无损音质
[2026-02-25 06:51:29] 更新成功：李荣浩 - 不将就 (ID: 31654343) - 标准、无损音质
[2026-02-25 06:51:31] 更新成功：雨爱 (ID: 316100) - 标准、无损音质
[2026-02-25 06:51:33] 更新成功：林宜融 - 同手同脚 (ID: 350482) - 标准、无损音质
[2026-02-25 06:51:35] 更新成功：孙燕姿 - 开始懂了 (ID: 287719) - 标准、无损音质
[2026-02-25 06:51:37] 更新成功：Beyond - 真的爱你 (ID: 346075) - 标准、无损音质
[2026-02-25 06:51:39] 更新成功：KUN - Colder (ID: 3351234875) - 标准、无损音质
[2026-02-25 06:51:41] 更新成功：陶喆 - 流沙 (ID: 150667) - 标准、无损音质
[2026-02-25 06:51:43] 更新成功：李毓芬 - 是我不够好 (ID: 410519050) - 标准、无损音质
[2026-02-25 06:51:45] 更新成功：陈奕迅 - 最佳损友 (ID: 65800) - 标准、无损音质
[2026-02-25 06:51:47] 更新成功：AGA - Wonderful U (Demo Version) (ID: 406475394) - 标准、无损音质
[2026-02-25 06:51:49] 更新成功：陈一豪Clear - 彩铃 (ID: 3339130832) - 标准、无损音质
[2026-02-25 06:51:51] 更新成功：Justin Bieber - Intentions (ID: 1421443440) - 标准、无损音质
[2026-02-25 06:51:54] 更新成功：林俊杰 - 我还想她 (ID: 108493) - 标准、无损音质
[2026-02-25 06:51:56] 更新成功：陈粒 - 走马 (ID: 2749430417) - 标准、无损音质
[2026-02-25 06:51:58] 更新成功：Top Barry - 发迹 (ID: 2099778087) - 标准、无损音质
[2026-02-25 06:52:00] 更新成功：蛋堡 - I Want You (ID: 76834) - 标准、无损音质
[2026-02-25 06:52:02] 更新成功：庾澄庆 - 春泥 (ID: 573968836) - 标准、无损音质
[2026-02-25 06:52:04] 更新成功：Vansdaddy - 身无居所 (ID: 3319817890) - 标准、无损音质
[2026-02-25 06:52:06] 更新成功：建坤YOUNG - 声音 (ID: 2031085185) - 标准、无损音质
[2026-02-25 06:52:09] 更新成功：岑宁儿 - 追光者 (ID: 483671599) - 标准、无损音质
[2026-02-25 06:52:09] 更新完成：成功更新 24 首歌曲
[2026-02-25 07:06:18] 开始更新音乐URL...
[2026-02-25 07:06:18] 备份创建成功：backups/music_data_2026-02-25_07-06-18.json
[2026-02-25 07:06:20] 更新成功：徐佳莹 - 一样的月光 (ID: 306665) - 标准、无损音质
[2026-02-25 07:06:22] 更新成功：Maroon 5 - Payphone (ID: 1952737857) - 标准、无损音质
[2026-02-25 07:06:24] 更新成功：G.E.M.邓紫棋 - 来自天堂的魔鬼 (ID: 36270426) - 标准、无损音质
[2026-02-25 07:06:26] 更新成功：郭静 - 下一个天亮 (ID: 233882) - 标准、无损音质
[2026-02-25 07:06:29] 更新成功：李荣浩 - 不将就 (ID: 31654343) - 标准、无损音质
[2026-02-25 07:06:31] 更新成功：雨爱 (ID: 316100) - 标准、无损音质
[2026-02-25 07:06:33] 更新成功：林宜融 - 同手同脚 (ID: 350482) - 标准、无损音质
[2026-02-25 07:06:35] 更新成功：孙燕姿 - 开始懂了 (ID: 287719) - 标准、无损音质
[2026-02-25 07:06:37] 更新成功：Beyond - 真的爱你 (ID: 346075) - 标准、无损音质
[2026-02-25 07:06:39] 更新成功：KUN - Colder (ID: 3351234875) - 标准、无损音质
[2026-02-25 07:06:44] 更新成功：陶喆 - 流沙 (ID: 150667) - 标准、无损音质
[2026-02-25 07:06:46] 更新成功：李毓芬 - 是我不够好 (ID: 410519050) - 标准、无损音质
[2026-02-25 07:06:48] 更新成功：陈奕迅 - 最佳损友 (ID: 65800) - 标准、无损音质
[2026-02-25 07:06:50] 更新成功：AGA - Wonderful U (Demo Version) (ID: 406475394) - 标准、无损音质
[2026-02-25 07:06:52] 更新成功：陈一豪Clear - 彩铃 (ID: 3339130832) - 标准、无损音质
[2026-02-25 07:06:54] 更新成功：Justin Bieber - Intentions (ID: 1421443440) - 标准、无损音质
[2026-02-25 07:06:56] 更新成功：林俊杰 - 我还想她 (ID: 108493) - 标准、无损音质
[2026-02-25 07:06:58] 更新成功：陈粒 - 走马 (ID: 2749430417) - 标准、无损音质
[2026-02-25 07:07:00] 更新成功：Top Barry - 发迹 (ID: 2099778087) - 标准、无损音质
[2026-02-25 07:07:02] 更新成功：蛋堡 - I Want You (ID: 76834) - 标准、无损音质
[2026-02-25 07:07:05] 更新成功：庾澄庆 - 春泥 (ID: 573968836) - 标准、无损音质
[2026-02-25 07:07:09] 更新成功：Vansdaddy - 身无居所 (ID: 3319817890) - 标准、无损音质
[2026-02-25 07:07:15] 更新成功：建坤YOUNG - 声音 (ID: 2031085185) - 标准、无损音质
[2026-02-25 07:07:18] 更新成功：岑宁儿 - 追光者 (ID: 483671599) - 标准、无损音质
[2026-02-25 07:07:18] 更新完成：成功更新 24 首歌曲
[2026-02-25 07:21:18] 开始更新音乐URL...
[2026-02-25 07:21:18] 备份创建成功：backups/music_data_2026-02-25_07-21-18.json
[2026-02-25 07:21:20] 更新成功：徐佳莹 - 一样的月光 (ID: 306665) - 标准、无损音质
[2026-02-25 07:21:22] 更新成功：Maroon 5 - Payphone (ID: 1952737857) - 标准、无损音质
[2026-02-25 07:21:25] 更新成功：G.E.M.邓紫棋 - 来自天堂的魔鬼 (ID: 36270426) - 标准、无损音质
[2026-02-25 07:21:27] 更新成功：郭静 - 下一个天亮 (ID: 233882) - 标准、无损音质
[2026-02-25 07:21:29] 更新成功：李荣浩 - 不将就 (ID: 31654343) - 标准、无损音质
[2026-02-25 07:21:32] 更新成功：雨爱 (ID: 316100) - 标准、无损音质
[2026-02-25 07:21:35] 更新成功：林宜融 - 同手同脚 (ID: 350482) - 标准、无损音质
[2026-02-25 07:21:39] 更新成功：孙燕姿 - 开始懂了 (ID: 287719) - 标准、无损音质
[2026-02-25 07:21:43] 更新成功：Beyond - 真的爱你 (ID: 346075) - 标准、无损音质
[2026-02-25 07:21:48] 更新成功：KUN - Colder (ID: 3351234875) - 标准、无损音质
[2026-02-25 07:21:52] 更新成功：陶喆 - 流沙 (ID: 150667) - 标准、无损音质
[2026-02-25 07:21:55] 更新成功：李毓芬 - 是我不够好 (ID: 410519050) - 标准、无损音质
[2026-02-25 07:21:58] 更新成功：陈奕迅 - 最佳损友 (ID: 65800) - 标准、无损音质
[2026-02-25 07:22:00] 更新成功：AGA - Wonderful U (Demo Version) (ID: 406475394) - 标准、无损音质
[2026-02-25 07:22:02] 更新成功：陈一豪Clear - 彩铃 (ID: 3339130832) - 标准、无损音质
[2026-02-25 07:22:04] 更新成功：Justin Bieber - Intentions (ID: 1421443440) - 标准、无损音质
[2026-02-25 07:22:06] 更新成功：林俊杰 - 我还想她 (ID: 108493) - 标准、无损音质
[2026-02-25 07:22:08] 更新成功：陈粒 - 走马 (ID: 2749430417) - 标准、无损音质
[2026-02-25 07:22:10] 更新成功：Top Barry - 发迹 (ID: 2099778087) - 标准、无损音质
[2026-02-25 07:22:12] 更新成功：蛋堡 - I Want You (ID: 76834) - 标准、无损音质
[2026-02-25 07:22:14] 更新成功：庾澄庆 - 春泥 (ID: 573968836) - 标准、无损音质
[2026-02-25 07:22:17] 更新成功：Vansdaddy - 身无居所 (ID: 3319817890) - 标准、无损音质
[2026-02-25 07:22:20] 更新成功：建坤YOUNG - 声音 (ID: 2031085185) - 标准、无损音质
[2026-02-25 07:22:23] 更新成功：岑宁儿 - 追光者 (ID: 483671599) - 标准、无损音质
[2026-02-25 07:22:23] 更新完成：成功更新 24 首歌曲
[2026-02-25 07:36:18] 开始更新音乐URL...
[2026-02-25 07:36:18] 备份创建成功：backups/music_data_2026-02-25_07-36-18.json
[2026-02-25 07:36:20] 更新成功：徐佳莹 - 一样的月光 (ID: 306665) - 标准、无损音质
[2026-02-25 07:36:22] 更新成功：Maroon 5 - Payphone (ID: 1952737857) - 标准、无损音质
[2026-02-25 07:36:24] 更新成功：G.E.M.邓紫棋 - 来自天堂的魔鬼 (ID: 36270426) - 标准、无损音质
[2026-02-25 07:36:26] 更新成功：郭静 - 下一个天亮 (ID: 233882) - 标准、无损音质
[2026-02-25 07:36:29] 更新成功：李荣浩 - 不将就 (ID: 31654343) - 标准、无损音质
[2026-02-25 07:36:31] 更新成功：雨爱 (ID: 316100) - 标准、无损音质
[2026-02-25 07:36:33] 更新成功：林宜融 - 同手同脚 (ID: 350482) - 标准、无损音质
[2026-02-25 07:36:35] 更新成功：孙燕姿 - 开始懂了 (ID: 287719) - 标准、无损音质
[2026-02-25 07:36:37] 更新成功：Beyond - 真的爱你 (ID: 346075) - 标准、无损音质
[2026-02-25 07:36:39] 更新成功：KUN - Colder (ID: 3351234875) - 标准、无损音质
[2026-02-25 07:36:41] 更新成功：陶喆 - 流沙 (ID: 150667) - 标准、无损音质
[2026-02-25 07:36:43] 更新成功：李毓芬 - 是我不够好 (ID: 410519050) - 标准、无损音质
[2026-02-25 07:36:50] 更新成功：陈奕迅 - 最佳损友 (ID: 65800) - 标准音质
[2026-02-25 07:36:52] 更新成功：AGA - Wonderful U (Demo Version) (ID: 406475394) - 标准、无损音质
[2026-02-25 07:36:55] 更新成功：陈一豪Clear - 彩铃 (ID: 3339130832) - 标准、无损音质
[2026-02-25 07:36:57] 更新成功：Justin Bieber - Intentions (ID: 1421443440) - 标准、无损音质
[2026-02-25 07:36:59] 更新成功：林俊杰 - 我还想她 (ID: 108493) - 标准、无损音质
[2026-02-25 07:37:01] 更新成功：陈粒 - 走马 (ID: 2749430417) - 标准、无损音质
[2026-02-25 07:37:03] 更新成功：Top Barry - 发迹 (ID: 2099778087) - 标准、无损音质
[2026-02-25 07:37:05] 更新成功：蛋堡 - I Want You (ID: 76834) - 标准、无损音质
[2026-02-25 07:37:07] 更新成功：庾澄庆 - 春泥 (ID: 573968836) - 标准、无损音质
[2026-02-25 07:37:09] 更新成功：Vansdaddy - 身无居所 (ID: 3319817890) - 标准、无损音质
[2026-02-25 07:37:11] 更新成功：建坤YOUNG - 声音 (ID: 2031085185) - 标准、无损音质
[2026-02-25 07:37:13] 更新成功：岑宁儿 - 追光者 (ID: 483671599) - 标准、无损音质
[2026-02-25 07:37:14] 更新完成：成功更新 24 首歌曲
[2026-02-25 07:51:18] 开始更新音乐URL...
[2026-02-25 07:51:18] 备份创建成功：backups/music_data_2026-02-25_07-51-18.json
[2026-02-25 07:51:20] 更新成功：徐佳莹 - 一样的月光 (ID: 306665) - 标准、无损音质
[2026-02-25 07:51:22] 更新成功：Maroon 5 - Payphone (ID: 1952737857) - 标准、无损音质
[2026-02-25 07:51:24] 更新成功：G.E.M.邓紫棋 - 来自天堂的魔鬼 (ID: 36270426) - 标准、无损音质
[2026-02-25 07:51:27] 更新成功：郭静 - 下一个天亮 (ID: 233882) - 标准、无损音质
[2026-02-25 07:51:29] 更新成功：李荣浩 - 不将就 (ID: 31654343) - 标准、无损音质
[2026-02-25 07:51:33] 更新成功：雨爱 (ID: 316100) - 标准、无损音质
[2026-02-25 07:51:36] 更新成功：林宜融 - 同手同脚 (ID: 350482) - 标准、无损音质
[2026-02-25 07:51:39] 更新成功：孙燕姿 - 开始懂了 (ID: 287719) - 标准、无损音质
[2026-02-25 07:51:41] 更新成功：Beyond - 真的爱你 (ID: 346075) - 标准、无损音质
[2026-02-25 07:51:43] 更新成功：KUN - Colder (ID: 3351234875) - 标准、无损音质
[2026-02-25 07:51:45] 更新成功：陶喆 - 流沙 (ID: 150667) - 标准、无损音质
[2026-02-25 07:51:47] 更新成功：李毓芬 - 是我不够好 (ID: 410519050) - 标准、无损音质
[2026-02-25 07:51:49] 更新成功：陈奕迅 - 最佳损友 (ID: 65800) - 标准、无损音质
[2026-02-25 07:51:52] 更新成功：AGA - Wonderful U (Demo Version) (ID: 406475394) - 标准、无损音质
[2026-02-25 07:51:54] 更新成功：陈一豪Clear - 彩铃 (ID: 3339130832) - 标准、无损音质
[2026-02-25 07:51:58] 更新成功：Justin Bieber - Intentions (ID: 1421443440) - 标准、无损音质
[2026-02-25 07:52:00] 更新成功：林俊杰 - 我还想她 (ID: 108493) - 标准、无损音质
[2026-02-25 07:52:02] 更新成功：陈粒 - 走马 (ID: 2749430417) - 标准、无损音质
[2026-02-25 07:52:04] 更新成功：Top Barry - 发迹 (ID: 2099778087) - 标准、无损音质
[2026-02-25 07:52:06] 更新成功：蛋堡 - I Want You (ID: 76834) - 标准、无损音质
[2026-02-25 07:52:08] 更新成功：庾澄庆 - 春泥 (ID: 573968836) - 标准、无损音质
[2026-02-25 07:52:10] 更新成功：Vansdaddy - 身无居所 (ID: 3319817890) - 标准、无损音质
[2026-02-25 07:52:13] 更新成功：建坤YOUNG - 声音 (ID: 2031085185) - 标准、无损音质
[2026-02-25 07:52:15] 更新成功：岑宁儿 - 追光者 (ID: 483671599) - 标准、无损音质
[2026-02-25 07:52:15] 更新完成：成功更新 24 首歌曲
[2026-02-25 08:06:18] 开始更新音乐URL...
[2026-02-25 08:06:18] 备份创建成功：backups/music_data_2026-02-25_08-06-18.json
[2026-02-25 08:06:22] 更新成功：徐佳莹 - 一样的月光 (ID: 306665) - 标准、无损音质
[2026-02-25 08:06:24] 更新成功：Maroon 5 - Payphone (ID: 1952737857) - 标准、无损音质
[2026-02-25 08:06:26] 更新成功：G.E.M.邓紫棋 - 来自天堂的魔鬼 (ID: 36270426) - 标准、无损音质
[2026-02-25 08:06:28] 更新成功：郭静 - 下一个天亮 (ID: 233882) - 标准、无损音质
[2026-02-25 08:06:30] 更新成功：李荣浩 - 不将就 (ID: 31654343) - 标准、无损音质
[2026-02-25 08:06:32] 更新成功：雨爱 (ID: 316100) - 标准、无损音质
[2026-02-25 08:06:34] 更新成功：林宜融 - 同手同脚 (ID: 350482) - 标准、无损音质
[2026-02-25 08:06:36] 更新成功：孙燕姿 - 开始懂了 (ID: 287719) - 标准、无损音质
[2026-02-25 08:06:38] 更新成功：Beyond - 真的爱你 (ID: 346075) - 标准、无损音质
[2026-02-25 08:06:40] 更新成功：KUN - Colder (ID: 3351234875) - 标准、无损音质
[2026-02-25 08:06:43] 更新成功：陶喆 - 流沙 (ID: 150667) - 标准、无损音质
[2026-02-25 08:06:45] 更新成功：李毓芬 - 是我不够好 (ID: 410519050) - 标准、无损音质
[2026-02-25 08:06:47] 更新成功：陈奕迅 - 最佳损友 (ID: 65800) - 标准、无损音质
[2026-02-25 08:06:49] 更新成功：AGA - Wonderful U (Demo Version) (ID: 406475394) - 标准、无损音质
[2026-02-25 08:06:56] 更新成功：陈一豪Clear - 彩铃 (ID: 3339130832) - 标准音质
[2026-02-25 08:06:58] 更新成功：Justin Bieber - Intentions (ID: 1421443440) - 标准、无损音质
[2026-02-25 08:07:00] 更新成功：林俊杰 - 我还想她 (ID: 108493) - 标准、无损音质
[2026-02-25 08:07:02] 更新成功：陈粒 - 走马 (ID: 2749430417) - 标准、无损音质
[2026-02-25 08:07:05] 更新成功：Top Barry - 发迹 (ID: 2099778087) - 标准、无损音质
[2026-02-25 08:07:07] 更新成功：蛋堡 - I Want You (ID: 76834) - 标准、无损音质
[2026-02-25 08:07:09] 更新成功：庾澄庆 - 春泥 (ID: 573968836) - 标准、无损音质
[2026-02-25 08:07:11] 更新成功：Vansdaddy - 身无居所 (ID: 3319817890) - 标准、无损音质
[2026-02-25 08:07:13] 更新成功：建坤YOUNG - 声音 (ID: 2031085185) - 标准、无损音质
[2026-02-25 08:07:15] 更新成功：岑宁儿 - 追光者 (ID: 483671599) - 标准、无损音质
[2026-02-25 08:07:16] 更新完成：成功更新 24 首歌曲
[2026-02-25 08:21:18] 开始更新音乐URL...
[2026-02-25 08:21:18] 备份创建成功：backups/music_data_2026-02-25_08-21-18.json
[2026-02-25 08:21:20] 更新成功：徐佳莹 - 一样的月光 (ID: 306665) - 标准、无损音质
[2026-02-25 08:21:23] 更新成功：Maroon 5 - Payphone (ID: 1952737857) - 标准、无损音质
[2026-02-25 08:21:25] 更新成功：G.E.M.邓紫棋 - 来自天堂的魔鬼 (ID: 36270426) - 标准、无损音质
[2026-02-25 08:21:28] 更新成功：郭静 - 下一个天亮 (ID: 233882) - 标准、无损音质
[2026-02-25 08:21:30] 更新成功：李荣浩 - 不将就 (ID: 31654343) - 标准、无损音质
[2026-02-25 08:21:32] 更新成功：雨爱 (ID: 316100) - 标准、无损音质
[2026-02-25 08:21:35] 更新成功：林宜融 - 同手同脚 (ID: 350482) - 标准、无损音质
[2026-02-25 08:21:37] 更新成功：孙燕姿 - 开始懂了 (ID: 287719) - 标准、无损音质
[2026-02-25 08:21:39] 更新成功：Beyond - 真的爱你 (ID: 346075) - 标准、无损音质
[2026-02-25 08:21:41] 更新成功：KUN - Colder (ID: 3351234875) - 标准、无损音质
[2026-02-25 08:21:44] 更新成功：陶喆 - 流沙 (ID: 150667) - 标准、无损音质
[2026-02-25 08:21:46] 更新成功：李毓芬 - 是我不够好 (ID: 410519050) - 标准、无损音质
[2026-02-25 08:21:48] 更新成功：陈奕迅 - 最佳损友 (ID: 65800) - 标准、无损音质
[2026-02-25 08:21:51] 更新成功：AGA - Wonderful U (Demo Version) (ID: 406475394) - 标准、无损音质
[2026-02-25 08:21:53] 更新成功：陈一豪Clear - 彩铃 (ID: 3339130832) - 标准、无损音质
[2026-02-25 08:21:55] 更新成功：Justin Bieber - Intentions (ID: 1421443440) - 标准、无损音质
[2026-02-25 08:21:58] 更新成功：林俊杰 - 我还想她 (ID: 108493) - 标准、无损音质
[2026-02-25 08:22:00] 更新成功：陈粒 - 走马 (ID: 2749430417) - 标准、无损音质
[2026-02-25 08:22:03] 更新成功：Top Barry - 发迹 (ID: 2099778087) - 标准、无损音质
[2026-02-25 08:22:06] 更新成功：蛋堡 - I Want You (ID: 76834) - 标准、无损音质
[2026-02-25 08:22:08] 更新成功：庾澄庆 - 春泥 (ID: 573968836) - 标准、无损音质
[2026-02-25 08:22:11] 更新成功：Vansdaddy - 身无居所 (ID: 3319817890) - 标准、无损音质
[2026-02-25 08:22:13] 更新成功：建坤YOUNG - 声音 (ID: 2031085185) - 标准、无损音质
[2026-02-25 08:22:16] 更新成功：岑宁儿 - 追光者 (ID: 483671599) - 标准、无损音质
[2026-02-25 08:22:17] 更新完成：成功更新 24 首歌曲
[2026-02-25 08:36:18] 开始更新音乐URL...
[2026-02-25 08:36:18] 备份创建成功：backups/music_data_2026-02-25_08-36-18.json
[2026-02-25 08:36:21] 更新成功：徐佳莹 - 一样的月光 (ID: 306665) - 标准、无损音质
[2026-02-25 08:36:24] 更新成功：Maroon 5 - Payphone (ID: 1952737857) - 标准、无损音质
[2026-02-25 08:36:28] 更新成功：G.E.M.邓紫棋 - 来自天堂的魔鬼 (ID: 36270426) - 标准、无损音质
[2026-02-25 08:36:30] 更新成功：郭静 - 下一个天亮 (ID: 233882) - 标准、无损音质
[2026-02-25 08:36:37] 更新成功：李荣浩 - 不将就 (ID: 31654343) - 无损音质
[2026-02-25 08:36:39] 更新成功：雨爱 (ID: 316100) - 标准、无损音质
[2026-02-25 08:36:41] 更新成功：林宜融 - 同手同脚 (ID: 350482) - 标准、无损音质
[2026-02-25 08:36:43] 更新成功：孙燕姿 - 开始懂了 (ID: 287719) - 标准、无损音质
[2026-02-25 08:36:46] 更新成功：Beyond - 真的爱你 (ID: 346075) - 标准、无损音质
[2026-02-25 08:36:48] 更新成功：KUN - Colder (ID: 3351234875) - 标准、无损音质
[2026-02-25 08:36:50] 更新成功：陶喆 - 流沙 (ID: 150667) - 标准、无损音质
[2026-02-25 08:36:53] 更新成功：李毓芬 - 是我不够好 (ID: 410519050) - 标准、无损音质
[2026-02-25 08:36:55] 更新成功：陈奕迅 - 最佳损友 (ID: 65800) - 标准、无损音质
[2026-02-25 08:36:57] 更新成功：AGA - Wonderful U (Demo Version) (ID: 406475394) - 标准、无损音质
[2026-02-25 08:37:01] 更新成功：陈一豪Clear - 彩铃 (ID: 3339130832) - 标准、无损音质
[2026-02-25 08:37:03] 更新成功：Justin Bieber - Intentions (ID: 1421443440) - 标准、无损音质
[2026-02-25 08:37:06] 更新成功：林俊杰 - 我还想她 (ID: 108493) - 标准、无损音质
[2026-02-25 08:37:08] 更新成功：陈粒 - 走马 (ID: 2749430417) - 标准、无损音质
[2026-02-25 08:37:11] 更新成功：Top Barry - 发迹 (ID: 2099778087) - 标准、无损音质
[2026-02-25 08:37:13] 更新成功：蛋堡 - I Want You (ID: 76834) - 标准、无损音质
[2026-02-25 08:37:15] 更新成功：庾澄庆 - 春泥 (ID: 573968836) - 标准、无损音质
[2026-02-25 08:37:17] 更新成功：Vansdaddy - 身无居所 (ID: 3319817890) - 标准、无损音质
[2026-02-25 08:37:19] 更新成功：建坤YOUNG - 声音 (ID: 2031085185) - 标准、无损音质
[2026-02-25 08:37:22] 更新成功：岑宁儿 - 追光者 (ID: 483671599) - 标准、无损音质
[2026-02-25 08:37:22] 更新完成：成功更新 24 首歌曲
[2026-02-25 08:51:18] 开始更新音乐URL...
[2026-02-25 08:51:18] 备份创建成功：backups/music_data_2026-02-25_08-51-18.json
[2026-02-25 08:51:20] 更新成功：徐佳莹 - 一样的月光 (ID: 306665) - 标准、无损音质
[2026-02-25 08:51:23] 更新成功：Maroon 5 - Payphone (ID: 1952737857) - 标准、无损音质
[2026-02-25 08:51:25] 更新成功：G.E.M.邓紫棋 - 来自天堂的魔鬼 (ID: 36270426) - 标准、无损音质
[2026-02-25 08:51:27] 更新成功：郭静 - 下一个天亮 (ID: 233882) - 标准、无损音质
[2026-02-25 08:51:29] 更新成功：李荣浩 - 不将就 (ID: 31654343) - 标准、无损音质
[2026-02-25 08:51:31] 更新成功：雨爱 (ID: 316100) - 标准、无损音质
[2026-02-25 08:51:33] 更新成功：林宜融 - 同手同脚 (ID: 350482) - 标准、无损音质
[2026-02-25 08:51:35] 更新成功：孙燕姿 - 开始懂了 (ID: 287719) - 标准、无损音质
[2026-02-25 08:51:37] 更新成功：Beyond - 真的爱你 (ID: 346075) - 标准、无损音质
[2026-02-25 08:51:39] 更新成功：KUN - Colder (ID: 3351234875) - 标准、无损音质
[2026-02-25 08:51:42] 更新成功：陶喆 - 流沙 (ID: 150667) - 标准、无损音质
[2026-02-25 08:51:44] 更新成功：李毓芬 - 是我不够好 (ID: 410519050) - 标准、无损音质
[2026-02-25 08:51:46] 更新成功：陈奕迅 - 最佳损友 (ID: 65800) - 标准、无损音质
[2026-02-25 08:51:48] 更新成功：AGA - Wonderful U (Demo Version) (ID: 406475394) - 标准、无损音质
[2026-02-25 08:51:50] 更新成功：陈一豪Clear - 彩铃 (ID: 3339130832) - 标准、无损音质
[2026-02-25 08:51:52] 更新成功：Justin Bieber - Intentions (ID: 1421443440) - 标准、无损音质
[2026-02-25 08:51:54] 更新成功：林俊杰 - 我还想她 (ID: 108493) - 标准、无损音质
[2026-02-25 08:51:56] 更新成功：陈粒 - 走马 (ID: 2749430417) - 标准、无损音质
[2026-02-25 08:51:58] 更新成功：Top Barry - 发迹 (ID: 2099778087) - 标准、无损音质
[2026-02-25 08:52:04] 更新成功：蛋堡 - I Want You (ID: 76834) - 标准、无损音质
[2026-02-25 08:52:06] 更新成功：庾澄庆 - 春泥 (ID: 573968836) - 标准、无损音质
[2026-02-25 08:52:09] 更新成功：Vansdaddy - 身无居所 (ID: 3319817890) - 标准、无损音质
[2026-02-25 08:52:11] 更新成功：建坤YOUNG - 声音 (ID: 2031085185) - 标准、无损音质
[2026-02-25 08:52:13] 更新成功：岑宁儿 - 追光者 (ID: 483671599) - 标准、无损音质
[2026-02-25 08:52:13] 更新完成：成功更新 24 首歌曲
[2026-02-25 09:06:18] 开始更新音乐URL...
[2026-02-25 09:06:18] 备份创建成功：backups/music_data_2026-02-25_09-06-18.json
[2026-02-25 09:06:20] 更新成功：徐佳莹 - 一样的月光 (ID: 306665) - 标准、无损音质
[2026-02-25 09:06:22] 更新成功：Maroon 5 - Payphone (ID: 1952737857) - 标准、无损音质
[2026-02-25 09:06:25] 更新成功：G.E.M.邓紫棋 - 来自天堂的魔鬼 (ID: 36270426) - 标准、无损音质
[2026-02-25 09:06:27] 更新成功：郭静 - 下一个天亮 (ID: 233882) - 标准、无损音质
[2026-02-25 09:06:29] 更新成功：李荣浩 - 不将就 (ID: 31654343) - 标准、无损音质
[2026-02-25 09:06:31] 更新成功：雨爱 (ID: 316100) - 标准、无损音质
[2026-02-25 09:06:34] 更新成功：林宜融 - 同手同脚 (ID: 350482) - 标准、无损音质
[2026-02-25 09:06:36] 更新成功：孙燕姿 - 开始懂了 (ID: 287719) - 标准、无损音质
[2026-02-25 09:06:39] 更新成功：Beyond - 真的爱你 (ID: 346075) - 标准、无损音质
[2026-02-25 09:06:41] 更新成功：KUN - Colder (ID: 3351234875) - 标准、无损音质
[2026-02-25 09:06:43] 更新成功：陶喆 - 流沙 (ID: 150667) - 标准、无损音质
[2026-02-25 09:06:46] 更新成功：李毓芬 - 是我不够好 (ID: 410519050) - 标准、无损音质
[2026-02-25 09:06:48] 更新成功：陈奕迅 - 最佳损友 (ID: 65800) - 标准、无损音质
[2026-02-25 09:06:51] 更新成功：AGA - Wonderful U (Demo Version) (ID: 406475394) - 标准、无损音质
[2026-02-25 09:06:53] 更新成功：陈一豪Clear - 彩铃 (ID: 3339130832) - 标准、无损音质
[2026-02-25 09:06:55] 更新成功：Justin Bieber - Intentions (ID: 1421443440) - 标准、无损音质
[2026-02-25 09:06:58] 更新成功：林俊杰 - 我还想她 (ID: 108493) - 标准、无损音质
[2026-02-25 09:07:00] 更新成功：陈粒 - 走马 (ID: 2749430417) - 标准、无损音质
[2026-02-25 09:07:02] 更新成功：Top Barry - 发迹 (ID: 2099778087) - 标准、无损音质
[2026-02-25 09:07:05] 更新成功：蛋堡 - I Want You (ID: 76834) - 标准、无损音质
[2026-02-25 09:07:07] 更新成功：庾澄庆 - 春泥 (ID: 573968836) - 标准、无损音质
[2026-02-25 09:07:10] 更新成功：Vansdaddy - 身无居所 (ID: 3319817890) - 标准、无损音质
[2026-02-25 09:07:12] 更新成功：建坤YOUNG - 声音 (ID: 2031085185) - 标准、无损音质
[2026-02-25 09:07:14] 更新成功：岑宁儿 - 追光者 (ID: 483671599) - 标准、无损音质
[2026-02-25 09:07:15] 更新完成：成功更新 24 首歌曲
[2026-02-25 09:21:18] 开始更新音乐URL...
[2026-02-25 09:21:18] 备份创建成功：backups/music_data_2026-02-25_09-21-18.json
[2026-02-25 09:21:28] 更新成功：徐佳莹 - 一样的月光 (ID: 306665) - 标准、无损音质
[2026-02-25 09:21:34] 更新成功：Maroon 5 - Payphone (ID: 1952737857) - 标准、无损音质
[2026-02-25 09:21:39] 更新成功：G.E.M.邓紫棋 - 来自天堂的魔鬼 (ID: 36270426) - 标准、无损音质
[2026-02-25 09:21:44] 更新成功：郭静 - 下一个天亮 (ID: 233882) - 标准、无损音质
[2026-02-25 09:21:50] 更新成功：李荣浩 - 不将就 (ID: 31654343) - 标准、无损音质
[2026-02-25 09:21:54] 更新成功：雨爱 (ID: 316100) - 标准、无损音质
[2026-02-25 09:22:00] 更新成功：林宜融 - 同手同脚 (ID: 350482) - 标准、无损音质
[2026-02-25 09:22:05] 更新成功：孙燕姿 - 开始懂了 (ID: 287719) - 标准、无损音质
[2026-02-25 09:22:11] 更新成功：Beyond - 真的爱你 (ID: 346075) - 标准、无损音质
[2026-02-25 09:22:16] 更新成功：KUN - Colder (ID: 3351234875) - 标准、无损音质
[2026-02-25 09:22:21] 更新成功：陶喆 - 流沙 (ID: 150667) - 标准、无损音质
[2026-02-25 09:22:26] 更新成功：李毓芬 - 是我不够好 (ID: 410519050) - 标准、无损音质
[2026-02-25 09:22:31] 更新成功：陈奕迅 - 最佳损友 (ID: 65800) - 标准、无损音质
[2026-02-25 09:22:36] 更新成功：AGA - Wonderful U (Demo Version) (ID: 406475394) - 标准、无损音质
[2026-02-25 09:22:41] 更新成功：陈一豪Clear - 彩铃 (ID: 3339130832) - 标准、无损音质
[2026-02-25 09:22:47] 更新成功：Justin Bieber - Intentions (ID: 1421443440) - 标准、无损音质
[2026-02-25 09:22:51] 更新成功：林俊杰 - 我还想她 (ID: 108493) - 标准、无损音质
[2026-02-25 09:22:56] 更新成功：陈粒 - 走马 (ID: 2749430417) - 标准、无损音质
[2026-02-25 09:23:00] 更新成功：Top Barry - 发迹 (ID: 2099778087) - 标准、无损音质
[2026-02-25 09:23:05] 更新成功：蛋堡 - I Want You (ID: 76834) - 标准、无损音质
[2026-02-25 09:23:10] 更新成功：庾澄庆 - 春泥 (ID: 573968836) - 标准、无损音质
[2026-02-25 09:23:14] 更新成功：Vansdaddy - 身无居所 (ID: 3319817890) - 标准、无损音质
[2026-02-25 09:23:18] 更新成功：建坤YOUNG - 声音 (ID: 2031085185) - 标准、无损音质
[2026-02-25 09:23:22] 更新成功：岑宁儿 - 追光者 (ID: 483671599) - 标准、无损音质
[2026-02-25 09:23:23] 更新完成：成功更新 24 首歌曲
[2026-02-25 09:36:18] 开始更新音乐URL...
[2026-02-25 09:36:18] 备份创建成功：backups/music_data_2026-02-25_09-36-18.json
[2026-02-25 09:36:20] 更新成功：徐佳莹 - 一样的月光 (ID: 306665) - 标准、无损音质
[2026-02-25 09:36:22] 更新成功：Maroon 5 - Payphone (ID: 1952737857) - 标准、无损音质
[2026-02-25 09:36:25] 更新成功：G.E.M.邓紫棋 - 来自天堂的魔鬼 (ID: 36270426) - 标准、无损音质
[2026-02-25 09:36:27] 更新成功：郭静 - 下一个天亮 (ID: 233882) - 标准、无损音质
[2026-02-25 09:36:29] 更新成功：李荣浩 - 不将就 (ID: 31654343) - 标准、无损音质
[2026-02-25 09:36:32] 更新成功：雨爱 (ID: 316100) - 标准、无损音质
[2026-02-25 09:36:34] 更新成功：林宜融 - 同手同脚 (ID: 350482) - 标准、无损音质
[2026-02-25 09:36:37] 更新成功：孙燕姿 - 开始懂了 (ID: 287719) - 标准、无损音质
[2026-02-25 09:36:39] 更新成功：Beyond - 真的爱你 (ID: 346075) - 标准、无损音质
[2026-02-25 09:36:42] 更新成功：KUN - Colder (ID: 3351234875) - 标准、无损音质
[2026-02-25 09:36:48] 更新成功：陶喆 - 流沙 (ID: 150667) - 标准、无损音质
[2026-02-25 09:36:50] 更新成功：李毓芬 - 是我不够好 (ID: 410519050) - 标准、无损音质
[2026-02-25 09:36:53] 更新成功：陈奕迅 - 最佳损友 (ID: 65800) - 标准、无损音质
[2026-02-25 09:36:55] 更新成功：AGA - Wonderful U (Demo Version) (ID: 406475394) - 标准、无损音质
[2026-02-25 09:36:58] 更新成功：陈一豪Clear - 彩铃 (ID: 3339130832) - 标准、无损音质
[2026-02-25 09:37:00] 更新成功：Justin Bieber - Intentions (ID: 1421443440) - 标准、无损音质
[2026-02-25 09:37:03] 更新成功：林俊杰 - 我还想她 (ID: 108493) - 标准、无损音质
[2026-02-25 09:37:05] 更新成功：陈粒 - 走马 (ID: 2749430417) - 标准、无损音质
[2026-02-25 09:37:08] 更新成功：Top Barry - 发迹 (ID: 2099778087) - 标准、无损音质
[2026-02-25 09:37:10] 更新成功：蛋堡 - I Want You (ID: 76834) - 标准、无损音质
[2026-02-25 09:37:13] 更新成功：庾澄庆 - 春泥 (ID: 573968836) - 标准、无损音质
[2026-02-25 09:37:15] 更新成功：Vansdaddy - 身无居所 (ID: 3319817890) - 标准、无损音质
[2026-02-25 09:37:17] 更新成功：建坤YOUNG - 声音 (ID: 2031085185) - 标准、无损音质
[2026-02-25 09:37:22] 更新成功：岑宁儿 - 追光者 (ID: 483671599) - 标准、无损音质
[2026-02-25 09:37:23] 更新完成：成功更新 24 首歌曲
[2026-02-25 09:51:19] 开始更新音乐URL...
[2026-02-25 09:51:19] 备份创建成功：backups/music_data_2026-02-25_09-51-19.json
[2026-02-25 09:51:21] 更新成功：徐佳莹 - 一样的月光 (ID: 306665) - 标准、无损音质
[2026-02-25 09:51:23] 更新成功：Maroon 5 - Payphone (ID: 1952737857) - 标准、无损音质
[2026-02-25 09:51:27] 更新成功：G.E.M.邓紫棋 - 来自天堂的魔鬼 (ID: 36270426) - 标准、无损音质
[2026-02-25 09:51:29] 更新成功：郭静 - 下一个天亮 (ID: 233882) - 标准、无损音质
[2026-02-25 09:51:32] 更新成功：李荣浩 - 不将就 (ID: 31654343) - 标准、无损音质
[2026-02-25 09:51:34] 更新成功：雨爱 (ID: 316100) - 标准、无损音质
[2026-02-25 09:51:37] 更新成功：林宜融 - 同手同脚 (ID: 350482) - 标准、无损音质
[2026-02-25 09:51:39] 更新成功：孙燕姿 - 开始懂了 (ID: 287719) - 标准、无损音质
[2026-02-25 09:51:42] 更新成功：Beyond - 真的爱你 (ID: 346075) - 标准、无损音质
[2026-02-25 09:51:44] 更新成功：KUN - Colder (ID: 3351234875) - 标准、无损音质
[2026-02-25 09:51:47] 更新成功：陶喆 - 流沙 (ID: 150667) - 标准、无损音质
[2026-02-25 09:51:49] 更新成功：李毓芬 - 是我不够好 (ID: 410519050) - 标准、无损音质
[2026-02-25 09:51:52] 更新成功：陈奕迅 - 最佳损友 (ID: 65800) - 标准、无损音质
[2026-02-25 09:51:54] 更新成功：AGA - Wonderful U (Demo Version) (ID: 406475394) - 标准、无损音质
[2026-02-25 09:51:56] 更新成功：陈一豪Clear - 彩铃 (ID: 3339130832) - 标准、无损音质
[2026-02-25 09:51:59] 更新成功：Justin Bieber - Intentions (ID: 1421443440) - 标准、无损音质
[2026-02-25 09:52:01] 更新成功：林俊杰 - 我还想她 (ID: 108493) - 标准、无损音质
[2026-02-25 09:52:04] 更新成功：陈粒 - 走马 (ID: 2749430417) - 标准、无损音质
[2026-02-25 09:52:06] 更新成功：Top Barry - 发迹 (ID: 2099778087) - 标准、无损音质
[2026-02-25 09:52:09] 更新成功：蛋堡 - I Want You (ID: 76834) - 标准、无损音质
[2026-02-25 09:52:13] 更新成功：庾澄庆 - 春泥 (ID: 573968836) - 标准、无损音质
[2026-02-25 09:52:16] 更新成功：Vansdaddy - 身无居所 (ID: 3319817890) - 标准、无损音质
[2026-02-25 09:52:18] 更新成功：建坤YOUNG - 声音 (ID: 2031085185) - 标准、无损音质
[2026-02-25 09:52:20] 更新成功：岑宁儿 - 追光者 (ID: 483671599) - 标准、无损音质
[2026-02-25 09:52:21] 更新完成：成功更新 24 首歌曲
[2026-02-25 10:06:18] 开始更新音乐URL...
[2026-02-25 10:06:18] 备份创建成功：backups/music_data_2026-02-25_10-06-18.json
[2026-02-25 10:06:20] 更新成功：徐佳莹 - 一样的月光 (ID: 306665) - 标准、无损音质
[2026-02-25 10:06:22] 更新成功：Maroon 5 - Payphone (ID: 1952737857) - 标准、无损音质
[2026-02-25 10:06:25] 更新成功：G.E.M.邓紫棋 - 来自天堂的魔鬼 (ID: 36270426) - 标准、无损音质
[2026-02-25 10:06:32] 更新成功：郭静 - 下一个天亮 (ID: 233882) - 无损音质
[2026-02-25 10:06:34] 更新成功：李荣浩 - 不将就 (ID: 31654343) - 标准、无损音质
[2026-02-25 10:06:37] 更新成功：雨爱 (ID: 316100) - 标准、无损音质
[2026-02-25 10:06:39] 更新成功：林宜融 - 同手同脚 (ID: 350482) - 标准、无损音质
[2026-02-25 10:06:41] 更新成功：孙燕姿 - 开始懂了 (ID: 287719) - 标准、无损音质
[2026-02-25 10:06:44] 更新成功：Beyond - 真的爱你 (ID: 346075) - 标准、无损音质
[2026-02-25 10:06:48] 更新成功：KUN - Colder (ID: 3351234875) - 标准、无损音质
[2026-02-25 10:06:50] 更新成功：陶喆 - 流沙 (ID: 150667) - 标准、无损音质
[2026-02-25 10:07:07] 更新成功：李毓芬 - 是我不够好 (ID: 410519050) - 无损音质
[2026-02-25 10:07:10] 更新成功：陈奕迅 - 最佳损友 (ID: 65800) - 标准、无损音质
[2026-02-25 10:07:14] 更新成功：AGA - Wonderful U (Demo Version) (ID: 406475394) - 标准、无损音质
[2026-02-25 10:07:31] 更新成功：陈一豪Clear - 彩铃 (ID: 3339130832) - 无损音质
[2026-02-25 10:07:33] 更新成功：Justin Bieber - Intentions (ID: 1421443440) - 标准、无损音质
[2026-02-25 10:07:35] 更新成功：林俊杰 - 我还想她 (ID: 108493) - 标准、无损音质
[2026-02-25 10:07:37] 更新成功：陈粒 - 走马 (ID: 2749430417) - 标准、无损音质
[2026-02-25 10:07:40] 更新成功：Top Barry - 发迹 (ID: 2099778087) - 标准、无损音质
[2026-02-25 10:07:42] 更新成功：蛋堡 - I Want You (ID: 76834) - 标准、无损音质
[2026-02-25 10:07:44] 更新成功：庾澄庆 - 春泥 (ID: 573968836) - 标准、无损音质
[2026-02-25 10:07:48] 更新成功：Vansdaddy - 身无居所 (ID: 3319817890) - 标准、无损音质
[2026-02-25 10:07:55] 更新成功：建坤YOUNG - 声音 (ID: 2031085185) - 无损音质
[2026-02-25 10:07:57] 更新成功：岑宁儿 - 追光者 (ID: 483671599) - 标准、无损音质
[2026-02-25 10:07:58] 更新完成：成功更新 24 首歌曲
[2026-02-25 10:21:18] 开始更新音乐URL...
[2026-02-25 10:21:18] 备份创建成功：backups/music_data_2026-02-25_10-21-18.json
[2026-02-25 10:21:21] 更新成功：徐佳莹 - 一样的月光 (ID: 306665) - 标准、无损音质
[2026-02-25 10:21:24] 更新成功：Maroon 5 - Payphone (ID: 1952737857) - 标准、无损音质
[2026-02-25 10:21:28] 更新成功：G.E.M.邓紫棋 - 来自天堂的魔鬼 (ID: 36270426) - 标准、无损音质
[2026-02-25 10:21:31] 更新成功：郭静 - 下一个天亮 (ID: 233882) - 标准、无损音质
[2026-02-25 10:21:35] 更新成功：李荣浩 - 不将就 (ID: 31654343) - 标准、无损音质
[2026-02-25 10:21:42] 更新成功：雨爱 (ID: 316100) - 标准、无损音质
[2026-02-25 10:21:45] 更新成功：林宜融 - 同手同脚 (ID: 350482) - 标准、无损音质
[2026-02-25 10:21:52] 更新成功：孙燕姿 - 开始懂了 (ID: 287719) - 标准、无损音质
[2026-02-25 10:21:56] 更新成功：Beyond - 真的爱你 (ID: 346075) - 标准、无损音质
[2026-02-25 10:21:59] 更新成功：KUN - Colder (ID: 3351234875) - 标准、无损音质
[2026-02-25 10:22:02] 更新成功：陶喆 - 流沙 (ID: 150667) - 标准、无损音质
[2026-02-25 10:22:05] 更新成功：李毓芬 - 是我不够好 (ID: 410519050) - 标准、无损音质
[2026-02-25 10:22:08] 更新成功：陈奕迅 - 最佳损友 (ID: 65800) - 标准、无损音质
[2026-02-25 10:22:13] 更新成功：AGA - Wonderful U (Demo Version) (ID: 406475394) - 标准、无损音质
[2026-02-25 10:22:16] 更新成功：陈一豪Clear - 彩铃 (ID: 3339130832) - 标准、无损音质
[2026-02-25 10:22:19] 更新成功：Justin Bieber - Intentions (ID: 1421443440) - 标准、无损音质
[2026-02-25 10:22:22] 更新成功：林俊杰 - 我还想她 (ID: 108493) - 标准、无损音质
[2026-02-25 10:22:25] 更新成功：陈粒 - 走马 (ID: 2749430417) - 标准、无损音质
[2026-02-25 10:22:28] 更新成功：Top Barry - 发迹 (ID: 2099778087) - 标准、无损音质
[2026-02-25 10:22:46] 更新成功：蛋堡 - I Want You (ID: 76834) - 标准音质
[2026-02-25 10:22:49] 更新成功：庾澄庆 - 春泥 (ID: 573968836) - 标准、无损音质
[2026-02-25 10:22:51] 更新成功：Vansdaddy - 身无居所 (ID: 3319817890) - 标准、无损音质
[2026-02-25 10:22:54] 更新成功：建坤YOUNG - 声音 (ID: 2031085185) - 标准、无损音质
[2026-02-25 10:22:57] 更新成功：岑宁儿 - 追光者 (ID: 483671599) - 标准、无损音质
[2026-02-25 10:22:58] 更新完成：成功更新 24 首歌曲
[2026-02-25 10:36:18] 开始更新音乐URL...
[2026-02-25 10:36:18] 备份创建成功：backups/music_data_2026-02-25_10-36-18.json
[2026-02-25 10:36:23] 更新成功：徐佳莹 - 一样的月光 (ID: 306665) - 标准、无损音质
[2026-02-25 10:36:27] 更新成功：Maroon 5 - Payphone (ID: 1952737857) - 标准、无损音质
[2026-02-25 10:36:32] 更新成功：G.E.M.邓紫棋 - 来自天堂的魔鬼 (ID: 36270426) - 标准、无损音质
[2026-02-25 10:36:38] 更新成功：郭静 - 下一个天亮 (ID: 233882) - 标准、无损音质
[2026-02-25 10:36:42] 更新成功：李荣浩 - 不将就 (ID: 31654343) - 标准、无损音质
[2026-02-25 10:36:46] 更新成功：雨爱 (ID: 316100) - 标准、无损音质
[2026-02-25 10:36:50] 更新成功：林宜融 - 同手同脚 (ID: 350482) - 标准、无损音质
[2026-02-25 10:36:54] 更新成功：孙燕姿 - 开始懂了 (ID: 287719) - 标准、无损音质
[2026-02-25 10:36:58] 更新成功：Beyond - 真的爱你 (ID: 346075) - 标准、无损音质
[2026-02-25 10:37:03] 更新成功：KUN - Colder (ID: 3351234875) - 标准、无损音质
[2026-02-25 10:37:07] 更新成功：陶喆 - 流沙 (ID: 150667) - 标准、无损音质
[2026-02-25 10:37:11] 更新成功：李毓芬 - 是我不够好 (ID: 410519050) - 标准、无损音质
[2026-02-25 10:37:16] 更新成功：陈奕迅 - 最佳损友 (ID: 65800) - 标准、无损音质
[2026-02-25 10:37:19] 更新成功：AGA - Wonderful U (Demo Version) (ID: 406475394) - 标准、无损音质
[2026-02-25 10:37:21] 更新成功：陈一豪Clear - 彩铃 (ID: 3339130832) - 标准、无损音质
[2026-02-25 10:37:25] 更新成功：Justin Bieber - Intentions (ID: 1421443440) - 标准、无损音质
[2026-02-25 10:37:27] 更新成功：林俊杰 - 我还想她 (ID: 108493) - 标准、无损音质
[2026-02-25 10:37:29] 更新成功：陈粒 - 走马 (ID: 2749430417) - 标准、无损音质
[2026-02-25 10:37:31] 更新成功：Top Barry - 发迹 (ID: 2099778087) - 标准、无损音质
[2026-02-25 10:37:33] 更新成功：蛋堡 - I Want You (ID: 76834) - 标准、无损音质
[2026-02-25 10:37:35] 更新成功：庾澄庆 - 春泥 (ID: 573968836) - 标准、无损音质
[2026-02-25 10:37:38] 更新成功：Vansdaddy - 身无居所 (ID: 3319817890) - 标准、无损音质
[2026-02-25 10:37:40] 更新成功：建坤YOUNG - 声音 (ID: 2031085185) - 标准、无损音质
[2026-02-25 10:37:42] 更新成功：岑宁儿 - 追光者 (ID: 483671599) - 标准、无损音质
[2026-02-25 10:37:42] 更新完成：成功更新 24 首歌曲
[2026-02-25 10:51:19] 开始更新音乐URL...
[2026-02-25 10:51:19] 备份创建成功：backups/music_data_2026-02-25_10-51-19.json
[2026-02-25 10:51:23] 更新成功：徐佳莹 - 一样的月光 (ID: 306665) - 标准、无损音质
[2026-02-25 10:51:27] 更新成功：Maroon 5 - Payphone (ID: 1952737857) - 标准、无损音质
[2026-02-25 10:51:33] 更新成功：G.E.M.邓紫棋 - 来自天堂的魔鬼 (ID: 36270426) - 标准、无损音质
[2026-02-25 10:51:38] 更新成功：郭静 - 下一个天亮 (ID: 233882) - 标准、无损音质
[2026-02-25 10:51:42] 更新成功：李荣浩 - 不将就 (ID: 31654343) - 标准、无损音质
[2026-02-25 10:51:44] 更新成功：雨爱 (ID: 316100) - 标准、无损音质
[2026-02-25 10:51:49] 更新成功：林宜融 - 同手同脚 (ID: 350482) - 标准、无损音质
[2026-02-25 10:51:53] 更新成功：孙燕姿 - 开始懂了 (ID: 287719) - 标准、无损音质
[2026-02-25 10:51:56] 更新成功：Beyond - 真的爱你 (ID: 346075) - 标准、无损音质
[2026-02-25 10:51:59] 更新成功：KUN - Colder (ID: 3351234875) - 标准、无损音质
[2026-02-25 10:52:01] 更新成功：陶喆 - 流沙 (ID: 150667) - 标准、无损音质
[2026-02-25 10:52:03] 更新成功：李毓芬 - 是我不够好 (ID: 410519050) - 标准、无损音质
[2026-02-25 10:52:07] 更新成功：陈奕迅 - 最佳损友 (ID: 65800) - 标准、无损音质
[2026-02-25 10:52:10] 更新成功：AGA - Wonderful U (Demo Version) (ID: 406475394) - 标准、无损音质
[2026-02-25 10:52:13] 更新成功：陈一豪Clear - 彩铃 (ID: 3339130832) - 标准、无损音质
[2026-02-25 10:52:15] 更新成功：Justin Bieber - Intentions (ID: 1421443440) - 标准、无损音质
[2026-02-25 10:52:18] 更新成功：林俊杰 - 我还想她 (ID: 108493) - 标准、无损音质
[2026-02-25 10:52:20] 更新成功：陈粒 - 走马 (ID: 2749430417) - 标准、无损音质
[2026-02-25 10:52:23] 更新成功：Top Barry - 发迹 (ID: 2099778087) - 标准、无损音质
[2026-02-25 10:52:25] 更新成功：蛋堡 - I Want You (ID: 76834) - 标准、无损音质
[2026-02-25 10:52:27] 更新成功：庾澄庆 - 春泥 (ID: 573968836) - 标准、无损音质
[2026-02-25 10:52:29] 更新成功：Vansdaddy - 身无居所 (ID: 3319817890) - 标准、无损音质
[2026-02-25 10:52:31] 更新成功：建坤YOUNG - 声音 (ID: 2031085185) - 标准、无损音质
[2026-02-25 10:52:33] 更新成功：岑宁儿 - 追光者 (ID: 483671599) - 标准、无损音质
[2026-02-25 10:52:34] 更新完成：成功更新 24 首歌曲
[2026-02-25 11:06:18] 开始更新音乐URL...
[2026-02-25 11:06:18] 备份创建成功：backups/music_data_2026-02-25_11-06-18.json
[2026-02-25 11:06:20] 更新成功：徐佳莹 - 一样的月光 (ID: 306665) - 标准、无损音质
[2026-02-25 11:06:22] 更新成功：Maroon 5 - Payphone (ID: 1952737857) - 标准、无损音质
[2026-02-25 11:06:25] 更新成功：G.E.M.邓紫棋 - 来自天堂的魔鬼 (ID: 36270426) - 标准、无损音质
[2026-02-25 11:06:27] 更新成功：郭静 - 下一个天亮 (ID: 233882) - 标准、无损音质
[2026-02-25 11:06:29] 更新成功：李荣浩 - 不将就 (ID: 31654343) - 标准、无损音质
[2026-02-25 11:06:31] 更新成功：雨爱 (ID: 316100) - 标准、无损音质
[2026-02-25 11:06:33] 更新成功：林宜融 - 同手同脚 (ID: 350482) - 标准、无损音质
[2026-02-25 11:06:35] 更新成功：孙燕姿 - 开始懂了 (ID: 287719) - 标准、无损音质
[2026-02-25 11:06:37] 更新成功：Beyond - 真的爱你 (ID: 346075) - 标准、无损音质
[2026-02-25 11:06:39] 更新成功：KUN - Colder (ID: 3351234875) - 标准、无损音质
[2026-02-25 11:06:41] 更新成功：陶喆 - 流沙 (ID: 150667) - 标准、无损音质
[2026-02-25 11:06:43] 更新成功：李毓芬 - 是我不够好 (ID: 410519050) - 标准、无损音质
[2026-02-25 11:06:46] 更新成功：陈奕迅 - 最佳损友 (ID: 65800) - 标准、无损音质
[2026-02-25 11:06:48] 更新成功：AGA - Wonderful U (Demo Version) (ID: 406475394) - 标准、无损音质
[2026-02-25 11:06:50] 更新成功：陈一豪Clear - 彩铃 (ID: 3339130832) - 标准、无损音质
[2026-02-25 11:06:52] 更新成功：Justin Bieber - Intentions (ID: 1421443440) - 标准、无损音质
[2026-02-25 11:06:54] 更新成功：林俊杰 - 我还想她 (ID: 108493) - 标准、无损音质
[2026-02-25 11:06:56] 更新成功：陈粒 - 走马 (ID: 2749430417) - 标准、无损音质
[2026-02-25 11:06:58] 更新成功：Top Barry - 发迹 (ID: 2099778087) - 标准、无损音质
[2026-02-25 11:07:00] 更新成功：蛋堡 - I Want You (ID: 76834) - 标准、无损音质
[2026-02-25 11:07:03] 更新成功：庾澄庆 - 春泥 (ID: 573968836) - 标准、无损音质
[2026-02-25 11:07:05] 更新成功：Vansdaddy - 身无居所 (ID: 3319817890) - 标准、无损音质
[2026-02-25 11:07:07] 更新成功：建坤YOUNG - 声音 (ID: 2031085185) - 标准、无损音质
[2026-02-25 11:07:09] 更新成功：岑宁儿 - 追光者 (ID: 483671599) - 标准、无损音质
[2026-02-25 11:07:10] 更新完成：成功更新 24 首歌曲
[2026-02-25 11:21:18] 开始更新音乐URL...
[2026-02-25 11:21:18] 备份创建成功：backups/music_data_2026-02-25_11-21-18.json
[2026-02-25 11:21:20] 更新成功：徐佳莹 - 一样的月光 (ID: 306665) - 标准、无损音质
[2026-02-25 11:21:22] 更新成功：Maroon 5 - Payphone (ID: 1952737857) - 标准、无损音质
[2026-02-25 11:21:24] 更新成功：G.E.M.邓紫棋 - 来自天堂的魔鬼 (ID: 36270426) - 标准、无损音质
[2026-02-25 11:21:26] 更新成功：郭静 - 下一个天亮 (ID: 233882) - 标准、无损音质
[2026-02-25 11:21:29] 更新成功：李荣浩 - 不将就 (ID: 31654343) - 标准、无损音质
[2026-02-25 11:21:31] 更新成功：雨爱 (ID: 316100) - 标准、无损音质
[2026-02-25 11:21:33] 更新成功：林宜融 - 同手同脚 (ID: 350482) - 标准、无损音质
[2026-02-25 11:21:36] 更新成功：孙燕姿 - 开始懂了 (ID: 287719) - 标准、无损音质
[2026-02-25 11:21:40] 更新成功：Beyond - 真的爱你 (ID: 346075) - 标准、无损音质
[2026-02-25 11:21:42] 更新成功：KUN - Colder (ID: 3351234875) - 标准、无损音质
[2026-02-25 11:21:46] 更新成功：陶喆 - 流沙 (ID: 150667) - 标准、无损音质
[2026-02-25 11:21:50] 更新成功：李毓芬 - 是我不够好 (ID: 410519050) - 标准、无损音质
[2026-02-25 11:21:53] 更新成功：陈奕迅 - 最佳损友 (ID: 65800) - 标准、无损音质
[2026-02-25 11:21:56] 更新成功：AGA - Wonderful U (Demo Version) (ID: 406475394) - 标准、无损音质
[2026-02-25 11:22:00] 更新成功：陈一豪Clear - 彩铃 (ID: 3339130832) - 标准、无损音质
[2026-02-25 11:22:02] 更新成功：Justin Bieber - Intentions (ID: 1421443440) - 标准、无损音质
[2026-02-25 11:22:06] 更新成功：林俊杰 - 我还想她 (ID: 108493) - 标准、无损音质
[2026-02-25 11:22:10] 更新成功：陈粒 - 走马 (ID: 2749430417) - 标准、无损音质
[2026-02-25 11:22:13] 更新成功：Top Barry - 发迹 (ID: 2099778087) - 标准、无损音质
[2026-02-25 11:22:17] 更新成功：蛋堡 - I Want You (ID: 76834) - 标准、无损音质
[2026-02-25 11:22:20] 更新成功：庾澄庆 - 春泥 (ID: 573968836) - 标准、无损音质
[2026-02-25 11:22:23] 更新成功：Vansdaddy - 身无居所 (ID: 3319817890) - 标准、无损音质
[2026-02-25 11:22:26] 更新成功：建坤YOUNG - 声音 (ID: 2031085185) - 标准、无损音质
[2026-02-25 11:22:30] 更新成功：岑宁儿 - 追光者 (ID: 483671599) - 标准、无损音质
[2026-02-25 11:22:30] 更新完成：成功更新 24 首歌曲
[2026-02-25 11:36:18] 开始更新音乐URL...
[2026-02-25 11:36:18] 备份创建成功：backups/music_data_2026-02-25_11-36-18.json
[2026-02-25 11:36:20] 更新成功：徐佳莹 - 一样的月光 (ID: 306665) - 标准、无损音质
[2026-02-25 11:36:22] 更新成功：Maroon 5 - Payphone (ID: 1952737857) - 标准、无损音质
[2026-02-25 11:36:28] 更新成功：G.E.M.邓紫棋 - 来自天堂的魔鬼 (ID: 36270426) - 标准、无损音质
[2026-02-25 11:36:30] 更新成功：郭静 - 下一个天亮 (ID: 233882) - 标准、无损音质
[2026-02-25 11:36:32] 更新成功：李荣浩 - 不将就 (ID: 31654343) - 标准、无损音质
[2026-02-25 11:36:35] 更新成功：雨爱 (ID: 316100) - 标准、无损音质
[2026-02-25 11:36:37] 更新成功：林宜融 - 同手同脚 (ID: 350482) - 标准、无损音质
[2026-02-25 11:36:39] 更新成功：孙燕姿 - 开始懂了 (ID: 287719) - 标准、无损音质
[2026-02-25 11:36:41] 更新成功：Beyond - 真的爱你 (ID: 346075) - 标准、无损音质
[2026-02-25 11:36:47] 更新成功：KUN - Colder (ID: 3351234875) - 标准、无损音质
[2026-02-25 11:36:51] 更新成功：陶喆 - 流沙 (ID: 150667) - 标准、无损音质
[2026-02-25 11:36:53] 更新成功：李毓芬 - 是我不够好 (ID: 410519050) - 标准、无损音质
[2026-02-25 11:36:55] 更新成功：陈奕迅 - 最佳损友 (ID: 65800) - 标准、无损音质
[2026-02-25 11:36:57] 更新成功：AGA - Wonderful U (Demo Version) (ID: 406475394) - 标准、无损音质
[2026-02-25 11:37:00] 更新成功：陈一豪Clear - 彩铃 (ID: 3339130832) - 标准、无损音质
[2026-02-25 11:37:05] 更新成功：Justin Bieber - Intentions (ID: 1421443440) - 标准、无损音质
[2026-02-25 11:37:07] 更新成功：林俊杰 - 我还想她 (ID: 108493) - 标准、无损音质
[2026-02-25 11:37:09] 更新成功：陈粒 - 走马 (ID: 2749430417) - 标准、无损音质
[2026-02-25 11:37:11] 更新成功：Top Barry - 发迹 (ID: 2099778087) - 标准、无损音质
[2026-02-25 11:37:13] 更新成功：蛋堡 - I Want You (ID: 76834) - 标准、无损音质
[2026-02-25 11:37:15] 更新成功：庾澄庆 - 春泥 (ID: 573968836) - 标准、无损音质
[2026-02-25 11:37:18] 更新成功：Vansdaddy - 身无居所 (ID: 3319817890) - 标准、无损音质
[2026-02-25 11:37:20] 更新成功：建坤YOUNG - 声音 (ID: 2031085185) - 标准、无损音质
[2026-02-25 11:37:22] 更新成功：岑宁儿 - 追光者 (ID: 483671599) - 标准、无损音质
[2026-02-25 11:37:22] 更新完成：成功更新 24 首歌曲
[2026-02-25 11:51:18] 开始更新音乐URL...
[2026-02-25 11:51:18] 备份创建成功：backups/music_data_2026-02-25_11-51-18.json
[2026-02-25 11:51:20] 更新成功：徐佳莹 - 一样的月光 (ID: 306665) - 标准、无损音质
[2026-02-25 11:51:23] 更新成功：Maroon 5 - Payphone (ID: 1952737857) - 标准、无损音质
[2026-02-25 11:51:25] 更新成功：G.E.M.邓紫棋 - 来自天堂的魔鬼 (ID: 36270426) - 标准、无损音质
[2026-02-25 11:51:27] 更新成功：郭静 - 下一个天亮 (ID: 233882) - 标准、无损音质
[2026-02-25 11:51:29] 更新成功：李荣浩 - 不将就 (ID: 31654343) - 标准、无损音质
[2026-02-25 11:51:31] 更新成功：雨爱 (ID: 316100) - 标准、无损音质
[2026-02-25 11:51:33] 更新成功：林宜融 - 同手同脚 (ID: 350482) - 标准、无损音质
[2026-02-25 11:51:36] 更新成功：孙燕姿 - 开始懂了 (ID: 287719) - 标准、无损音质
[2026-02-25 11:51:38] 更新成功：Beyond - 真的爱你 (ID: 346075) - 标准、无损音质
[2026-02-25 11:51:40] 更新成功：KUN - Colder (ID: 3351234875) - 标准、无损音质
[2026-02-25 11:51:43] 更新成功：陶喆 - 流沙 (ID: 150667) - 标准、无损音质
[2026-02-25 11:51:45] 更新成功：李毓芬 - 是我不够好 (ID: 410519050) - 标准、无损音质
[2026-02-25 11:51:47] 更新成功：陈奕迅 - 最佳损友 (ID: 65800) - 标准、无损音质
[2026-02-25 11:51:49] 更新成功：AGA - Wonderful U (Demo Version) (ID: 406475394) - 标准、无损音质
[2026-02-25 11:51:51] 更新成功：陈一豪Clear - 彩铃 (ID: 3339130832) - 标准、无损音质
[2026-02-25 11:51:55] 更新成功：Justin Bieber - Intentions (ID: 1421443440) - 标准、无损音质
[2026-02-25 11:51:58] 更新成功：林俊杰 - 我还想她 (ID: 108493) - 标准、无损音质
[2026-02-25 11:52:03] 更新成功：陈粒 - 走马 (ID: 2749430417) - 标准、无损音质
[2026-02-25 11:52:05] 更新成功：Top Barry - 发迹 (ID: 2099778087) - 标准、无损音质
[2026-02-25 11:52:07] 更新成功：蛋堡 - I Want You (ID: 76834) - 标准、无损音质
[2026-02-25 11:52:09] 更新成功：庾澄庆 - 春泥 (ID: 573968836) - 标准、无损音质
[2026-02-25 11:52:11] 更新成功：Vansdaddy - 身无居所 (ID: 3319817890) - 标准、无损音质
[2026-02-25 11:52:14] 更新成功：建坤YOUNG - 声音 (ID: 2031085185) - 标准、无损音质
[2026-02-25 11:52:17] 更新成功：岑宁儿 - 追光者 (ID: 483671599) - 标准、无损音质
[2026-02-25 11:52:18] 更新完成：成功更新 24 首歌曲
[2026-02-25 12:06:19] 开始更新音乐URL...
[2026-02-25 12:06:19] 备份创建成功：backups/music_data_2026-02-25_12-06-19.json
[2026-02-25 12:06:24] 更新成功：徐佳莹 - 一样的月光 (ID: 306665) - 标准、无损音质
[2026-02-25 12:06:28] 更新成功：Maroon 5 - Payphone (ID: 1952737857) - 标准、无损音质
[2026-02-25 12:06:34] 更新成功：G.E.M.邓紫棋 - 来自天堂的魔鬼 (ID: 36270426) - 标准、无损音质
[2026-02-25 12:06:38] 更新成功：郭静 - 下一个天亮 (ID: 233882) - 标准、无损音质
[2026-02-25 12:06:43] 更新成功：李荣浩 - 不将就 (ID: 31654343) - 标准、无损音质
[2026-02-25 12:06:47] 更新成功：雨爱 (ID: 316100) - 标准、无损音质
[2026-02-25 12:06:52] 更新成功：林宜融 - 同手同脚 (ID: 350482) - 标准、无损音质
[2026-02-25 12:06:56] 更新成功：孙燕姿 - 开始懂了 (ID: 287719) - 标准、无损音质
[2026-02-25 12:07:00] 更新成功：Beyond - 真的爱你 (ID: 346075) - 标准、无损音质
[2026-02-25 12:07:05] 更新成功：KUN - Colder (ID: 3351234875) - 标准、无损音质
[2026-02-25 12:07:09] 更新成功：陶喆 - 流沙 (ID: 150667) - 标准、无损音质
[2026-02-25 12:07:14] 更新成功：李毓芬 - 是我不够好 (ID: 410519050) - 标准、无损音质
[2026-02-25 12:07:18] 更新成功：陈奕迅 - 最佳损友 (ID: 65800) - 标准、无损音质
[2026-02-25 12:07:22] 更新成功：AGA - Wonderful U (Demo Version) (ID: 406475394) - 标准、无损音质
[2026-02-25 12:07:27] 更新成功：陈一豪Clear - 彩铃 (ID: 3339130832) - 标准、无损音质
[2026-02-25 12:07:31] 更新成功：Justin Bieber - Intentions (ID: 1421443440) - 标准、无损音质
[2026-02-25 12:07:36] 更新成功：林俊杰 - 我还想她 (ID: 108493) - 标准、无损音质
[2026-02-25 12:07:40] 更新成功：陈粒 - 走马 (ID: 2749430417) - 标准、无损音质
[2026-02-25 12:07:44] 更新成功：Top Barry - 发迹 (ID: 2099778087) - 标准、无损音质
[2026-02-25 12:07:49] 更新成功：蛋堡 - I Want You (ID: 76834) - 标准、无损音质
[2026-02-25 12:07:53] 更新成功：庾澄庆 - 春泥 (ID: 573968836) - 标准、无损音质
[2026-02-25 12:07:57] 更新成功：Vansdaddy - 身无居所 (ID: 3319817890) - 标准、无损音质
[2026-02-25 12:08:01] 更新成功：建坤YOUNG - 声音 (ID: 2031085185) - 标准、无损音质
[2026-02-25 12:08:04] 更新成功：岑宁儿 - 追光者 (ID: 483671599) - 标准、无损音质
[2026-02-25 12:08:05] 更新完成：成功更新 24 首歌曲
[2026-02-25 12:21:18] 开始更新音乐URL...
[2026-02-25 12:21:18] 备份创建成功：backups/music_data_2026-02-25_12-21-18.json
[2026-02-25 12:21:24] 更新成功：徐佳莹 - 一样的月光 (ID: 306665) - 标准、无损音质
[2026-02-25 12:21:40] 更新成功：Maroon 5 - Payphone (ID: 1952737857) - 标准、无损音质
[2026-02-25 12:21:44] 更新成功：G.E.M.邓紫棋 - 来自天堂的魔鬼 (ID: 36270426) - 标准、无损音质
[2026-02-25 12:21:47] 更新成功：郭静 - 下一个天亮 (ID: 233882) - 标准、无损音质
[2026-02-25 12:21:51] 更新成功：李荣浩 - 不将就 (ID: 31654343) - 标准、无损音质
[2026-02-25 12:21:55] 更新成功：雨爱 (ID: 316100) - 标准、无损音质
[2026-02-25 12:22:08] 更新成功：林宜融 - 同手同脚 (ID: 350482) - 标准、无损音质
[2026-02-25 12:22:12] 更新成功：孙燕姿 - 开始懂了 (ID: 287719) - 标准、无损音质
[2026-02-25 12:22:17] 更新成功：Beyond - 真的爱你 (ID: 346075) - 标准、无损音质
[2026-02-25 12:22:21] 更新成功：KUN - Colder (ID: 3351234875) - 标准、无损音质
[2026-02-25 12:22:25] 更新成功：陶喆 - 流沙 (ID: 150667) - 标准、无损音质
[2026-02-25 12:22:29] 更新成功：李毓芬 - 是我不够好 (ID: 410519050) - 标准、无损音质
[2026-02-25 12:22:35] 更新成功：陈奕迅 - 最佳损友 (ID: 65800) - 标准、无损音质
[2026-02-25 12:22:39] 更新成功：AGA - Wonderful U (Demo Version) (ID: 406475394) - 标准、无损音质
[2026-02-25 12:22:44] 更新成功：陈一豪Clear - 彩铃 (ID: 3339130832) - 标准、无损音质
[2026-02-25 12:22:47] 更新成功：Justin Bieber - Intentions (ID: 1421443440) - 标准、无损音质
[2026-02-25 12:22:50] 更新成功：林俊杰 - 我还想她 (ID: 108493) - 标准、无损音质
[2026-02-25 12:22:53] 更新成功：陈粒 - 走马 (ID: 2749430417) - 标准、无损音质
[2026-02-25 12:22:56] 更新成功：Top Barry - 发迹 (ID: 2099778087) - 标准、无损音质
[2026-02-25 12:23:01] 更新成功：蛋堡 - I Want You (ID: 76834) - 标准、无损音质
[2026-02-25 12:23:06] 更新成功：庾澄庆 - 春泥 (ID: 573968836) - 标准、无损音质
[2026-02-25 12:23:10] 更新成功：Vansdaddy - 身无居所 (ID: 3319817890) - 标准、无损音质
[2026-02-25 12:23:15] 更新成功：建坤YOUNG - 声音 (ID: 2031085185) - 标准、无损音质
[2026-02-25 12:23:19] 更新成功：岑宁儿 - 追光者 (ID: 483671599) - 标准、无损音质
[2026-02-25 12:23:20] 更新完成：成功更新 24 首歌曲
[2026-02-25 12:36:18] 开始更新音乐URL...
[2026-02-25 12:36:18] 备份创建成功：backups/music_data_2026-02-25_12-36-18.json
[2026-02-25 12:36:21] 更新成功：徐佳莹 - 一样的月光 (ID: 306665) - 标准、无损音质
[2026-02-25 12:36:24] 更新成功：Maroon 5 - Payphone (ID: 1952737857) - 标准、无损音质
[2026-02-25 12:36:27] 更新成功：G.E.M.邓紫棋 - 来自天堂的魔鬼 (ID: 36270426) - 标准、无损音质
[2026-02-25 12:36:31] 更新成功：郭静 - 下一个天亮 (ID: 233882) - 标准、无损音质
[2026-02-25 12:36:35] 更新成功：李荣浩 - 不将就 (ID: 31654343) - 标准、无损音质
[2026-02-25 12:36:38] 更新成功：雨爱 (ID: 316100) - 标准、无损音质
[2026-02-25 12:36:42] 更新成功：林宜融 - 同手同脚 (ID: 350482) - 标准、无损音质
[2026-02-25 12:36:46] 更新成功：孙燕姿 - 开始懂了 (ID: 287719) - 标准、无损音质
[2026-02-25 12:36:48] 更新成功：Beyond - 真的爱你 (ID: 346075) - 标准、无损音质
[2026-02-25 12:36:53] 更新成功：KUN - Colder (ID: 3351234875) - 标准、无损音质
[2026-02-25 12:36:57] 更新成功：陶喆 - 流沙 (ID: 150667) - 标准、无损音质
[2026-02-25 12:36:59] 更新成功：李毓芬 - 是我不够好 (ID: 410519050) - 标准、无损音质
[2026-02-25 12:37:02] 更新成功：陈奕迅 - 最佳损友 (ID: 65800) - 标准、无损音质
[2026-02-25 12:37:06] 更新成功：AGA - Wonderful U (Demo Version) (ID: 406475394) - 标准、无损音质
[2026-02-25 12:37:09] 更新成功：陈一豪Clear - 彩铃 (ID: 3339130832) - 标准、无损音质
[2026-02-25 12:37:12] 更新成功：Justin Bieber - Intentions (ID: 1421443440) - 标准、无损音质
[2026-02-25 12:37:16] 更新成功：林俊杰 - 我还想她 (ID: 108493) - 标准、无损音质
[2026-02-25 12:37:19] 更新成功：陈粒 - 走马 (ID: 2749430417) - 标准、无损音质
[2026-02-25 12:37:22] 更新成功：Top Barry - 发迹 (ID: 2099778087) - 标准、无损音质
[2026-02-25 12:37:25] 更新成功：蛋堡 - I Want You (ID: 76834) - 标准、无损音质
[2026-02-25 12:37:30] 更新成功：庾澄庆 - 春泥 (ID: 573968836) - 标准、无损音质
[2026-02-25 12:37:33] 更新成功：Vansdaddy - 身无居所 (ID: 3319817890) - 标准、无损音质
[2026-02-25 12:37:35] 更新成功：建坤YOUNG - 声音 (ID: 2031085185) - 标准、无损音质
[2026-02-25 12:37:38] 更新成功：岑宁儿 - 追光者 (ID: 483671599) - 标准、无损音质
[2026-02-25 12:37:39] 更新完成：成功更新 24 首歌曲
[2026-02-25 12:51:18] 开始更新音乐URL...
[2026-02-25 12:51:18] 备份创建成功：backups/music_data_2026-02-25_12-51-18.json
[2026-02-25 12:51:21] 更新成功：徐佳莹 - 一样的月光 (ID: 306665) - 标准、无损音质
[2026-02-25 12:51:23] 更新成功：Maroon 5 - Payphone (ID: 1952737857) - 标准、无损音质
[2026-02-25 12:51:26] 更新成功：G.E.M.邓紫棋 - 来自天堂的魔鬼 (ID: 36270426) - 标准、无损音质
[2026-02-25 12:51:28] 更新成功：郭静 - 下一个天亮 (ID: 233882) - 标准、无损音质
[2026-02-25 12:51:30] 更新成功：李荣浩 - 不将就 (ID: 31654343) - 标准、无损音质
[2026-02-25 12:51:32] 更新成功：雨爱 (ID: 316100) - 标准、无损音质
[2026-02-25 12:51:34] 更新成功：林宜融 - 同手同脚 (ID: 350482) - 标准、无损音质
[2026-02-25 12:51:36] 更新成功：孙燕姿 - 开始懂了 (ID: 287719) - 标准、无损音质
[2026-02-25 12:51:38] 更新成功：Beyond - 真的爱你 (ID: 346075) - 标准、无损音质
[2026-02-25 12:51:41] 更新成功：KUN - Colder (ID: 3351234875) - 标准、无损音质
[2026-02-25 12:51:43] 更新成功：陶喆 - 流沙 (ID: 150667) - 标准、无损音质
[2026-02-25 12:51:46] 更新成功：李毓芬 - 是我不够好 (ID: 410519050) - 标准、无损音质
[2026-02-25 12:51:48] 更新成功：陈奕迅 - 最佳损友 (ID: 65800) - 标准、无损音质
[2026-02-25 12:51:50] 更新成功：AGA - Wonderful U (Demo Version) (ID: 406475394) - 标准、无损音质
[2026-02-25 12:51:52] 更新成功：陈一豪Clear - 彩铃 (ID: 3339130832) - 标准、无损音质
[2026-02-25 12:51:54] 更新成功：Justin Bieber - Intentions (ID: 1421443440) - 标准、无损音质
[2026-02-25 12:51:57] 更新成功：林俊杰 - 我还想她 (ID: 108493) - 标准、无损音质
[2026-02-25 12:51:59] 更新成功：陈粒 - 走马 (ID: 2749430417) - 标准、无损音质
[2026-02-25 12:52:01] 更新成功：Top Barry - 发迹 (ID: 2099778087) - 标准、无损音质
[2026-02-25 12:52:03] 更新成功：蛋堡 - I Want You (ID: 76834) - 标准、无损音质
[2026-02-25 12:52:05] 更新成功：庾澄庆 - 春泥 (ID: 573968836) - 标准、无损音质
[2026-02-25 12:52:07] 更新成功：Vansdaddy - 身无居所 (ID: 3319817890) - 标准、无损音质
[2026-02-25 12:52:10] 更新成功：建坤YOUNG - 声音 (ID: 2031085185) - 标准、无损音质
[2026-02-25 12:52:12] 更新成功：岑宁儿 - 追光者 (ID: 483671599) - 标准、无损音质
[2026-02-25 12:52:12] 更新完成：成功更新 24 首歌曲
[2026-02-25 13:06:18] 开始更新音乐URL...
[2026-02-25 13:06:18] 备份创建成功：backups/music_data_2026-02-25_13-06-18.json
[2026-02-25 13:06:20] 更新成功：徐佳莹 - 一样的月光 (ID: 306665) - 标准、无损音质
[2026-02-25 13:06:23] 更新成功：Maroon 5 - Payphone (ID: 1952737857) - 标准、无损音质
[2026-02-25 13:06:25] 更新成功：G.E.M.邓紫棋 - 来自天堂的魔鬼 (ID: 36270426) - 标准、无损音质
[2026-02-25 13:06:27] 更新成功：郭静 - 下一个天亮 (ID: 233882) - 标准、无损音质
[2026-02-25 13:06:29] 更新成功：李荣浩 - 不将就 (ID: 31654343) - 标准、无损音质
[2026-02-25 13:06:31] 更新成功：雨爱 (ID: 316100) - 标准、无损音质
[2026-02-25 13:06:33] 更新成功：林宜融 - 同手同脚 (ID: 350482) - 标准、无损音质
[2026-02-25 13:06:38] 更新成功：孙燕姿 - 开始懂了 (ID: 287719) - 标准、无损音质
[2026-02-25 13:06:41] 更新成功：Beyond - 真的爱你 (ID: 346075) - 标准、无损音质
[2026-02-25 13:06:46] 更新成功：KUN - Colder (ID: 3351234875) - 标准、无损音质
[2026-02-25 13:06:50] 更新成功：陶喆 - 流沙 (ID: 150667) - 标准、无损音质
[2026-02-25 13:06:54] 更新成功：李毓芬 - 是我不够好 (ID: 410519050) - 标准、无损音质
[2026-02-25 13:06:58] 更新成功：陈奕迅 - 最佳损友 (ID: 65800) - 标准、无损音质
[2026-02-25 13:07:01] 更新成功：AGA - Wonderful U (Demo Version) (ID: 406475394) - 标准、无损音质
[2026-02-25 13:07:04] 更新成功：陈一豪Clear - 彩铃 (ID: 3339130832) - 标准、无损音质
[2026-02-25 13:07:07] 更新成功：Justin Bieber - Intentions (ID: 1421443440) - 标准、无损音质
[2026-02-25 13:07:10] 更新成功：林俊杰 - 我还想她 (ID: 108493) - 标准、无损音质
[2026-02-25 13:07:12] 更新成功：陈粒 - 走马 (ID: 2749430417) - 标准、无损音质
[2026-02-25 13:07:14] 更新成功：Top Barry - 发迹 (ID: 2099778087) - 标准、无损音质
[2026-02-25 13:07:16] 更新成功：蛋堡 - I Want You (ID: 76834) - 标准、无损音质
[2026-02-25 13:07:18] 更新成功：庾澄庆 - 春泥 (ID: 573968836) - 标准、无损音质
[2026-02-25 13:07:20] 更新成功：Vansdaddy - 身无居所 (ID: 3319817890) - 标准、无损音质
[2026-02-25 13:07:22] 更新成功：建坤YOUNG - 声音 (ID: 2031085185) - 标准、无损音质
[2026-02-25 13:07:24] 更新成功：岑宁儿 - 追光者 (ID: 483671599) - 标准、无损音质
[2026-02-25 13:07:25] 更新完成：成功更新 24 首歌曲
[2026-02-25 13:21:18] 开始更新音乐URL...
[2026-02-25 13:21:18] 备份创建成功：backups/music_data_2026-02-25_13-21-18.json
[2026-02-25 13:21:24] 更新成功：徐佳莹 - 一样的月光 (ID: 306665) - 标准、无损音质
[2026-02-25 13:21:26] 更新成功：Maroon 5 - Payphone (ID: 1952737857) - 标准、无损音质
[2026-02-25 13:21:28] 更新成功：G.E.M.邓紫棋 - 来自天堂的魔鬼 (ID: 36270426) - 标准、无损音质
[2026-02-25 13:21:31] 更新成功：郭静 - 下一个天亮 (ID: 233882) - 标准、无损音质
[2026-02-25 13:21:33] 更新成功：李荣浩 - 不将就 (ID: 31654343) - 标准、无损音质
[2026-02-25 13:21:35] 更新成功：雨爱 (ID: 316100) - 标准、无损音质
[2026-02-25 13:21:37] 更新成功：林宜融 - 同手同脚 (ID: 350482) - 标准、无损音质
[2026-02-25 13:21:39] 更新成功：孙燕姿 - 开始懂了 (ID: 287719) - 标准、无损音质
[2026-02-25 13:21:56] 更新成功：Beyond - 真的爱你 (ID: 346075) - 标准音质
[2026-02-25 13:21:58] 更新成功：KUN - Colder (ID: 3351234875) - 标准、无损音质
[2026-02-25 13:22:00] 更新成功：陶喆 - 流沙 (ID: 150667) - 标准、无损音质
[2026-02-25 13:22:02] 更新成功：李毓芬 - 是我不够好 (ID: 410519050) - 标准、无损音质
[2026-02-25 13:22:20] 更新成功：陈奕迅 - 最佳损友 (ID: 65800) - 无损音质
[2026-02-25 13:22:22] 更新成功：AGA - Wonderful U (Demo Version) (ID: 406475394) - 标准、无损音质
[2026-02-25 13:22:24] 更新成功：陈一豪Clear - 彩铃 (ID: 3339130832) - 标准、无损音质
[2026-02-25 13:22:26] 更新成功：Justin Bieber - Intentions (ID: 1421443440) - 标准、无损音质
[2026-02-25 13:22:29] 更新成功：林俊杰 - 我还想她 (ID: 108493) - 标准、无损音质
[2026-02-25 13:22:31] 更新成功：陈粒 - 走马 (ID: 2749430417) - 标准、无损音质
[2026-02-25 13:22:34] 更新成功：Top Barry - 发迹 (ID: 2099778087) - 标准、无损音质
[2026-02-25 13:22:36] 更新成功：蛋堡 - I Want You (ID: 76834) - 标准、无损音质
[2026-02-25 13:22:39] 更新成功：庾澄庆 - 春泥 (ID: 573968836) - 标准、无损音质
[2026-02-25 13:22:41] 更新成功：Vansdaddy - 身无居所 (ID: 3319817890) - 标准、无损音质
[2026-02-25 13:22:43] 更新成功：建坤YOUNG - 声音 (ID: 2031085185) - 标准、无损音质
[2026-02-25 13:22:45] 更新成功：岑宁儿 - 追光者 (ID: 483671599) - 标准、无损音质
[2026-02-25 13:22:46] 更新完成：成功更新 24 首歌曲
[2026-02-25 13:36:18] 开始更新音乐URL...
[2026-02-25 13:36:18] 备份创建成功：backups/music_data_2026-02-25_13-36-18.json
[2026-02-25 13:36:20] 更新成功：徐佳莹 - 一样的月光 (ID: 306665) - 标准、无损音质
[2026-02-25 13:36:22] 更新成功：Maroon 5 - Payphone (ID: 1952737857) - 标准、无损音质
[2026-02-25 13:36:24] 更新成功：G.E.M.邓紫棋 - 来自天堂的魔鬼 (ID: 36270426) - 标准、无损音质
[2026-02-25 13:36:27] 更新成功：郭静 - 下一个天亮 (ID: 233882) - 标准、无损音质
[2026-02-25 13:36:31] 更新成功：李荣浩 - 不将就 (ID: 31654343) - 标准、无损音质
[2026-02-25 13:36:35] 更新成功：雨爱 (ID: 316100) - 标准、无损音质
[2026-02-25 13:36:39] 更新成功：林宜融 - 同手同脚 (ID: 350482) - 标准、无损音质
[2026-02-25 13:36:43] 更新成功：孙燕姿 - 开始懂了 (ID: 287719) - 标准、无损音质
[2026-02-25 13:36:47] 更新成功：Beyond - 真的爱你 (ID: 346075) - 标准、无损音质
[2026-02-25 13:36:52] 更新成功：KUN - Colder (ID: 3351234875) - 标准、无损音质
[2026-02-25 13:36:56] 更新成功：陶喆 - 流沙 (ID: 150667) - 标准、无损音质
[2026-02-25 13:37:00] 更新成功：李毓芬 - 是我不够好 (ID: 410519050) - 标准、无损音质
[2026-02-25 13:37:04] 更新成功：陈奕迅 - 最佳损友 (ID: 65800) - 标准、无损音质
[2026-02-25 13:37:08] 更新成功：AGA - Wonderful U (Demo Version) (ID: 406475394) - 标准、无损音质
[2026-02-25 13:37:11] 更新成功：陈一豪Clear - 彩铃 (ID: 3339130832) - 标准、无损音质
[2026-02-25 13:37:13] 更新成功：Justin Bieber - Intentions (ID: 1421443440) - 标准、无损音质
[2026-02-25 13:37:15] 更新成功：林俊杰 - 我还想她 (ID: 108493) - 标准、无损音质
[2026-02-25 13:37:18] 更新成功：陈粒 - 走马 (ID: 2749430417) - 标准、无损音质
[2026-02-25 13:37:20] 更新成功：Top Barry - 发迹 (ID: 2099778087) - 标准、无损音质
[2026-02-25 13:37:22] 更新成功：蛋堡 - I Want You (ID: 76834) - 标准、无损音质
[2026-02-25 13:37:24] 更新成功：庾澄庆 - 春泥 (ID: 573968836) - 标准、无损音质
[2026-02-25 13:37:26] 更新成功：Vansdaddy - 身无居所 (ID: 3319817890) - 标准、无损音质
[2026-02-25 13:37:30] 更新成功：建坤YOUNG - 声音 (ID: 2031085185) - 标准、无损音质
[2026-02-25 13:37:34] 更新成功：岑宁儿 - 追光者 (ID: 483671599) - 标准、无损音质
[2026-02-25 13:37:35] 更新完成：成功更新 24 首歌曲
[2026-02-25 13:51:18] 开始更新音乐URL...
[2026-02-25 13:51:18] 备份创建成功：backups/music_data_2026-02-25_13-51-18.json
[2026-02-25 13:51:21] 更新成功：徐佳莹 - 一样的月光 (ID: 306665) - 标准、无损音质
[2026-02-25 13:51:23] 更新成功：Maroon 5 - Payphone (ID: 1952737857) - 标准、无损音质
[2026-02-25 13:51:25] 更新成功：G.E.M.邓紫棋 - 来自天堂的魔鬼 (ID: 36270426) - 标准、无损音质
[2026-02-25 13:51:27] 更新成功：郭静 - 下一个天亮 (ID: 233882) - 标准、无损音质
[2026-02-25 13:51:29] 更新成功：李荣浩 - 不将就 (ID: 31654343) - 标准、无损音质
[2026-02-25 13:51:31] 更新成功：雨爱 (ID: 316100) - 标准、无损音质
[2026-02-25 13:51:33] 更新成功：林宜融 - 同手同脚 (ID: 350482) - 标准、无损音质
[2026-02-25 13:51:36] 更新成功：孙燕姿 - 开始懂了 (ID: 287719) - 标准、无损音质
[2026-02-25 13:51:38] 更新成功：Beyond - 真的爱你 (ID: 346075) - 标准、无损音质
[2026-02-25 13:51:40] 更新成功：KUN - Colder (ID: 3351234875) - 标准、无损音质
[2026-02-25 13:51:42] 更新成功：陶喆 - 流沙 (ID: 150667) - 标准、无损音质
[2026-02-25 13:51:44] 更新成功：李毓芬 - 是我不够好 (ID: 410519050) - 标准、无损音质
[2026-02-25 13:51:46] 更新成功：陈奕迅 - 最佳损友 (ID: 65800) - 标准、无损音质
[2026-02-25 13:51:48] 更新成功：AGA - Wonderful U (Demo Version) (ID: 406475394) - 标准、无损音质
[2026-02-25 13:51:51] 更新成功：陈一豪Clear - 彩铃 (ID: 3339130832) - 标准、无损音质
[2026-02-25 13:51:53] 更新成功：Justin Bieber - Intentions (ID: 1421443440) - 标准、无损音质
[2026-02-25 13:51:55] 更新成功：林俊杰 - 我还想她 (ID: 108493) - 标准、无损音质
[2026-02-25 13:51:57] 更新成功：陈粒 - 走马 (ID: 2749430417) - 标准、无损音质
[2026-02-25 13:51:59] 更新成功：Top Barry - 发迹 (ID: 2099778087) - 标准、无损音质
[2026-02-25 13:52:01] 更新成功：蛋堡 - I Want You (ID: 76834) - 标准、无损音质
[2026-02-25 13:52:03] 更新成功：庾澄庆 - 春泥 (ID: 573968836) - 标准、无损音质
[2026-02-25 13:52:06] 更新成功：Vansdaddy - 身无居所 (ID: 3319817890) - 标准、无损音质
[2026-02-25 13:52:08] 更新成功：建坤YOUNG - 声音 (ID: 2031085185) - 标准、无损音质
[2026-02-25 13:52:10] 更新成功：岑宁儿 - 追光者 (ID: 483671599) - 标准、无损音质
[2026-02-25 13:52:10] 更新完成：成功更新 24 首歌曲
[2026-02-25 14:06:18] 开始更新音乐URL...
[2026-02-25 14:06:18] 备份创建成功：backups/music_data_2026-02-25_14-06-18.json
[2026-02-25 14:06:20] 更新成功：徐佳莹 - 一样的月光 (ID: 306665) - 标准、无损音质
[2026-02-25 14:06:23] 更新成功：Maroon 5 - Payphone (ID: 1952737857) - 标准、无损音质
[2026-02-25 14:06:25] 更新成功：G.E.M.邓紫棋 - 来自天堂的魔鬼 (ID: 36270426) - 标准、无损音质
[2026-02-25 14:06:27] 更新成功：郭静 - 下一个天亮 (ID: 233882) - 标准、无损音质
[2026-02-25 14:06:29] 更新成功：李荣浩 - 不将就 (ID: 31654343) - 标准、无损音质
[2026-02-25 14:06:32] 更新成功：雨爱 (ID: 316100) - 标准、无损音质
[2026-02-25 14:06:35] 更新成功：林宜融 - 同手同脚 (ID: 350482) - 标准、无损音质
[2026-02-25 14:06:37] 更新成功：孙燕姿 - 开始懂了 (ID: 287719) - 标准、无损音质
[2026-02-25 14:06:40] 更新成功：Beyond - 真的爱你 (ID: 346075) - 标准、无损音质
[2026-02-25 14:06:45] 更新成功：KUN - Colder (ID: 3351234875) - 标准、无损音质
[2026-02-25 14:06:50] 更新成功：陶喆 - 流沙 (ID: 150667) - 标准、无损音质
[2026-02-25 14:06:53] 更新成功：李毓芬 - 是我不够好 (ID: 410519050) - 标准、无损音质
[2026-02-25 14:06:56] 更新成功：陈奕迅 - 最佳损友 (ID: 65800) - 标准、无损音质
[2026-02-25 14:06:59] 更新成功：AGA - Wonderful U (Demo Version) (ID: 406475394) - 标准、无损音质
[2026-02-25 14:07:02] 更新成功：陈一豪Clear - 彩铃 (ID: 3339130832) - 标准、无损音质
[2026-02-25 14:07:04] 更新成功：Justin Bieber - Intentions (ID: 1421443440) - 标准、无损音质
[2026-02-25 14:07:06] 更新成功：林俊杰 - 我还想她 (ID: 108493) - 标准、无损音质
[2026-02-25 14:07:08] 更新成功：陈粒 - 走马 (ID: 2749430417) - 标准、无损音质
[2026-02-25 14:07:11] 更新成功：Top Barry - 发迹 (ID: 2099778087) - 标准、无损音质
[2026-02-25 14:07:13] 更新成功：蛋堡 - I Want You (ID: 76834) - 标准、无损音质
[2026-02-25 14:07:15] 更新成功：庾澄庆 - 春泥 (ID: 573968836) - 标准、无损音质
[2026-02-25 14:07:17] 更新成功：Vansdaddy - 身无居所 (ID: 3319817890) - 标准、无损音质
[2026-02-25 14:07:19] 更新成功：建坤YOUNG - 声音 (ID: 2031085185) - 标准、无损音质
[2026-02-25 14:07:22] 更新成功：岑宁儿 - 追光者 (ID: 483671599) - 标准、无损音质
[2026-02-25 14:07:22] 更新完成：成功更新 24 首歌曲
[2026-02-25 14:21:18] 开始更新音乐URL...
[2026-02-25 14:21:18] 备份创建成功：backups/music_data_2026-02-25_14-21-18.json
[2026-02-25 14:21:21] 更新成功：徐佳莹 - 一样的月光 (ID: 306665) - 标准、无损音质
[2026-02-25 14:21:23] 更新成功：Maroon 5 - Payphone (ID: 1952737857) - 标准、无损音质
[2026-02-25 14:21:26] 更新成功：G.E.M.邓紫棋 - 来自天堂的魔鬼 (ID: 36270426) - 标准、无损音质
[2026-02-25 14:21:28] 更新成功：郭静 - 下一个天亮 (ID: 233882) - 标准、无损音质
[2026-02-25 14:21:30] 更新成功：李荣浩 - 不将就 (ID: 31654343) - 标准、无损音质
[2026-02-25 14:21:32] 更新成功：雨爱 (ID: 316100) - 标准、无损音质
[2026-02-25 14:21:34] 更新成功：林宜融 - 同手同脚 (ID: 350482) - 标准、无损音质
[2026-02-25 14:21:37] 更新成功：孙燕姿 - 开始懂了 (ID: 287719) - 标准、无损音质
[2026-02-25 14:21:39] 更新成功：Beyond - 真的爱你 (ID: 346075) - 标准、无损音质
[2026-02-25 14:21:41] 更新成功：KUN - Colder (ID: 3351234875) - 标准、无损音质
[2026-02-25 14:21:43] 更新成功：陶喆 - 流沙 (ID: 150667) - 标准、无损音质
[2026-02-25 14:21:45] 更新成功：李毓芬 - 是我不够好 (ID: 410519050) - 标准、无损音质
[2026-02-25 14:21:47] 更新成功：陈奕迅 - 最佳损友 (ID: 65800) - 标准、无损音质
[2026-02-25 14:21:50] 更新成功：AGA - Wonderful U (Demo Version) (ID: 406475394) - 标准、无损音质
[2026-02-25 14:21:52] 更新成功：陈一豪Clear - 彩铃 (ID: 3339130832) - 标准、无损音质
[2026-02-25 14:21:54] 更新成功：Justin Bieber - Intentions (ID: 1421443440) - 标准、无损音质
[2026-02-25 14:21:56] 更新成功：林俊杰 - 我还想她 (ID: 108493) - 标准、无损音质
[2026-02-25 14:21:58] 更新成功：陈粒 - 走马 (ID: 2749430417) - 标准、无损音质
[2026-02-25 14:22:01] 更新成功：Top Barry - 发迹 (ID: 2099778087) - 标准、无损音质
[2026-02-25 14:22:03] 更新成功：蛋堡 - I Want You (ID: 76834) - 标准、无损音质
[2026-02-25 14:22:05] 更新成功：庾澄庆 - 春泥 (ID: 573968836) - 标准、无损音质
[2026-02-25 14:22:07] 更新成功：Vansdaddy - 身无居所 (ID: 3319817890) - 标准、无损音质
[2026-02-25 14:22:09] 更新成功：建坤YOUNG - 声音 (ID: 2031085185) - 标准、无损音质
[2026-02-25 14:22:12] 更新成功：岑宁儿 - 追光者 (ID: 483671599) - 标准、无损音质
[2026-02-25 14:22:12] 更新完成：成功更新 24 首歌曲
[2026-02-25 14:36:18] 开始更新音乐URL...
[2026-02-25 14:36:18] 备份创建成功：backups/music_data_2026-02-25_14-36-18.json
[2026-02-25 14:36:22] 更新成功：徐佳莹 - 一样的月光 (ID: 306665) - 标准、无损音质
[2026-02-25 14:36:24] 更新成功：Maroon 5 - Payphone (ID: 1952737857) - 标准、无损音质
[2026-02-25 14:36:26] 更新成功：G.E.M.邓紫棋 - 来自天堂的魔鬼 (ID: 36270426) - 标准、无损音质
[2026-02-25 14:36:28] 更新成功：郭静 - 下一个天亮 (ID: 233882) - 标准、无损音质
[2026-02-25 14:36:31] 更新成功：李荣浩 - 不将就 (ID: 31654343) - 标准、无损音质
[2026-02-25 14:36:46] 更新成功：雨爱 (ID: 316100) - 标准、无损音质
[2026-02-25 14:36:48] 更新成功：林宜融 - 同手同脚 (ID: 350482) - 标准、无损音质
[2026-02-25 14:36:50] 更新成功：孙燕姿 - 开始懂了 (ID: 287719) - 标准、无损音质
[2026-02-25 14:36:52] 更新成功：Beyond - 真的爱你 (ID: 346075) - 标准、无损音质
[2026-02-25 14:36:54] 更新成功：KUN - Colder (ID: 3351234875) - 标准、无损音质
[2026-02-25 14:36:57] 更新成功：陶喆 - 流沙 (ID: 150667) - 标准、无损音质
[2026-02-25 14:36:59] 更新成功：李毓芬 - 是我不够好 (ID: 410519050) - 标准、无损音质
[2026-02-25 14:37:01] 更新成功：陈奕迅 - 最佳损友 (ID: 65800) - 标准、无损音质
[2026-02-25 14:37:03] 更新成功：AGA - Wonderful U (Demo Version) (ID: 406475394) - 标准、无损音质
[2026-02-25 14:37:06] 更新成功：陈一豪Clear - 彩铃 (ID: 3339130832) - 标准、无损音质
[2026-02-25 14:37:08] 更新成功：Justin Bieber - Intentions (ID: 1421443440) - 标准、无损音质
[2026-02-25 14:37:10] 更新成功：林俊杰 - 我还想她 (ID: 108493) - 标准、无损音质
[2026-02-25 14:37:12] 更新成功：陈粒 - 走马 (ID: 2749430417) - 标准、无损音质
[2026-02-25 14:37:14] 更新成功：Top Barry - 发迹 (ID: 2099778087) - 标准、无损音质
[2026-02-25 14:37:17] 更新成功：蛋堡 - I Want You (ID: 76834) - 标准、无损音质
[2026-02-25 14:37:19] 更新成功：庾澄庆 - 春泥 (ID: 573968836) - 标准、无损音质
[2026-02-25 14:37:21] 更新成功：Vansdaddy - 身无居所 (ID: 3319817890) - 标准、无损音质
[2026-02-25 14:37:24] 更新成功：建坤YOUNG - 声音 (ID: 2031085185) - 标准、无损音质
[2026-02-25 14:37:26] 更新成功：岑宁儿 - 追光者 (ID: 483671599) - 标准、无损音质
[2026-02-25 14:37:26] 更新完成：成功更新 24 首歌曲
[2026-02-25 14:51:18] 开始更新音乐URL...
[2026-02-25 14:51:18] 备份创建成功：backups/music_data_2026-02-25_14-51-18.json
[2026-02-25 14:51:20] 更新成功：徐佳莹 - 一样的月光 (ID: 306665) - 标准、无损音质
[2026-02-25 14:51:23] 更新成功：Maroon 5 - Payphone (ID: 1952737857) - 标准、无损音质
[2026-02-25 14:51:25] 更新成功：G.E.M.邓紫棋 - 来自天堂的魔鬼 (ID: 36270426) - 标准、无损音质
[2026-02-25 14:51:27] 更新成功：郭静 - 下一个天亮 (ID: 233882) - 标准、无损音质
[2026-02-25 14:51:30] 更新成功：李荣浩 - 不将就 (ID: 31654343) - 标准、无损音质
[2026-02-25 14:51:32] 更新成功：雨爱 (ID: 316100) - 标准、无损音质
[2026-02-25 14:51:34] 更新成功：林宜融 - 同手同脚 (ID: 350482) - 标准、无损音质
[2026-02-25 14:51:37] 更新成功：孙燕姿 - 开始懂了 (ID: 287719) - 标准、无损音质
[2026-02-25 14:51:39] 更新成功：Beyond - 真的爱你 (ID: 346075) - 标准、无损音质
[2026-02-25 14:51:41] 更新成功：KUN - Colder (ID: 3351234875) - 标准、无损音质
[2026-02-25 14:51:43] 更新成功：陶喆 - 流沙 (ID: 150667) - 标准、无损音质
[2026-02-25 14:51:46] 更新成功：李毓芬 - 是我不够好 (ID: 410519050) - 标准、无损音质
[2026-02-25 14:51:48] 更新成功：陈奕迅 - 最佳损友 (ID: 65800) - 标准、无损音质
[2026-02-25 14:51:50] 更新成功：AGA - Wonderful U (Demo Version) (ID: 406475394) - 标准、无损音质
[2026-02-25 14:51:53] 更新成功：陈一豪Clear - 彩铃 (ID: 3339130832) - 标准、无损音质
[2026-02-25 14:51:55] 更新成功：Justin Bieber - Intentions (ID: 1421443440) - 标准、无损音质
[2026-02-25 14:51:57] 更新成功：林俊杰 - 我还想她 (ID: 108493) - 标准、无损音质
[2026-02-25 14:51:59] 更新成功：陈粒 - 走马 (ID: 2749430417) - 标准、无损音质
[2026-02-25 14:52:02] 更新成功：Top Barry - 发迹 (ID: 2099778087) - 标准、无损音质
[2026-02-25 14:52:04] 更新成功：蛋堡 - I Want You (ID: 76834) - 标准、无损音质
[2026-02-25 14:52:06] 更新成功：庾澄庆 - 春泥 (ID: 573968836) - 标准、无损音质
[2026-02-25 14:52:09] 更新成功：Vansdaddy - 身无居所 (ID: 3319817890) - 标准、无损音质
[2026-02-25 14:52:11] 更新成功：建坤YOUNG - 声音 (ID: 2031085185) - 标准、无损音质
[2026-02-25 14:52:13] 更新成功：岑宁儿 - 追光者 (ID: 483671599) - 标准、无损音质
[2026-02-25 14:52:14] 更新完成：成功更新 24 首歌曲
[2026-02-25 15:06:18] 开始更新音乐URL...
[2026-02-25 15:06:18] 备份创建成功：backups/music_data_2026-02-25_15-06-18.json
[2026-02-25 15:06:20] 更新成功：徐佳莹 - 一样的月光 (ID: 306665) - 标准、无损音质
[2026-02-25 15:06:22] 更新成功：Maroon 5 - Payphone (ID: 1952737857) - 标准、无损音质
[2026-02-25 15:06:25] 更新成功：G.E.M.邓紫棋 - 来自天堂的魔鬼 (ID: 36270426) - 标准、无损音质
[2026-02-25 15:06:27] 更新成功：郭静 - 下一个天亮 (ID: 233882) - 标准、无损音质
[2026-02-25 15:06:29] 更新成功：李荣浩 - 不将就 (ID: 31654343) - 标准、无损音质
[2026-02-25 15:06:31] 更新成功：雨爱 (ID: 316100) - 标准、无损音质
[2026-02-25 15:06:34] 更新成功：林宜融 - 同手同脚 (ID: 350482) - 标准、无损音质
[2026-02-25 15:06:36] 更新成功：孙燕姿 - 开始懂了 (ID: 287719) - 标准、无损音质
[2026-02-25 15:06:38] 更新成功：Beyond - 真的爱你 (ID: 346075) - 标准、无损音质
[2026-02-25 15:06:41] 更新成功：KUN - Colder (ID: 3351234875) - 标准、无损音质
[2026-02-25 15:06:44] 更新成功：陶喆 - 流沙 (ID: 150667) - 标准、无损音质
[2026-02-25 15:06:48] 更新成功：李毓芬 - 是我不够好 (ID: 410519050) - 标准、无损音质
[2026-02-25 15:06:52] 更新成功：陈奕迅 - 最佳损友 (ID: 65800) - 标准、无损音质
[2026-02-25 15:06:56] 更新成功：AGA - Wonderful U (Demo Version) (ID: 406475394) - 标准、无损音质
[2026-02-25 15:07:01] 更新成功：陈一豪Clear - 彩铃 (ID: 3339130832) - 标准、无损音质
[2026-02-25 15:07:06] 更新成功：Justin Bieber - Intentions (ID: 1421443440) - 标准、无损音质
[2026-02-25 15:07:11] 更新成功：林俊杰 - 我还想她 (ID: 108493) - 标准、无损音质
[2026-02-25 15:07:13] 更新成功：陈粒 - 走马 (ID: 2749430417) - 标准、无损音质
[2026-02-25 15:07:15] 更新成功：Top Barry - 发迹 (ID: 2099778087) - 标准、无损音质
[2026-02-25 15:07:18] 更新成功：蛋堡 - I Want You (ID: 76834) - 标准、无损音质
[2026-02-25 15:07:20] 更新成功：庾澄庆 - 春泥 (ID: 573968836) - 标准、无损音质
[2026-02-25 15:07:22] 更新成功：Vansdaddy - 身无居所 (ID: 3319817890) - 标准、无损音质
[2026-02-25 15:07:25] 更新成功：建坤YOUNG - 声音 (ID: 2031085185) - 标准、无损音质
[2026-02-25 15:07:27] 更新成功：岑宁儿 - 追光者 (ID: 483671599) - 标准、无损音质
[2026-02-25 15:07:28] 更新完成：成功更新 24 首歌曲
[2026-02-25 15:21:18] 开始更新音乐URL...
[2026-02-25 15:21:18] 备份创建成功：backups/music_data_2026-02-25_15-21-18.json
[2026-02-25 15:21:23] 更新成功：徐佳莹 - 一样的月光 (ID: 306665) - 标准、无损音质
[2026-02-25 15:21:29] 更新成功：Maroon 5 - Payphone (ID: 1952737857) - 标准、无损音质
[2026-02-25 15:21:34] 更新成功：G.E.M.邓紫棋 - 来自天堂的魔鬼 (ID: 36270426) - 标准、无损音质
[2026-02-25 15:21:38] 更新成功：郭静 - 下一个天亮 (ID: 233882) - 标准、无损音质
[2026-02-25 15:21:41] 更新成功：李荣浩 - 不将就 (ID: 31654343) - 标准、无损音质
[2026-02-25 15:21:43] 更新成功：雨爱 (ID: 316100) - 标准、无损音质
[2026-02-25 15:21:47] 更新成功：林宜融 - 同手同脚 (ID: 350482) - 标准、无损音质
[2026-02-25 15:21:51] 更新成功：孙燕姿 - 开始懂了 (ID: 287719) - 标准、无损音质
[2026-02-25 15:21:53] 更新成功：Beyond - 真的爱你 (ID: 346075) - 标准、无损音质
[2026-02-25 15:21:55] 更新成功：KUN - Colder (ID: 3351234875) - 标准、无损音质
[2026-02-25 15:21:58] 更新成功：陶喆 - 流沙 (ID: 150667) - 标准、无损音质
[2026-02-25 15:22:00] 更新成功：李毓芬 - 是我不够好 (ID: 410519050) - 标准、无损音质
[2026-02-25 15:22:03] 更新成功：陈奕迅 - 最佳损友 (ID: 65800) - 标准、无损音质
[2026-02-25 15:22:05] 更新成功：AGA - Wonderful U (Demo Version) (ID: 406475394) - 标准、无损音质
[2026-02-25 15:22:07] 更新成功：陈一豪Clear - 彩铃 (ID: 3339130832) - 标准、无损音质
[2026-02-25 15:22:09] 更新成功：Justin Bieber - Intentions (ID: 1421443440) - 标准、无损音质
[2026-02-25 15:22:12] 更新成功：林俊杰 - 我还想她 (ID: 108493) - 标准、无损音质
[2026-02-25 15:22:15] 更新成功：陈粒 - 走马 (ID: 2749430417) - 标准、无损音质
[2026-02-25 15:22:18] 更新成功：Top Barry - 发迹 (ID: 2099778087) - 标准、无损音质
[2026-02-25 15:22:22] 更新成功：蛋堡 - I Want You (ID: 76834) - 标准、无损音质
[2026-02-25 15:22:25] 更新成功：庾澄庆 - 春泥 (ID: 573968836) - 标准、无损音质
[2026-02-25 15:22:29] 更新成功：Vansdaddy - 身无居所 (ID: 3319817890) - 标准、无损音质
[2026-02-25 15:22:33] 更新成功：建坤YOUNG - 声音 (ID: 2031085185) - 标准、无损音质
[2026-02-25 15:22:38] 更新成功：岑宁儿 - 追光者 (ID: 483671599) - 标准、无损音质
[2026-02-25 15:22:38] 更新完成：成功更新 24 首歌曲
[2026-02-25 15:36:18] 开始更新音乐URL...
[2026-02-25 15:36:18] 备份创建成功：backups/music_data_2026-02-25_15-36-18.json
[2026-02-25 15:36:19] 更新成功：徐佳莹 - 一样的月光 (ID: 306665) - 标准、无损音质
[2026-02-25 15:36:28] 更新成功：Maroon 5 - Payphone (ID: 1952737857) - 标准、无损音质
[2026-02-25 15:36:31] 更新成功：G.E.M.邓紫棋 - 来自天堂的魔鬼 (ID: 36270426) - 标准、无损音质
[2026-02-25 15:36:33] 更新成功：郭静 - 下一个天亮 (ID: 233882) - 标准、无损音质
[2026-02-25 15:36:36] 更新成功：李荣浩 - 不将就 (ID: 31654343) - 标准、无损音质
[2026-02-25 15:36:39] 更新成功：雨爱 (ID: 316100) - 标准、无损音质
[2026-02-25 15:36:41] 更新成功：林宜融 - 同手同脚 (ID: 350482) - 标准、无损音质
[2026-02-25 15:36:43] 更新成功：孙燕姿 - 开始懂了 (ID: 287719) - 标准、无损音质
[2026-02-25 15:36:45] 更新成功：Beyond - 真的爱你 (ID: 346075) - 标准、无损音质
[2026-02-25 15:36:48] 更新成功：KUN - Colder (ID: 3351234875) - 标准、无损音质
[2026-02-25 15:36:50] 更新成功：陶喆 - 流沙 (ID: 150667) - 标准、无损音质
[2026-02-25 15:36:53] 更新成功：李毓芬 - 是我不够好 (ID: 410519050) - 标准、无损音质
[2026-02-25 15:36:58] 更新成功：陈奕迅 - 最佳损友 (ID: 65800) - 标准、无损音质
[2026-02-25 15:37:00] 更新成功：AGA - Wonderful U (Demo Version) (ID: 406475394) - 标准、无损音质
[2026-02-25 15:37:03] 更新成功：陈一豪Clear - 彩铃 (ID: 3339130832) - 标准、无损音质
[2026-02-25 15:37:06] 更新成功：Justin Bieber - Intentions (ID: 1421443440) - 标准、无损音质
[2026-02-25 15:37:08] 更新成功：林俊杰 - 我还想她 (ID: 108493) - 标准、无损音质
[2026-02-25 15:37:11] 更新成功：陈粒 - 走马 (ID: 2749430417) - 标准、无损音质
[2026-02-25 15:37:13] 更新成功：Top Barry - 发迹 (ID: 2099778087) - 标准、无损音质
[2026-02-25 15:37:15] 更新成功：蛋堡 - I Want You (ID: 76834) - 标准、无损音质
[2026-02-25 15:37:18] 更新成功：庾澄庆 - 春泥 (ID: 573968836) - 标准、无损音质
[2026-02-25 15:37:20] 更新成功：Vansdaddy - 身无居所 (ID: 3319817890) - 标准、无损音质
[2026-02-25 15:37:23] 更新成功：建坤YOUNG - 声音 (ID: 2031085185) - 标准、无损音质
[2026-02-25 15:37:26] 更新成功：岑宁儿 - 追光者 (ID: 483671599) - 标准、无损音质
[2026-02-25 15:37:27] 更新完成：成功更新 24 首歌曲
[2026-02-25 15:51:18] 开始更新音乐URL...
[2026-02-25 15:51:18] 备份创建成功：backups/music_data_2026-02-25_15-51-18.json
[2026-02-25 15:51:20] 更新成功：徐佳莹 - 一样的月光 (ID: 306665) - 标准、无损音质
[2026-02-25 15:51:22] 更新成功：Maroon 5 - Payphone (ID: 1952737857) - 标准、无损音质
[2026-02-25 15:51:25] 更新成功：G.E.M.邓紫棋 - 来自天堂的魔鬼 (ID: 36270426) - 标准、无损音质
[2026-02-25 15:51:27] 更新成功：郭静 - 下一个天亮 (ID: 233882) - 标准、无损音质
[2026-02-25 15:51:29] 更新成功：李荣浩 - 不将就 (ID: 31654343) - 标准、无损音质
[2026-02-25 15:51:31] 更新成功：雨爱 (ID: 316100) - 标准、无损音质
[2026-02-25 15:51:34] 更新成功：林宜融 - 同手同脚 (ID: 350482) - 标准、无损音质
[2026-02-25 15:51:36] 更新成功：孙燕姿 - 开始懂了 (ID: 287719) - 标准、无损音质
[2026-02-25 15:51:38] 更新成功：Beyond - 真的爱你 (ID: 346075) - 标准、无损音质
[2026-02-25 15:51:40] 更新成功：KUN - Colder (ID: 3351234875) - 标准、无损音质
[2026-02-25 15:51:43] 更新成功：陶喆 - 流沙 (ID: 150667) - 标准、无损音质
[2026-02-25 15:51:45] 更新成功：李毓芬 - 是我不够好 (ID: 410519050) - 标准、无损音质
[2026-02-25 15:51:47] 更新成功：陈奕迅 - 最佳损友 (ID: 65800) - 标准、无损音质
[2026-02-25 15:51:49] 更新成功：AGA - Wonderful U (Demo Version) (ID: 406475394) - 标准、无损音质
[2026-02-25 15:51:53] 更新成功：陈一豪Clear - 彩铃 (ID: 3339130832) - 标准、无损音质
[2026-02-25 15:51:55] 更新成功：Justin Bieber - Intentions (ID: 1421443440) - 标准、无损音质
[2026-02-25 15:51:57] 更新成功：林俊杰 - 我还想她 (ID: 108493) - 标准、无损音质
[2026-02-25 15:51:59] 更新成功：陈粒 - 走马 (ID: 2749430417) - 标准、无损音质
[2026-02-25 15:52:02] 更新成功：Top Barry - 发迹 (ID: 2099778087) - 标准、无损音质
[2026-02-25 15:52:04] 更新成功：蛋堡 - I Want You (ID: 76834) - 标准、无损音质
[2026-02-25 15:52:06] 更新成功：庾澄庆 - 春泥 (ID: 573968836) - 标准、无损音质
[2026-02-25 15:52:09] 更新成功：Vansdaddy - 身无居所 (ID: 3319817890) - 标准、无损音质
[2026-02-25 15:52:11] 更新成功：建坤YOUNG - 声音 (ID: 2031085185) - 标准、无损音质
[2026-02-25 15:52:13] 更新成功：岑宁儿 - 追光者 (ID: 483671599) - 标准、无损音质
[2026-02-25 15:52:13] 更新完成：成功更新 24 首歌曲
[2026-02-25 16:06:18] 开始更新音乐URL...
[2026-02-25 16:06:18] 备份创建成功：backups/music_data_2026-02-25_16-06-18.json
[2026-02-25 16:06:19] 更新成功：徐佳莹 - 一样的月光 (ID: 306665) - 标准、无损音质
[2026-02-25 16:06:22] 更新成功：Maroon 5 - Payphone (ID: 1952737857) - 标准、无损音质
[2026-02-25 16:06:24] 更新成功：G.E.M.邓紫棋 - 来自天堂的魔鬼 (ID: 36270426) - 标准、无损音质
[2026-02-25 16:06:26] 更新成功：郭静 - 下一个天亮 (ID: 233882) - 标准、无损音质
[2026-02-25 16:06:28] 更新成功：李荣浩 - 不将就 (ID: 31654343) - 标准、无损音质
[2026-02-25 16:06:31] 更新成功：雨爱 (ID: 316100) - 标准、无损音质
[2026-02-25 16:06:33] 更新成功：林宜融 - 同手同脚 (ID: 350482) - 标准、无损音质
[2026-02-25 16:06:40] 更新成功：孙燕姿 - 开始懂了 (ID: 287719) - 标准音质
[2026-02-25 16:06:42] 更新成功：Beyond - 真的爱你 (ID: 346075) - 标准、无损音质
[2026-02-25 16:06:45] 更新成功：KUN - Colder (ID: 3351234875) - 标准、无损音质
[2026-02-25 16:06:47] 更新成功：陶喆 - 流沙 (ID: 150667) - 标准、无损音质
[2026-02-25 16:06:49] 更新成功：李毓芬 - 是我不够好 (ID: 410519050) - 标准、无损音质
[2026-02-25 16:06:51] 更新成功：陈奕迅 - 最佳损友 (ID: 65800) - 标准、无损音质
[2026-02-25 16:06:53] 更新成功：AGA - Wonderful U (Demo Version) (ID: 406475394) - 标准、无损音质
[2026-02-25 16:06:56] 更新成功：陈一豪Clear - 彩铃 (ID: 3339130832) - 标准、无损音质
[2026-02-25 16:06:58] 更新成功：Justin Bieber - Intentions (ID: 1421443440) - 标准、无损音质
[2026-02-25 16:07:00] 更新成功：林俊杰 - 我还想她 (ID: 108493) - 标准、无损音质
[2026-02-25 16:07:03] 更新成功：陈粒 - 走马 (ID: 2749430417) - 标准、无损音质
[2026-02-25 16:07:05] 更新成功：Top Barry - 发迹 (ID: 2099778087) - 标准、无损音质
[2026-02-25 16:07:07] 更新成功：蛋堡 - I Want You (ID: 76834) - 标准、无损音质
[2026-02-25 16:07:09] 更新成功：庾澄庆 - 春泥 (ID: 573968836) - 标准、无损音质
[2026-02-25 16:07:11] 更新成功：Vansdaddy - 身无居所 (ID: 3319817890) - 标准、无损音质
[2026-02-25 16:07:14] 更新成功：建坤YOUNG - 声音 (ID: 2031085185) - 标准、无损音质
[2026-02-25 16:07:16] 更新成功：岑宁儿 - 追光者 (ID: 483671599) - 标准、无损音质
[2026-02-25 16:07:16] 更新完成：成功更新 24 首歌曲
[2026-02-25 16:21:18] 开始更新音乐URL...
[2026-02-25 16:21:18] 备份创建成功：backups/music_data_2026-02-25_16-21-18.json
[2026-02-25 16:21:25] 更新成功：徐佳莹 - 一样的月光 (ID: 306665) - 标准、无损音质
[2026-02-25 16:21:27] 更新成功：Maroon 5 - Payphone (ID: 1952737857) - 标准、无损音质
[2026-02-25 16:21:29] 更新成功：G.E.M.邓紫棋 - 来自天堂的魔鬼 (ID: 36270426) - 标准、无损音质
[2026-02-25 16:21:32] 更新成功：郭静 - 下一个天亮 (ID: 233882) - 标准、无损音质
[2026-02-25 16:21:34] 更新成功：李荣浩 - 不将就 (ID: 31654343) - 标准、无损音质
[2026-02-25 16:21:36] 更新成功：雨爱 (ID: 316100) - 标准、无损音质
[2026-02-25 16:21:38] 更新成功：林宜融 - 同手同脚 (ID: 350482) - 标准、无损音质
[2026-02-25 16:21:41] 更新成功：孙燕姿 - 开始懂了 (ID: 287719) - 标准、无损音质
[2026-02-25 16:21:43] 更新成功：Beyond - 真的爱你 (ID: 346075) - 标准、无损音质
[2026-02-25 16:21:45] 更新成功：KUN - Colder (ID: 3351234875) - 标准、无损音质
[2026-02-25 16:21:47] 更新成功：陶喆 - 流沙 (ID: 150667) - 标准、无损音质
[2026-02-25 16:21:49] 更新成功：李毓芬 - 是我不够好 (ID: 410519050) - 标准、无损音质
[2026-02-25 16:21:56] 更新成功：陈奕迅 - 最佳损友 (ID: 65800) - 无损音质
[2026-02-25 16:21:58] 更新成功：AGA - Wonderful U (Demo Version) (ID: 406475394) - 标准、无损音质
[2026-02-25 16:22:01] 更新成功：陈一豪Clear - 彩铃 (ID: 3339130832) - 标准、无损音质
[2026-02-25 16:22:03] 更新成功：Justin Bieber - Intentions (ID: 1421443440) - 标准、无损音质
[2026-02-25 16:22:05] 更新成功：林俊杰 - 我还想她 (ID: 108493) - 标准、无损音质
[2026-02-25 16:22:08] 更新成功：陈粒 - 走马 (ID: 2749430417) - 标准、无损音质
[2026-02-25 16:22:10] 更新成功：Top Barry - 发迹 (ID: 2099778087) - 标准、无损音质
[2026-02-25 16:22:12] 更新成功：蛋堡 - I Want You (ID: 76834) - 标准、无损音质
[2026-02-25 16:22:15] 更新成功：庾澄庆 - 春泥 (ID: 573968836) - 标准、无损音质
[2026-02-25 16:22:18] 更新成功：Vansdaddy - 身无居所 (ID: 3319817890) - 标准、无损音质
[2026-02-25 16:22:20] 更新成功：建坤YOUNG - 声音 (ID: 2031085185) - 标准、无损音质
[2026-02-25 16:22:22] 更新成功：岑宁儿 - 追光者 (ID: 483671599) - 标准、无损音质
[2026-02-25 16:22:23] 更新完成：成功更新 24 首歌曲
[2026-02-25 16:36:18] 开始更新音乐URL...
[2026-02-25 16:36:18] 备份创建成功：backups/music_data_2026-02-25_16-36-18.json
[2026-02-25 16:36:21] 更新成功：徐佳莹 - 一样的月光 (ID: 306665) - 标准、无损音质
[2026-02-25 16:36:24] 更新成功：Maroon 5 - Payphone (ID: 1952737857) - 标准、无损音质
[2026-02-25 16:36:26] 更新成功：G.E.M.邓紫棋 - 来自天堂的魔鬼 (ID: 36270426) - 标准、无损音质
[2026-02-25 16:36:28] 更新成功：郭静 - 下一个天亮 (ID: 233882) - 标准、无损音质
[2026-02-25 16:36:30] 更新成功：李荣浩 - 不将就 (ID: 31654343) - 标准、无损音质
[2026-02-25 16:36:33] 更新成功：雨爱 (ID: 316100) - 标准、无损音质
[2026-02-25 16:36:35] 更新成功：林宜融 - 同手同脚 (ID: 350482) - 标准、无损音质
[2026-02-25 16:36:37] 更新成功：孙燕姿 - 开始懂了 (ID: 287719) - 标准、无损音质
[2026-02-25 16:36:40] 更新成功：Beyond - 真的爱你 (ID: 346075) - 标准、无损音质
[2026-02-25 16:36:42] 更新成功：KUN - Colder (ID: 3351234875) - 标准、无损音质
[2026-02-25 16:36:44] 更新成功：陶喆 - 流沙 (ID: 150667) - 标准、无损音质
[2026-02-25 16:36:46] 更新成功：李毓芬 - 是我不够好 (ID: 410519050) - 标准、无损音质
[2026-02-25 16:36:49] 更新成功：陈奕迅 - 最佳损友 (ID: 65800) - 标准、无损音质
[2026-02-25 16:36:51] 更新成功：AGA - Wonderful U (Demo Version) (ID: 406475394) - 标准、无损音质
[2026-02-25 16:36:53] 更新成功：陈一豪Clear - 彩铃 (ID: 3339130832) - 标准、无损音质
[2026-02-25 16:36:55] 更新成功：Justin Bieber - Intentions (ID: 1421443440) - 标准、无损音质
[2026-02-25 16:36:57] 更新成功：林俊杰 - 我还想她 (ID: 108493) - 标准、无损音质
[2026-02-25 16:37:00] 更新成功：陈粒 - 走马 (ID: 2749430417) - 标准、无损音质
[2026-02-25 16:37:06] 更新成功：Top Barry - 发迹 (ID: 2099778087) - 标准音质
[2026-02-25 16:37:09] 更新成功：蛋堡 - I Want You (ID: 76834) - 标准、无损音质
[2026-02-25 16:37:11] 更新成功：庾澄庆 - 春泥 (ID: 573968836) - 标准、无损音质
[2026-02-25 16:37:13] 更新成功：Vansdaddy - 身无居所 (ID: 3319817890) - 标准、无损音质
[2026-02-25 16:37:15] 更新成功：建坤YOUNG - 声音 (ID: 2031085185) - 标准、无损音质
[2026-02-25 16:37:18] 更新成功：岑宁儿 - 追光者 (ID: 483671599) - 标准、无损音质
[2026-02-25 16:37:18] 更新完成：成功更新 24 首歌曲
[2026-02-25 16:51:18] 开始更新音乐URL...
[2026-02-25 16:51:18] 备份创建成功：backups/music_data_2026-02-25_16-51-18.json
[2026-02-25 16:51:20] 更新成功：徐佳莹 - 一样的月光 (ID: 306665) - 标准、无损音质
[2026-02-25 16:51:22] 更新成功：Maroon 5 - Payphone (ID: 1952737857) - 标准、无损音质
[2026-02-25 16:51:25] 更新成功：G.E.M.邓紫棋 - 来自天堂的魔鬼 (ID: 36270426) - 标准、无损音质
[2026-02-25 16:51:27] 更新成功：郭静 - 下一个天亮 (ID: 233882) - 标准、无损音质
[2026-02-25 16:51:29] 更新成功：李荣浩 - 不将就 (ID: 31654343) - 标准、无损音质
[2026-02-25 16:51:31] 更新成功：雨爱 (ID: 316100) - 标准、无损音质
[2026-02-25 16:51:33] 更新成功：林宜融 - 同手同脚 (ID: 350482) - 标准、无损音质
[2026-02-25 16:51:35] 更新成功：孙燕姿 - 开始懂了 (ID: 287719) - 标准、无损音质
[2026-02-25 16:51:38] 更新成功：Beyond - 真的爱你 (ID: 346075) - 标准、无损音质
[2026-02-25 16:51:40] 更新成功：KUN - Colder (ID: 3351234875) - 标准、无损音质
[2026-02-25 16:51:43] 更新成功：陶喆 - 流沙 (ID: 150667) - 标准、无损音质
[2026-02-25 16:51:45] 更新成功：李毓芬 - 是我不够好 (ID: 410519050) - 标准、无损音质
[2026-02-25 16:51:47] 更新成功：陈奕迅 - 最佳损友 (ID: 65800) - 标准、无损音质
[2026-02-25 16:51:49] 更新成功：AGA - Wonderful U (Demo Version) (ID: 406475394) - 标准、无损音质
[2026-02-25 16:51:51] 更新成功：陈一豪Clear - 彩铃 (ID: 3339130832) - 标准、无损音质
[2026-02-25 16:51:53] 更新成功：Justin Bieber - Intentions (ID: 1421443440) - 标准、无损音质
[2026-02-25 16:51:55] 更新成功：林俊杰 - 我还想她 (ID: 108493) - 标准、无损音质
[2026-02-25 16:51:57] 更新成功：陈粒 - 走马 (ID: 2749430417) - 标准、无损音质
[2026-02-25 16:52:00] 更新成功：Top Barry - 发迹 (ID: 2099778087) - 标准、无损音质
[2026-02-25 16:52:02] 更新成功：蛋堡 - I Want You (ID: 76834) - 标准、无损音质
[2026-02-25 16:52:04] 更新成功：庾澄庆 - 春泥 (ID: 573968836) - 标准、无损音质
[2026-02-25 16:52:07] 更新成功：Vansdaddy - 身无居所 (ID: 3319817890) - 标准、无损音质
[2026-02-25 16:52:09] 更新成功：建坤YOUNG - 声音 (ID: 2031085185) - 标准、无损音质
[2026-02-25 16:52:12] 更新成功：岑宁儿 - 追光者 (ID: 483671599) - 标准、无损音质
[2026-02-25 16:52:12] 更新完成：成功更新 24 首歌曲
[2026-02-25 17:06:18] 开始更新音乐URL...
[2026-02-25 17:06:18] 备份创建成功：backups/music_data_2026-02-25_17-06-18.json
[2026-02-25 17:06:20] 更新成功：徐佳莹 - 一样的月光 (ID: 306665) - 标准、无损音质
[2026-02-25 17:06:22] 更新成功：Maroon 5 - Payphone (ID: 1952737857) - 标准、无损音质
[2026-02-25 17:06:24] 更新成功：G.E.M.邓紫棋 - 来自天堂的魔鬼 (ID: 36270426) - 标准、无损音质
[2026-02-25 17:06:27] 更新成功：郭静 - 下一个天亮 (ID: 233882) - 标准、无损音质
[2026-02-25 17:06:29] 更新成功：李荣浩 - 不将就 (ID: 31654343) - 标准、无损音质
[2026-02-25 17:06:31] 更新成功：雨爱 (ID: 316100) - 标准、无损音质
[2026-02-25 17:06:33] 更新成功：林宜融 - 同手同脚 (ID: 350482) - 标准、无损音质
[2026-02-25 17:06:35] 更新成功：孙燕姿 - 开始懂了 (ID: 287719) - 标准、无损音质
[2026-02-25 17:06:38] 更新成功：Beyond - 真的爱你 (ID: 346075) - 标准、无损音质
[2026-02-25 17:06:40] 更新成功：KUN - Colder (ID: 3351234875) - 标准、无损音质
[2026-02-25 17:06:42] 更新成功：陶喆 - 流沙 (ID: 150667) - 标准、无损音质
[2026-02-25 17:06:44] 更新成功：李毓芬 - 是我不够好 (ID: 410519050) - 标准、无损音质
[2026-02-25 17:06:50] 更新成功：陈奕迅 - 最佳损友 (ID: 65800) - 标准、无损音质
[2026-02-25 17:06:52] 更新成功：AGA - Wonderful U (Demo Version) (ID: 406475394) - 标准、无损音质
[2026-02-25 17:06:54] 更新成功：陈一豪Clear - 彩铃 (ID: 3339130832) - 标准、无损音质
[2026-02-25 17:07:00] 更新成功：Justin Bieber - Intentions (ID: 1421443440) - 标准、无损音质
[2026-02-25 17:07:03] 更新成功：林俊杰 - 我还想她 (ID: 108493) - 标准、无损音质
[2026-02-25 17:07:05] 更新成功：陈粒 - 走马 (ID: 2749430417) - 标准、无损音质
[2026-02-25 17:07:07] 更新成功：Top Barry - 发迹 (ID: 2099778087) - 标准、无损音质
[2026-02-25 17:07:09] 更新成功：蛋堡 - I Want You (ID: 76834) - 标准、无损音质
[2026-02-25 17:07:12] 更新成功：庾澄庆 - 春泥 (ID: 573968836) - 标准、无损音质
[2026-02-25 17:07:14] 更新成功：Vansdaddy - 身无居所 (ID: 3319817890) - 标准、无损音质
[2026-02-25 17:07:16] 更新成功：建坤YOUNG - 声音 (ID: 2031085185) - 标准、无损音质
[2026-02-25 17:07:19] 更新成功：岑宁儿 - 追光者 (ID: 483671599) - 标准、无损音质
[2026-02-25 17:07:19] 更新完成：成功更新 24 首歌曲
[2026-02-25 17:21:18] 开始更新音乐URL...
[2026-02-25 17:21:18] 备份创建成功：backups/music_data_2026-02-25_17-21-18.json
[2026-02-25 17:21:20] 更新成功：徐佳莹 - 一样的月光 (ID: 306665) - 标准、无损音质
[2026-02-25 17:21:23] 更新成功：Maroon 5 - Payphone (ID: 1952737857) - 标准、无损音质
[2026-02-25 17:21:25] 更新成功：G.E.M.邓紫棋 - 来自天堂的魔鬼 (ID: 36270426) - 标准、无损音质
[2026-02-25 17:21:27] 更新成功：郭静 - 下一个天亮 (ID: 233882) - 标准、无损音质
[2026-02-25 17:21:34] 更新成功：李荣浩 - 不将就 (ID: 31654343) - 标准音质
[2026-02-25 17:21:36] 更新成功：雨爱 (ID: 316100) - 标准、无损音质
[2026-02-25 17:21:38] 更新成功：林宜融 - 同手同脚 (ID: 350482) - 标准、无损音质
[2026-02-25 17:21:40] 更新成功：孙燕姿 - 开始懂了 (ID: 287719) - 标准、无损音质
[2026-02-25 17:21:42] 更新成功：Beyond - 真的爱你 (ID: 346075) - 标准、无损音质
[2026-02-25 17:21:45] 更新成功：KUN - Colder (ID: 3351234875) - 标准、无损音质
[2026-02-25 17:21:47] 更新成功：陶喆 - 流沙 (ID: 150667) - 标准、无损音质
[2026-02-25 17:21:49] 更新成功：李毓芬 - 是我不够好 (ID: 410519050) - 标准、无损音质
[2026-02-25 17:21:51] 更新成功：陈奕迅 - 最佳损友 (ID: 65800) - 标准、无损音质
[2026-02-25 17:21:53] 更新成功：AGA - Wonderful U (Demo Version) (ID: 406475394) - 标准、无损音质
[2026-02-25 17:21:55] 更新成功：陈一豪Clear - 彩铃 (ID: 3339130832) - 标准、无损音质
[2026-02-25 17:21:58] 更新成功：Justin Bieber - Intentions (ID: 1421443440) - 标准、无损音质
[2026-02-25 17:22:00] 更新成功：林俊杰 - 我还想她 (ID: 108493) - 标准、无损音质
[2026-02-25 17:22:02] 更新成功：陈粒 - 走马 (ID: 2749430417) - 标准、无损音质
[2026-02-25 17:22:04] 更新成功：Top Barry - 发迹 (ID: 2099778087) - 标准、无损音质
[2026-02-25 17:22:06] 更新成功：蛋堡 - I Want You (ID: 76834) - 标准、无损音质
[2026-02-25 17:22:09] 更新成功：庾澄庆 - 春泥 (ID: 573968836) - 标准、无损音质
[2026-02-25 17:22:11] 更新成功：Vansdaddy - 身无居所 (ID: 3319817890) - 标准、无损音质
[2026-02-25 17:22:13] 更新成功：建坤YOUNG - 声音 (ID: 2031085185) - 标准、无损音质
[2026-02-25 17:22:15] 更新成功：岑宁儿 - 追光者 (ID: 483671599) - 标准、无损音质
[2026-02-25 17:22:15] 更新完成：成功更新 24 首歌曲
[2026-02-25 17:36:18] 开始更新音乐URL...
[2026-02-25 17:36:18] 备份创建成功：backups/music_data_2026-02-25_17-36-18.json
[2026-02-25 17:36:21] 更新成功：徐佳莹 - 一样的月光 (ID: 306665) - 标准、无损音质
[2026-02-25 17:36:23] 更新成功：Maroon 5 - Payphone (ID: 1952737857) - 标准、无损音质
[2026-02-25 17:36:25] 更新成功：G.E.M.邓紫棋 - 来自天堂的魔鬼 (ID: 36270426) - 标准、无损音质
[2026-02-25 17:36:28] 更新成功：郭静 - 下一个天亮 (ID: 233882) - 标准、无损音质
[2026-02-25 17:36:30] 更新成功：李荣浩 - 不将就 (ID: 31654343) - 标准、无损音质
[2026-02-25 17:36:32] 更新成功：雨爱 (ID: 316100) - 标准、无损音质
[2026-02-25 17:36:35] 更新成功：林宜融 - 同手同脚 (ID: 350482) - 标准、无损音质
[2026-02-25 17:36:37] 更新成功：孙燕姿 - 开始懂了 (ID: 287719) - 标准、无损音质
[2026-02-25 17:36:39] 更新成功：Beyond - 真的爱你 (ID: 346075) - 标准、无损音质
[2026-02-25 17:36:41] 更新成功：KUN - Colder (ID: 3351234875) - 标准、无损音质
[2026-02-25 17:36:44] 更新成功：陶喆 - 流沙 (ID: 150667) - 标准、无损音质
[2026-02-25 17:36:46] 更新成功：李毓芬 - 是我不够好 (ID: 410519050) - 标准、无损音质
[2026-02-25 17:36:48] 更新成功：陈奕迅 - 最佳损友 (ID: 65800) - 标准、无损音质
[2026-02-25 17:36:50] 更新成功：AGA - Wonderful U (Demo Version) (ID: 406475394) - 标准、无损音质
[2026-02-25 17:36:52] 更新成功：陈一豪Clear - 彩铃 (ID: 3339130832) - 标准、无损音质
[2026-02-25 17:36:55] 更新成功：Justin Bieber - Intentions (ID: 1421443440) - 标准、无损音质
[2026-02-25 17:36:57] 更新成功：林俊杰 - 我还想她 (ID: 108493) - 标准、无损音质
[2026-02-25 17:37:00] 更新成功：陈粒 - 走马 (ID: 2749430417) - 标准、无损音质
[2026-02-25 17:37:02] 更新成功：Top Barry - 发迹 (ID: 2099778087) - 标准、无损音质
[2026-02-25 17:37:04] 更新成功：蛋堡 - I Want You (ID: 76834) - 标准、无损音质
[2026-02-25 17:37:06] 更新成功：庾澄庆 - 春泥 (ID: 573968836) - 标准、无损音质
[2026-02-25 17:37:08] 更新成功：Vansdaddy - 身无居所 (ID: 3319817890) - 标准、无损音质
[2026-02-25 17:37:10] 更新成功：建坤YOUNG - 声音 (ID: 2031085185) - 标准、无损音质
[2026-02-25 17:37:12] 更新成功：岑宁儿 - 追光者 (ID: 483671599) - 标准、无损音质
[2026-02-25 17:37:13] 更新完成：成功更新 24 首歌曲
[2026-02-25 17:51:19] 开始更新音乐URL...
[2026-02-25 17:51:19] 备份创建成功：backups/music_data_2026-02-25_17-51-19.json
[2026-02-25 17:51:21] 更新成功：徐佳莹 - 一样的月光 (ID: 306665) - 标准、无损音质
[2026-02-25 17:51:23] 更新成功：Maroon 5 - Payphone (ID: 1952737857) - 标准、无损音质
[2026-02-25 17:51:25] 更新成功：G.E.M.邓紫棋 - 来自天堂的魔鬼 (ID: 36270426) - 标准、无损音质
[2026-02-25 17:51:27] 更新成功：郭静 - 下一个天亮 (ID: 233882) - 标准、无损音质
[2026-02-25 17:51:29] 更新成功：李荣浩 - 不将就 (ID: 31654343) - 标准、无损音质
[2026-02-25 17:51:32] 更新成功：雨爱 (ID: 316100) - 标准、无损音质
[2026-02-25 17:51:34] 更新成功：林宜融 - 同手同脚 (ID: 350482) - 标准、无损音质
[2026-02-25 17:51:36] 更新成功：孙燕姿 - 开始懂了 (ID: 287719) - 标准、无损音质
[2026-02-25 17:51:38] 更新成功：Beyond - 真的爱你 (ID: 346075) - 标准、无损音质
[2026-02-25 17:51:41] 更新成功：KUN - Colder (ID: 3351234875) - 标准、无损音质
[2026-02-25 17:51:43] 更新成功：陶喆 - 流沙 (ID: 150667) - 标准、无损音质
[2026-02-25 17:51:45] 更新成功：李毓芬 - 是我不够好 (ID: 410519050) - 标准、无损音质
[2026-02-25 17:51:49] 更新成功：陈奕迅 - 最佳损友 (ID: 65800) - 标准、无损音质
[2026-02-25 17:51:51] 更新成功：AGA - Wonderful U (Demo Version) (ID: 406475394) - 标准、无损音质
[2026-02-25 17:51:53] 更新成功：陈一豪Clear - 彩铃 (ID: 3339130832) - 标准、无损音质
[2026-02-25 17:51:55] 更新成功：Justin Bieber - Intentions (ID: 1421443440) - 标准、无损音质
[2026-02-25 17:51:57] 更新成功：林俊杰 - 我还想她 (ID: 108493) - 标准、无损音质
[2026-02-25 17:51:59] 更新成功：陈粒 - 走马 (ID: 2749430417) - 标准、无损音质
[2026-02-25 17:52:01] 更新成功：Top Barry - 发迹 (ID: 2099778087) - 标准、无损音质
[2026-02-25 17:52:04] 更新成功：蛋堡 - I Want You (ID: 76834) - 标准、无损音质
[2026-02-25 17:52:06] 更新成功：庾澄庆 - 春泥 (ID: 573968836) - 标准、无损音质
[2026-02-25 17:52:08] 更新成功：Vansdaddy - 身无居所 (ID: 3319817890) - 标准、无损音质
[2026-02-25 17:52:10] 更新成功：建坤YOUNG - 声音 (ID: 2031085185) - 标准、无损音质
[2026-02-25 17:52:12] 更新成功：岑宁儿 - 追光者 (ID: 483671599) - 标准、无损音质
[2026-02-25 17:52:13] 更新完成：成功更新 24 首歌曲
[2026-02-25 18:06:18] 开始更新音乐URL...
[2026-02-25 18:06:18] 备份创建成功：backups/music_data_2026-02-25_18-06-18.json
[2026-02-25 18:06:21] 更新成功：徐佳莹 - 一样的月光 (ID: 306665) - 标准、无损音质
[2026-02-25 18:06:23] 更新成功：Maroon 5 - Payphone (ID: 1952737857) - 标准、无损音质
[2026-02-25 18:06:27] 更新成功：G.E.M.邓紫棋 - 来自天堂的魔鬼 (ID: 36270426) - 标准、无损音质
[2026-02-25 18:06:30] 更新成功：郭静 - 下一个天亮 (ID: 233882) - 标准、无损音质
[2026-02-25 18:06:32] 更新成功：李荣浩 - 不将就 (ID: 31654343) - 标准、无损音质
[2026-02-25 18:06:34] 更新成功：雨爱 (ID: 316100) - 标准、无损音质
[2026-02-25 18:06:36] 更新成功：林宜融 - 同手同脚 (ID: 350482) - 标准、无损音质
[2026-02-25 18:06:38] 更新成功：孙燕姿 - 开始懂了 (ID: 287719) - 标准、无损音质
[2026-02-25 18:06:40] 更新成功：Beyond - 真的爱你 (ID: 346075) - 标准、无损音质
[2026-02-25 18:06:42] 更新成功：KUN - Colder (ID: 3351234875) - 标准、无损音质
[2026-02-25 18:06:44] 更新成功：陶喆 - 流沙 (ID: 150667) - 标准、无损音质
[2026-02-25 18:06:47] 更新成功：李毓芬 - 是我不够好 (ID: 410519050) - 标准、无损音质
[2026-02-25 18:06:49] 更新成功：陈奕迅 - 最佳损友 (ID: 65800) - 标准、无损音质
[2026-02-25 18:06:51] 更新成功：AGA - Wonderful U (Demo Version) (ID: 406475394) - 标准、无损音质
[2026-02-25 18:06:53] 更新成功：陈一豪Clear - 彩铃 (ID: 3339130832) - 标准、无损音质
[2026-02-25 18:06:55] 更新成功：Justin Bieber - Intentions (ID: 1421443440) - 标准、无损音质
[2026-02-25 18:06:58] 更新成功：林俊杰 - 我还想她 (ID: 108493) - 标准、无损音质
[2026-02-25 18:07:00] 更新成功：陈粒 - 走马 (ID: 2749430417) - 标准、无损音质
[2026-02-25 18:07:02] 更新成功：Top Barry - 发迹 (ID: 2099778087) - 标准、无损音质
[2026-02-25 18:07:04] 更新成功：蛋堡 - I Want You (ID: 76834) - 标准、无损音质
[2026-02-25 18:07:07] 更新成功：庾澄庆 - 春泥 (ID: 573968836) - 标准、无损音质
[2026-02-25 18:07:09] 更新成功：Vansdaddy - 身无居所 (ID: 3319817890) - 标准、无损音质
[2026-02-25 18:07:11] 更新成功：建坤YOUNG - 声音 (ID: 2031085185) - 标准、无损音质
[2026-02-25 18:07:13] 更新成功：岑宁儿 - 追光者 (ID: 483671599) - 标准、无损音质
[2026-02-25 18:07:14] 更新完成：成功更新 24 首歌曲
[2026-02-25 18:21:19] 开始更新音乐URL...
[2026-02-25 18:21:19] 备份创建成功：backups/music_data_2026-02-25_18-21-19.json
[2026-02-25 18:21:22] 更新成功：徐佳莹 - 一样的月光 (ID: 306665) - 标准、无损音质
[2026-02-25 18:21:25] 更新成功：Maroon 5 - Payphone (ID: 1952737857) - 标准、无损音质
[2026-02-25 18:21:27] 更新成功：G.E.M.邓紫棋 - 来自天堂的魔鬼 (ID: 36270426) - 标准、无损音质
[2026-02-25 18:21:29] 更新成功：郭静 - 下一个天亮 (ID: 233882) - 标准、无损音质
[2026-02-25 18:21:31] 更新成功：李荣浩 - 不将就 (ID: 31654343) - 标准、无损音质
[2026-02-25 18:21:33] 更新成功：雨爱 (ID: 316100) - 标准、无损音质
[2026-02-25 18:21:36] 更新成功：林宜融 - 同手同脚 (ID: 350482) - 标准、无损音质
[2026-02-25 18:21:38] 更新成功：孙燕姿 - 开始懂了 (ID: 287719) - 标准、无损音质
[2026-02-25 18:21:40] 更新成功：Beyond - 真的爱你 (ID: 346075) - 标准、无损音质
[2026-02-25 18:21:42] 更新成功：KUN - Colder (ID: 3351234875) - 标准、无损音质
[2026-02-25 18:21:44] 更新成功：陶喆 - 流沙 (ID: 150667) - 标准、无损音质
[2026-02-25 18:21:47] 更新成功：李毓芬 - 是我不够好 (ID: 410519050) - 标准、无损音质
[2026-02-25 18:21:49] 更新成功：陈奕迅 - 最佳损友 (ID: 65800) - 标准、无损音质
[2026-02-25 18:21:51] 更新成功：AGA - Wonderful U (Demo Version) (ID: 406475394) - 标准、无损音质
[2026-02-25 18:21:53] 更新成功：陈一豪Clear - 彩铃 (ID: 3339130832) - 标准、无损音质
[2026-02-25 18:21:55] 更新成功：Justin Bieber - Intentions (ID: 1421443440) - 标准、无损音质
[2026-02-25 18:21:58] 更新成功：林俊杰 - 我还想她 (ID: 108493) - 标准、无损音质
[2026-02-25 18:22:00] 更新成功：陈粒 - 走马 (ID: 2749430417) - 标准、无损音质
[2026-02-25 18:22:02] 更新成功：Top Barry - 发迹 (ID: 2099778087) - 标准、无损音质
[2026-02-25 18:22:04] 更新成功：蛋堡 - I Want You (ID: 76834) - 标准、无损音质
[2026-02-25 18:22:06] 更新成功：庾澄庆 - 春泥 (ID: 573968836) - 标准、无损音质
[2026-02-25 18:22:08] 更新成功：Vansdaddy - 身无居所 (ID: 3319817890) - 标准、无损音质
[2026-02-25 18:22:11] 更新成功：建坤YOUNG - 声音 (ID: 2031085185) - 标准、无损音质
[2026-02-25 18:22:13] 更新成功：岑宁儿 - 追光者 (ID: 483671599) - 标准、无损音质
[2026-02-25 18:22:13] 更新完成：成功更新 24 首歌曲
[2026-02-25 18:36:18] 开始更新音乐URL...
[2026-02-25 18:36:18] 备份创建成功：backups/music_data_2026-02-25_18-36-18.json
[2026-02-25 18:36:20] 更新成功：徐佳莹 - 一样的月光 (ID: 306665) - 标准、无损音质
[2026-02-25 18:36:22] 更新成功：Maroon 5 - Payphone (ID: 1952737857) - 标准、无损音质
[2026-02-25 18:36:25] 更新成功：G.E.M.邓紫棋 - 来自天堂的魔鬼 (ID: 36270426) - 标准、无损音质
[2026-02-25 18:36:27] 更新成功：郭静 - 下一个天亮 (ID: 233882) - 标准、无损音质
[2026-02-25 18:36:29] 更新成功：李荣浩 - 不将就 (ID: 31654343) - 标准、无损音质
[2026-02-25 18:36:31] 更新成功：雨爱 (ID: 316100) - 标准、无损音质
[2026-02-25 18:36:33] 更新成功：林宜融 - 同手同脚 (ID: 350482) - 标准、无损音质
[2026-02-25 18:36:36] 更新成功：孙燕姿 - 开始懂了 (ID: 287719) - 标准、无损音质
[2026-02-25 18:36:38] 更新成功：Beyond - 真的爱你 (ID: 346075) - 标准、无损音质
[2026-02-25 18:36:40] 更新成功：KUN - Colder (ID: 3351234875) - 标准、无损音质
[2026-02-25 18:36:42] 更新成功：陶喆 - 流沙 (ID: 150667) - 标准、无损音质
[2026-02-25 18:36:44] 更新成功：李毓芬 - 是我不够好 (ID: 410519050) - 标准、无损音质
[2026-02-25 18:36:46] 更新成功：陈奕迅 - 最佳损友 (ID: 65800) - 标准、无损音质
[2026-02-25 18:36:48] 更新成功：AGA - Wonderful U (Demo Version) (ID: 406475394) - 标准、无损音质
[2026-02-25 18:36:50] 更新成功：陈一豪Clear - 彩铃 (ID: 3339130832) - 标准、无损音质
[2026-02-25 18:36:52] 更新成功：Justin Bieber - Intentions (ID: 1421443440) - 标准、无损音质
[2026-02-25 18:36:55] 更新成功：林俊杰 - 我还想她 (ID: 108493) - 标准、无损音质
[2026-02-25 18:36:57] 更新成功：陈粒 - 走马 (ID: 2749430417) - 标准、无损音质
[2026-02-25 18:36:59] 更新成功：Top Barry - 发迹 (ID: 2099778087) - 标准、无损音质
[2026-02-25 18:37:01] 更新成功：蛋堡 - I Want You (ID: 76834) - 标准、无损音质
[2026-02-25 18:37:03] 更新成功：庾澄庆 - 春泥 (ID: 573968836) - 标准、无损音质
[2026-02-25 18:37:10] 更新成功：Vansdaddy - 身无居所 (ID: 3319817890) - 无损音质
[2026-02-25 18:37:12] 更新成功：建坤YOUNG - 声音 (ID: 2031085185) - 标准、无损音质
[2026-02-25 18:37:14] 更新成功：岑宁儿 - 追光者 (ID: 483671599) - 标准、无损音质
[2026-02-25 18:37:15] 更新完成：成功更新 24 首歌曲
[2026-02-25 18:51:18] 开始更新音乐URL...
[2026-02-25 18:51:18] 备份创建成功：backups/music_data_2026-02-25_18-51-18.json
[2026-02-25 18:51:20] 更新成功：徐佳莹 - 一样的月光 (ID: 306665) - 标准、无损音质
[2026-02-25 18:51:26] 更新成功：Maroon 5 - Payphone (ID: 1952737857) - 标准、无损音质
[2026-02-25 18:51:28] 更新成功：G.E.M.邓紫棋 - 来自天堂的魔鬼 (ID: 36270426) - 标准、无损音质
[2026-02-25 18:51:30] 更新成功：郭静 - 下一个天亮 (ID: 233882) - 标准、无损音质
[2026-02-25 18:51:32] 更新成功：李荣浩 - 不将就 (ID: 31654343) - 标准、无损音质
[2026-02-25 18:51:35] 更新成功：雨爱 (ID: 316100) - 标准、无损音质
[2026-02-25 18:51:37] 更新成功：林宜融 - 同手同脚 (ID: 350482) - 标准、无损音质
[2026-02-25 18:51:39] 更新成功：孙燕姿 - 开始懂了 (ID: 287719) - 标准、无损音质
[2026-02-25 18:51:42] 更新成功：Beyond - 真的爱你 (ID: 346075) - 标准、无损音质
[2026-02-25 18:51:44] 更新成功：KUN - Colder (ID: 3351234875) - 标准、无损音质
[2026-02-25 18:51:46] 更新成功：陶喆 - 流沙 (ID: 150667) - 标准、无损音质
[2026-02-25 18:51:48] 更新成功：李毓芬 - 是我不够好 (ID: 410519050) - 标准、无损音质
[2026-02-25 18:51:50] 更新成功：陈奕迅 - 最佳损友 (ID: 65800) - 标准、无损音质
[2026-02-25 18:51:52] 更新成功：AGA - Wonderful U (Demo Version) (ID: 406475394) - 标准、无损音质
[2026-02-25 18:51:54] 更新成功：陈一豪Clear - 彩铃 (ID: 3339130832) - 标准、无损音质
[2026-02-25 18:51:56] 更新成功：Justin Bieber - Intentions (ID: 1421443440) - 标准、无损音质
[2026-02-25 18:51:59] 更新成功：林俊杰 - 我还想她 (ID: 108493) - 标准、无损音质
[2026-02-25 18:52:01] 更新成功：陈粒 - 走马 (ID: 2749430417) - 标准、无损音质
[2026-02-25 18:52:03] 更新成功：Top Barry - 发迹 (ID: 2099778087) - 标准、无损音质
[2026-02-25 18:52:05] 更新成功：蛋堡 - I Want You (ID: 76834) - 标准、无损音质
[2026-02-25 18:52:07] 更新成功：庾澄庆 - 春泥 (ID: 573968836) - 标准、无损音质
[2026-02-25 18:52:09] 更新成功：Vansdaddy - 身无居所 (ID: 3319817890) - 标准、无损音质
[2026-02-25 18:52:11] 更新成功：建坤YOUNG - 声音 (ID: 2031085185) - 标准、无损音质
[2026-02-25 18:52:13] 更新成功：岑宁儿 - 追光者 (ID: 483671599) - 标准、无损音质
[2026-02-25 18:52:14] 更新完成：成功更新 24 首歌曲
[2026-02-25 19:06:18] 开始更新音乐URL...
[2026-02-25 19:06:18] 备份创建成功：backups/music_data_2026-02-25_19-06-18.json
[2026-02-25 19:06:21] 更新成功：徐佳莹 - 一样的月光 (ID: 306665) - 标准、无损音质
[2026-02-25 19:06:23] 更新成功：Maroon 5 - Payphone (ID: 1952737857) - 标准、无损音质
[2026-02-25 19:06:25] 更新成功：G.E.M.邓紫棋 - 来自天堂的魔鬼 (ID: 36270426) - 标准、无损音质
[2026-02-25 19:06:28] 更新成功：郭静 - 下一个天亮 (ID: 233882) - 标准、无损音质
[2026-02-25 19:06:30] 更新成功：李荣浩 - 不将就 (ID: 31654343) - 标准、无损音质
[2026-02-25 19:06:32] 更新成功：雨爱 (ID: 316100) - 标准、无损音质
[2026-02-25 19:06:34] 更新成功：林宜融 - 同手同脚 (ID: 350482) - 标准、无损音质
[2026-02-25 19:06:36] 更新成功：孙燕姿 - 开始懂了 (ID: 287719) - 标准、无损音质
[2026-02-25 19:06:38] 更新成功：Beyond - 真的爱你 (ID: 346075) - 标准、无损音质
[2026-02-25 19:06:41] 更新成功：KUN - Colder (ID: 3351234875) - 标准、无损音质
[2026-02-25 19:06:44] 更新成功：陶喆 - 流沙 (ID: 150667) - 标准、无损音质
[2026-02-25 19:06:46] 更新成功：李毓芬 - 是我不够好 (ID: 410519050) - 标准、无损音质
[2026-02-25 19:06:48] 更新成功：陈奕迅 - 最佳损友 (ID: 65800) - 标准、无损音质
[2026-02-25 19:06:51] 更新成功：AGA - Wonderful U (Demo Version) (ID: 406475394) - 标准、无损音质
[2026-02-25 19:06:53] 更新成功：陈一豪Clear - 彩铃 (ID: 3339130832) - 标准、无损音质
[2026-02-25 19:06:55] 更新成功：Justin Bieber - Intentions (ID: 1421443440) - 标准、无损音质
[2026-02-25 19:06:57] 更新成功：林俊杰 - 我还想她 (ID: 108493) - 标准、无损音质
[2026-02-25 19:07:00] 更新成功：陈粒 - 走马 (ID: 2749430417) - 标准、无损音质
[2026-02-25 19:07:02] 更新成功：Top Barry - 发迹 (ID: 2099778087) - 标准、无损音质
[2026-02-25 19:07:04] 更新成功：蛋堡 - I Want You (ID: 76834) - 标准、无损音质
[2026-02-25 19:07:07] 更新成功：庾澄庆 - 春泥 (ID: 573968836) - 标准、无损音质
[2026-02-25 19:07:09] 更新成功：Vansdaddy - 身无居所 (ID: 3319817890) - 标准、无损音质
[2026-02-25 19:07:12] 更新成功：建坤YOUNG - 声音 (ID: 2031085185) - 标准、无损音质
[2026-02-25 19:07:15] 更新成功：岑宁儿 - 追光者 (ID: 483671599) - 标准、无损音质
[2026-02-25 19:07:16] 更新完成：成功更新 24 首歌曲
[2026-02-25 19:21:18] 开始更新音乐URL...
[2026-02-25 19:21:18] 备份创建成功：backups/music_data_2026-02-25_19-21-18.json
[2026-02-25 19:21:20] 更新成功：徐佳莹 - 一样的月光 (ID: 306665) - 标准、无损音质
[2026-02-25 19:21:22] 更新成功：Maroon 5 - Payphone (ID: 1952737857) - 标准、无损音质
[2026-02-25 19:21:24] 更新成功：G.E.M.邓紫棋 - 来自天堂的魔鬼 (ID: 36270426) - 标准、无损音质
[2026-02-25 19:21:27] 更新成功：郭静 - 下一个天亮 (ID: 233882) - 标准、无损音质
[2026-02-25 19:21:29] 更新成功：李荣浩 - 不将就 (ID: 31654343) - 标准、无损音质
[2026-02-25 19:21:39] 更新成功：雨爱 (ID: 316100) - 标准、无损音质
[2026-02-25 19:21:48] 更新成功：林宜融 - 同手同脚 (ID: 350482) - 标准、无损音质
[2026-02-25 19:21:51] 更新成功：孙燕姿 - 开始懂了 (ID: 287719) - 标准、无损音质
[2026-02-25 19:21:58] 更新成功：Beyond - 真的爱你 (ID: 346075) - 标准、无损音质
[2026-02-25 19:22:04] 更新成功：KUN - Colder (ID: 3351234875) - 标准、无损音质
[2026-02-25 19:22:07] 更新成功：陶喆 - 流沙 (ID: 150667) - 标准、无损音质
[2026-02-25 19:22:09] 更新成功：李毓芬 - 是我不够好 (ID: 410519050) - 标准、无损音质
[2026-02-25 19:22:12] 更新成功：陈奕迅 - 最佳损友 (ID: 65800) - 标准、无损音质
[2026-02-25 19:22:14] 更新成功：AGA - Wonderful U (Demo Version) (ID: 406475394) - 标准、无损音质
[2026-02-25 19:22:16] 更新成功：陈一豪Clear - 彩铃 (ID: 3339130832) - 标准、无损音质
[2026-02-25 19:22:18] 更新成功：Justin Bieber - Intentions (ID: 1421443440) - 标准、无损音质
[2026-02-25 19:22:20] 更新成功：林俊杰 - 我还想她 (ID: 108493) - 标准、无损音质
[2026-02-25 19:22:23] 更新成功：陈粒 - 走马 (ID: 2749430417) - 标准、无损音质
[2026-02-25 19:22:27] 更新成功：Top Barry - 发迹 (ID: 2099778087) - 标准、无损音质
[2026-02-25 19:22:29] 更新成功：蛋堡 - I Want You (ID: 76834) - 标准、无损音质
[2026-02-25 19:22:31] 更新成功：庾澄庆 - 春泥 (ID: 573968836) - 标准、无损音质
[2026-02-25 19:22:33] 更新成功：Vansdaddy - 身无居所 (ID: 3319817890) - 标准、无损音质
[2026-02-25 19:22:36] 更新成功：建坤YOUNG - 声音 (ID: 2031085185) - 标准、无损音质
[2026-02-25 19:22:38] 更新成功：岑宁儿 - 追光者 (ID: 483671599) - 标准、无损音质
[2026-02-25 19:22:38] 更新完成：成功更新 24 首歌曲
[2026-02-25 19:36:19] 开始更新音乐URL...
[2026-02-25 19:36:19] 备份创建成功：backups/music_data_2026-02-25_19-36-19.json
[2026-02-25 19:36:22] 更新成功：徐佳莹 - 一样的月光 (ID: 306665) - 标准、无损音质
[2026-02-25 19:36:24] 更新成功：Maroon 5 - Payphone (ID: 1952737857) - 标准、无损音质
[2026-02-25 19:36:27] 更新成功：G.E.M.邓紫棋 - 来自天堂的魔鬼 (ID: 36270426) - 标准、无损音质
[2026-02-25 19:36:29] 更新成功：郭静 - 下一个天亮 (ID: 233882) - 标准、无损音质
[2026-02-25 19:36:32] 更新成功：李荣浩 - 不将就 (ID: 31654343) - 标准、无损音质
[2026-02-25 19:36:35] 更新成功：雨爱 (ID: 316100) - 标准、无损音质
[2026-02-25 19:36:37] 更新成功：林宜融 - 同手同脚 (ID: 350482) - 标准、无损音质
[2026-02-25 19:36:40] 更新成功：孙燕姿 - 开始懂了 (ID: 287719) - 标准、无损音质
[2026-02-25 19:36:42] 更新成功：Beyond - 真的爱你 (ID: 346075) - 标准、无损音质
[2026-02-25 19:36:44] 更新成功：KUN - Colder (ID: 3351234875) - 标准、无损音质
[2026-02-25 19:36:47] 更新成功：陶喆 - 流沙 (ID: 150667) - 标准、无损音质
[2026-02-25 19:36:49] 更新成功：李毓芬 - 是我不够好 (ID: 410519050) - 标准、无损音质
[2026-02-25 19:36:52] 更新成功：陈奕迅 - 最佳损友 (ID: 65800) - 标准、无损音质
[2026-02-25 19:36:54] 更新成功：AGA - Wonderful U (Demo Version) (ID: 406475394) - 标准、无损音质
[2026-02-25 19:36:56] 更新成功：陈一豪Clear - 彩铃 (ID: 3339130832) - 标准、无损音质
[2026-02-25 19:36:59] 更新成功：Justin Bieber - Intentions (ID: 1421443440) - 标准、无损音质
[2026-02-25 19:37:01] 更新成功：林俊杰 - 我还想她 (ID: 108493) - 标准、无损音质
[2026-02-25 19:37:03] 更新成功：陈粒 - 走马 (ID: 2749430417) - 标准、无损音质
[2026-02-25 19:37:06] 更新成功：Top Barry - 发迹 (ID: 2099778087) - 标准、无损音质
[2026-02-25 19:37:08] 更新成功：蛋堡 - I Want You (ID: 76834) - 标准、无损音质
[2026-02-25 19:37:10] 更新成功：庾澄庆 - 春泥 (ID: 573968836) - 标准、无损音质
[2026-02-25 19:37:12] 更新成功：Vansdaddy - 身无居所 (ID: 3319817890) - 标准、无损音质
[2026-02-25 19:37:15] 更新成功：建坤YOUNG - 声音 (ID: 2031085185) - 标准、无损音质
[2026-02-25 19:37:17] 更新成功：岑宁儿 - 追光者 (ID: 483671599) - 标准、无损音质
[2026-02-25 19:37:18] 更新完成：成功更新 24 首歌曲
[2026-02-25 19:51:18] 开始更新音乐URL...
[2026-02-25 19:51:18] 备份创建成功：backups/music_data_2026-02-25_19-51-18.json
[2026-02-25 19:51:20] 更新成功：徐佳莹 - 一样的月光 (ID: 306665) - 标准、无损音质
[2026-02-25 19:51:22] 更新成功：Maroon 5 - Payphone (ID: 1952737857) - 标准、无损音质
[2026-02-25 19:51:24] 更新成功：G.E.M.邓紫棋 - 来自天堂的魔鬼 (ID: 36270426) - 标准、无损音质
[2026-02-25 19:51:27] 更新成功：郭静 - 下一个天亮 (ID: 233882) - 标准、无损音质
[2026-02-25 19:51:29] 更新成功：李荣浩 - 不将就 (ID: 31654343) - 标准、无损音质
[2026-02-25 19:51:31] 更新成功：雨爱 (ID: 316100) - 标准、无损音质
[2026-02-25 19:51:33] 更新成功：林宜融 - 同手同脚 (ID: 350482) - 标准、无损音质
[2026-02-25 19:51:36] 更新成功：孙燕姿 - 开始懂了 (ID: 287719) - 标准、无损音质
[2026-02-25 19:51:38] 更新成功：Beyond - 真的爱你 (ID: 346075) - 标准、无损音质
[2026-02-25 19:51:40] 更新成功：KUN - Colder (ID: 3351234875) - 标准、无损音质
[2026-02-25 19:51:43] 更新成功：陶喆 - 流沙 (ID: 150667) - 标准、无损音质
[2026-02-25 19:51:45] 更新成功：李毓芬 - 是我不够好 (ID: 410519050) - 标准、无损音质
[2026-02-25 19:51:47] 更新成功：陈奕迅 - 最佳损友 (ID: 65800) - 标准、无损音质
[2026-02-25 19:51:50] 更新成功：AGA - Wonderful U (Demo Version) (ID: 406475394) - 标准、无损音质
[2026-02-25 19:51:52] 更新成功：陈一豪Clear - 彩铃 (ID: 3339130832) - 标准、无损音质
[2026-02-25 19:51:54] 更新成功：Justin Bieber - Intentions (ID: 1421443440) - 标准、无损音质
[2026-02-25 19:51:56] 更新成功：林俊杰 - 我还想她 (ID: 108493) - 标准、无损音质
[2026-02-25 19:51:59] 更新成功：陈粒 - 走马 (ID: 2749430417) - 标准、无损音质
[2026-02-25 19:52:01] 更新成功：Top Barry - 发迹 (ID: 2099778087) - 标准、无损音质
[2026-02-25 19:52:03] 更新成功：蛋堡 - I Want You (ID: 76834) - 标准、无损音质
[2026-02-25 19:52:05] 更新成功：庾澄庆 - 春泥 (ID: 573968836) - 标准、无损音质
[2026-02-25 19:52:08] 更新成功：Vansdaddy - 身无居所 (ID: 3319817890) - 标准、无损音质
[2026-02-25 19:52:10] 更新成功：建坤YOUNG - 声音 (ID: 2031085185) - 标准、无损音质
[2026-02-25 19:52:12] 更新成功：岑宁儿 - 追光者 (ID: 483671599) - 标准、无损音质
[2026-02-25 19:52:13] 更新完成：成功更新 24 首歌曲
[2026-02-25 20:06:18] 开始更新音乐URL...
[2026-02-25 20:06:18] 备份创建成功：backups/music_data_2026-02-25_20-06-18.json
[2026-02-25 20:06:20] 更新成功：徐佳莹 - 一样的月光 (ID: 306665) - 标准、无损音质
[2026-02-25 20:06:27] 更新成功：Maroon 5 - Payphone (ID: 1952737857) - 标准音质
[2026-02-25 20:06:29] 更新成功：G.E.M.邓紫棋 - 来自天堂的魔鬼 (ID: 36270426) - 标准、无损音质
[2026-02-25 20:06:31] 更新成功：郭静 - 下一个天亮 (ID: 233882) - 标准、无损音质
[2026-02-25 20:06:34] 更新成功：李荣浩 - 不将就 (ID: 31654343) - 标准、无损音质
[2026-02-25 20:06:36] 更新成功：雨爱 (ID: 316100) - 标准、无损音质
[2026-02-25 20:06:38] 更新成功：林宜融 - 同手同脚 (ID: 350482) - 标准、无损音质
[2026-02-25 20:06:40] 更新成功：孙燕姿 - 开始懂了 (ID: 287719) - 标准、无损音质
[2026-02-25 20:06:43] 更新成功：Beyond - 真的爱你 (ID: 346075) - 标准、无损音质
[2026-02-25 20:06:45] 更新成功：KUN - Colder (ID: 3351234875) - 标准、无损音质
[2026-02-25 20:06:47] 更新成功：陶喆 - 流沙 (ID: 150667) - 标准、无损音质
[2026-02-25 20:06:49] 更新成功：李毓芬 - 是我不够好 (ID: 410519050) - 标准、无损音质
[2026-02-25 20:06:52] 更新成功：陈奕迅 - 最佳损友 (ID: 65800) - 标准、无损音质
[2026-02-25 20:06:54] 更新成功：AGA - Wonderful U (Demo Version) (ID: 406475394) - 标准、无损音质
[2026-02-25 20:07:01] 更新成功：陈一豪Clear - 彩铃 (ID: 3339130832) - 无损音质
[2026-02-25 20:07:03] 更新成功：Justin Bieber - Intentions (ID: 1421443440) - 标准、无损音质
[2026-02-25 20:07:05] 更新成功：林俊杰 - 我还想她 (ID: 108493) - 标准、无损音质
[2026-02-25 20:07:08] 更新成功：陈粒 - 走马 (ID: 2749430417) - 标准、无损音质
[2026-02-25 20:07:10] 更新成功：Top Barry - 发迹 (ID: 2099778087) - 标准、无损音质
[2026-02-25 20:07:12] 更新成功：蛋堡 - I Want You (ID: 76834) - 标准、无损音质
[2026-02-25 20:07:15] 更新成功：庾澄庆 - 春泥 (ID: 573968836) - 标准、无损音质
[2026-02-25 20:07:17] 更新成功：Vansdaddy - 身无居所 (ID: 3319817890) - 标准、无损音质
[2026-02-25 20:07:19] 更新成功：建坤YOUNG - 声音 (ID: 2031085185) - 标准、无损音质
[2026-02-25 20:07:21] 更新成功：岑宁儿 - 追光者 (ID: 483671599) - 标准、无损音质
[2026-02-25 20:07:22] 更新完成：成功更新 24 首歌曲
[2026-02-25 20:21:18] 开始更新音乐URL...
[2026-02-25 20:21:18] 备份创建成功：backups/music_data_2026-02-25_20-21-18.json
[2026-02-25 20:21:20] 更新成功：徐佳莹 - 一样的月光 (ID: 306665) - 标准、无损音质
[2026-02-25 20:21:22] 更新成功：Maroon 5 - Payphone (ID: 1952737857) - 标准、无损音质
[2026-02-25 20:21:24] 更新成功：G.E.M.邓紫棋 - 来自天堂的魔鬼 (ID: 36270426) - 标准、无损音质
[2026-02-25 20:21:27] 更新成功：郭静 - 下一个天亮 (ID: 233882) - 标准、无损音质
[2026-02-25 20:21:30] 更新成功：李荣浩 - 不将就 (ID: 31654343) - 标准、无损音质
[2026-02-25 20:21:33] 更新成功：雨爱 (ID: 316100) - 标准、无损音质
[2026-02-25 20:21:35] 更新成功：林宜融 - 同手同脚 (ID: 350482) - 标准、无损音质
[2026-02-25 20:21:38] 更新成功：孙燕姿 - 开始懂了 (ID: 287719) - 标准、无损音质
[2026-02-25 20:21:41] 更新成功：Beyond - 真的爱你 (ID: 346075) - 标准、无损音质
[2026-02-25 20:21:43] 更新成功：KUN - Colder (ID: 3351234875) - 标准、无损音质
[2026-02-25 20:21:46] 更新成功：陶喆 - 流沙 (ID: 150667) - 标准、无损音质
[2026-02-25 20:21:48] 更新成功：李毓芬 - 是我不够好 (ID: 410519050) - 标准、无损音质
[2026-02-25 20:21:51] 更新成功：陈奕迅 - 最佳损友 (ID: 65800) - 标准、无损音质
[2026-02-25 20:21:53] 更新成功：AGA - Wonderful U (Demo Version) (ID: 406475394) - 标准、无损音质
[2026-02-25 20:21:55] 更新成功：陈一豪Clear - 彩铃 (ID: 3339130832) - 标准、无损音质
[2026-02-25 20:21:58] 更新成功：Justin Bieber - Intentions (ID: 1421443440) - 标准、无损音质
[2026-02-25 20:22:00] 更新成功：林俊杰 - 我还想她 (ID: 108493) - 标准、无损音质
[2026-02-25 20:22:02] 更新成功：陈粒 - 走马 (ID: 2749430417) - 标准、无损音质
[2026-02-25 20:22:05] 更新成功：Top Barry - 发迹 (ID: 2099778087) - 标准、无损音质
[2026-02-25 20:22:07] 更新成功：蛋堡 - I Want You (ID: 76834) - 标准、无损音质
[2026-02-25 20:22:09] 更新成功：庾澄庆 - 春泥 (ID: 573968836) - 标准、无损音质
[2026-02-25 20:22:12] 更新成功：Vansdaddy - 身无居所 (ID: 3319817890) - 标准、无损音质
[2026-02-25 20:22:14] 更新成功：建坤YOUNG - 声音 (ID: 2031085185) - 标准、无损音质
[2026-02-25 20:22:16] 更新成功：岑宁儿 - 追光者 (ID: 483671599) - 标准、无损音质
[2026-02-25 20:22:17] 更新完成：成功更新 24 首歌曲
[2026-02-25 20:36:18] 开始更新音乐URL...
[2026-02-25 20:36:18] 备份创建成功：backups/music_data_2026-02-25_20-36-18.json
[2026-02-25 20:36:20] 更新成功：徐佳莹 - 一样的月光 (ID: 306665) - 标准、无损音质
[2026-02-25 20:36:22] 更新成功：Maroon 5 - Payphone (ID: 1952737857) - 标准、无损音质
[2026-02-25 20:36:25] 更新成功：G.E.M.邓紫棋 - 来自天堂的魔鬼 (ID: 36270426) - 标准、无损音质
[2026-02-25 20:36:27] 更新成功：郭静 - 下一个天亮 (ID: 233882) - 标准、无损音质
[2026-02-25 20:36:30] 更新成功：李荣浩 - 不将就 (ID: 31654343) - 标准、无损音质
[2026-02-25 20:36:32] 更新成功：雨爱 (ID: 316100) - 标准、无损音质
[2026-02-25 20:36:35] 更新成功：林宜融 - 同手同脚 (ID: 350482) - 标准、无损音质
[2026-02-25 20:36:37] 更新成功：孙燕姿 - 开始懂了 (ID: 287719) - 标准、无损音质
[2026-02-25 20:36:39] 更新成功：Beyond - 真的爱你 (ID: 346075) - 标准、无损音质
[2026-02-25 20:36:41] 更新成功：KUN - Colder (ID: 3351234875) - 标准、无损音质
[2026-02-25 20:36:44] 更新成功：陶喆 - 流沙 (ID: 150667) - 标准、无损音质
[2026-02-25 20:36:46] 更新成功：李毓芬 - 是我不够好 (ID: 410519050) - 标准、无损音质
[2026-02-25 20:36:48] 更新成功：陈奕迅 - 最佳损友 (ID: 65800) - 标准、无损音质
[2026-02-25 20:36:50] 更新成功：AGA - Wonderful U (Demo Version) (ID: 406475394) - 标准、无损音质
[2026-02-25 20:36:52] 更新成功：陈一豪Clear - 彩铃 (ID: 3339130832) - 标准、无损音质
[2026-02-25 20:36:55] 更新成功：Justin Bieber - Intentions (ID: 1421443440) - 标准、无损音质
[2026-02-25 20:36:57] 更新成功：林俊杰 - 我还想她 (ID: 108493) - 标准、无损音质
[2026-02-25 20:36:59] 更新成功：陈粒 - 走马 (ID: 2749430417) - 标准、无损音质
[2026-02-25 20:37:02] 更新成功：Top Barry - 发迹 (ID: 2099778087) - 标准、无损音质
[2026-02-25 20:37:04] 更新成功：蛋堡 - I Want You (ID: 76834) - 标准、无损音质
[2026-02-25 20:37:07] 更新成功：庾澄庆 - 春泥 (ID: 573968836) - 标准、无损音质
[2026-02-25 20:37:09] 更新成功：Vansdaddy - 身无居所 (ID: 3319817890) - 标准、无损音质
[2026-02-25 20:37:12] 更新成功：建坤YOUNG - 声音 (ID: 2031085185) - 标准、无损音质
[2026-02-25 20:37:15] 更新成功：岑宁儿 - 追光者 (ID: 483671599) - 标准、无损音质
[2026-02-25 20:37:15] 更新完成：成功更新 24 首歌曲
[2026-02-25 20:51:18] 开始更新音乐URL...
[2026-02-25 20:51:18] 备份创建成功：backups/music_data_2026-02-25_20-51-18.json
[2026-02-25 20:51:20] 更新成功：徐佳莹 - 一样的月光 (ID: 306665) - 标准、无损音质
[2026-02-25 20:51:22] 更新成功：Maroon 5 - Payphone (ID: 1952737857) - 标准、无损音质
[2026-02-25 20:51:25] 更新成功：G.E.M.邓紫棋 - 来自天堂的魔鬼 (ID: 36270426) - 标准、无损音质
[2026-02-25 20:51:27] 更新成功：郭静 - 下一个天亮 (ID: 233882) - 标准、无损音质
[2026-02-25 20:51:30] 更新成功：李荣浩 - 不将就 (ID: 31654343) - 标准、无损音质
[2026-02-25 20:51:33] 更新成功：雨爱 (ID: 316100) - 标准、无损音质
[2026-02-25 20:51:35] 更新成功：林宜融 - 同手同脚 (ID: 350482) - 标准、无损音质
[2026-02-25 20:51:37] 更新成功：孙燕姿 - 开始懂了 (ID: 287719) - 标准、无损音质
[2026-02-25 20:51:40] 更新成功：Beyond - 真的爱你 (ID: 346075) - 标准、无损音质
[2026-02-25 20:51:42] 更新成功：KUN - Colder (ID: 3351234875) - 标准、无损音质
[2026-02-25 20:51:44] 更新成功：陶喆 - 流沙 (ID: 150667) - 标准、无损音质
[2026-02-25 20:51:47] 更新成功：李毓芬 - 是我不够好 (ID: 410519050) - 标准、无损音质
[2026-02-25 20:51:49] 更新成功：陈奕迅 - 最佳损友 (ID: 65800) - 标准、无损音质
[2026-02-25 20:51:51] 更新成功：AGA - Wonderful U (Demo Version) (ID: 406475394) - 标准、无损音质
[2026-02-25 20:51:54] 更新成功：陈一豪Clear - 彩铃 (ID: 3339130832) - 标准、无损音质
[2026-02-25 20:51:56] 更新成功：Justin Bieber - Intentions (ID: 1421443440) - 标准、无损音质
[2026-02-25 20:51:59] 更新成功：林俊杰 - 我还想她 (ID: 108493) - 标准、无损音质
[2026-02-25 20:52:01] 更新成功：陈粒 - 走马 (ID: 2749430417) - 标准、无损音质
[2026-02-25 20:52:05] 更新成功：Top Barry - 发迹 (ID: 2099778087) - 标准、无损音质
[2026-02-25 20:52:07] 更新成功：蛋堡 - I Want You (ID: 76834) - 标准、无损音质
[2026-02-25 20:52:09] 更新成功：庾澄庆 - 春泥 (ID: 573968836) - 标准、无损音质
[2026-02-25 20:52:12] 更新成功：Vansdaddy - 身无居所 (ID: 3319817890) - 标准、无损音质
[2026-02-25 20:52:14] 更新成功：建坤YOUNG - 声音 (ID: 2031085185) - 标准、无损音质
[2026-02-25 20:52:16] 更新成功：岑宁儿 - 追光者 (ID: 483671599) - 标准、无损音质
[2026-02-25 20:52:17] 更新完成：成功更新 24 首歌曲
[2026-02-25 21:06:28] 开始更新音乐URL...
[2026-02-25 21:06:28] 备份创建成功：backups/music_data_2026-02-25_21-06-28.json
[2026-02-25 21:06:30] 更新成功：徐佳莹 - 一样的月光 (ID: 306665) - 标准、无损音质
[2026-02-25 21:06:33] 更新成功：Maroon 5 - Payphone (ID: 1952737857) - 标准、无损音质
[2026-02-25 21:06:37] 更新成功：G.E.M.邓紫棋 - 来自天堂的魔鬼 (ID: 36270426) - 标准、无损音质
[2026-02-25 21:06:39] 更新成功：郭静 - 下一个天亮 (ID: 233882) - 标准、无损音质
[2026-02-25 21:06:56] 更新成功：李荣浩 - 不将就 (ID: 31654343) - 无损音质
[2026-02-25 21:06:58] 更新成功：雨爱 (ID: 316100) - 标准、无损音质
[2026-02-25 21:07:00] 更新成功：林宜融 - 同手同脚 (ID: 350482) - 标准、无损音质
[2026-02-25 21:07:02] 更新成功：孙燕姿 - 开始懂了 (ID: 287719) - 标准、无损音质
[2026-02-25 21:07:04] 更新成功：Beyond - 真的爱你 (ID: 346075) - 标准、无损音质
[2026-02-25 21:07:21] 更新成功：KUN - Colder (ID: 3351234875) - 无损音质
[2026-02-25 21:07:23] 更新成功：陶喆 - 流沙 (ID: 150667) - 标准、无损音质
[2026-02-25 21:07:26] 更新成功：李毓芬 - 是我不够好 (ID: 410519050) - 标准、无损音质
[2026-02-25 21:07:28] 更新成功：陈奕迅 - 最佳损友 (ID: 65800) - 标准、无损音质
[2026-02-25 21:07:30] 更新成功：AGA - Wonderful U (Demo Version) (ID: 406475394) - 标准、无损音质
[2026-02-25 21:07:33] 更新成功：陈一豪Clear - 彩铃 (ID: 3339130832) - 标准、无损音质
[2026-02-25 21:07:35] 更新成功：Justin Bieber - Intentions (ID: 1421443440) - 标准、无损音质
[2026-02-25 21:07:38] 更新成功：林俊杰 - 我还想她 (ID: 108493) - 标准、无损音质
[2026-02-25 21:07:40] 更新成功：陈粒 - 走马 (ID: 2749430417) - 标准、无损音质
[2026-02-25 21:07:42] 更新成功：Top Barry - 发迹 (ID: 2099778087) - 标准、无损音质
[2026-02-25 21:07:45] 更新成功：蛋堡 - I Want You (ID: 76834) - 标准、无损音质
[2026-02-25 21:07:47] 更新成功：庾澄庆 - 春泥 (ID: 573968836) - 标准、无损音质
[2026-02-25 21:08:04] 更新成功：Vansdaddy - 身无居所 (ID: 3319817890) - 无损音质
[2026-02-25 21:08:07] 更新成功：建坤YOUNG - 声音 (ID: 2031085185) - 标准、无损音质
[2026-02-25 21:08:09] 更新成功：岑宁儿 - 追光者 (ID: 483671599) - 标准、无损音质
[2026-02-25 21:08:09] 更新完成：成功更新 24 首歌曲
[2026-02-25 21:21:23] 开始更新音乐URL...
[2026-02-25 21:21:23] 备份创建成功：backups/music_data_2026-02-25_21-21-23.json
[2026-02-25 21:21:25] 更新成功：徐佳莹 - 一样的月光 (ID: 306665) - 标准、无损音质
[2026-02-25 21:21:27] 更新成功：Maroon 5 - Payphone (ID: 1952737857) - 标准、无损音质
[2026-02-25 21:21:29] 更新成功：G.E.M.邓紫棋 - 来自天堂的魔鬼 (ID: 36270426) - 标准、无损音质
[2026-02-25 21:21:32] 更新成功：郭静 - 下一个天亮 (ID: 233882) - 标准、无损音质
[2026-02-25 21:21:35] 更新成功：李荣浩 - 不将就 (ID: 31654343) - 标准、无损音质
[2026-02-25 21:21:37] 更新成功：雨爱 (ID: 316100) - 标准、无损音质
[2026-02-25 21:21:39] 更新成功：林宜融 - 同手同脚 (ID: 350482) - 标准、无损音质
[2026-02-25 21:21:42] 更新成功：孙燕姿 - 开始懂了 (ID: 287719) - 标准、无损音质
[2026-02-25 21:21:44] 更新成功：Beyond - 真的爱你 (ID: 346075) - 标准、无损音质
[2026-02-25 21:21:46] 更新成功：KUN - Colder (ID: 3351234875) - 标准、无损音质
[2026-02-25 21:21:48] 更新成功：陶喆 - 流沙 (ID: 150667) - 标准、无损音质
[2026-02-25 21:21:51] 更新成功：李毓芬 - 是我不够好 (ID: 410519050) - 标准、无损音质
[2026-02-25 21:21:53] 更新成功：陈奕迅 - 最佳损友 (ID: 65800) - 标准、无损音质
[2026-02-25 21:21:55] 更新成功：AGA - Wonderful U (Demo Version) (ID: 406475394) - 标准、无损音质
[2026-02-25 21:21:58] 更新成功：陈一豪Clear - 彩铃 (ID: 3339130832) - 标准、无损音质
[2026-02-25 21:22:01] 更新成功：Justin Bieber - Intentions (ID: 1421443440) - 标准、无损音质
[2026-02-25 21:22:04] 更新成功：林俊杰 - 我还想她 (ID: 108493) - 标准、无损音质
[2026-02-25 21:22:06] 更新成功：陈粒 - 走马 (ID: 2749430417) - 标准、无损音质
[2026-02-25 21:22:08] 更新成功：Top Barry - 发迹 (ID: 2099778087) - 标准、无损音质
[2026-02-25 21:22:11] 更新成功：蛋堡 - I Want You (ID: 76834) - 标准、无损音质
[2026-02-25 21:22:15] 更新成功：庾澄庆 - 春泥 (ID: 573968836) - 标准、无损音质
[2026-02-25 21:22:17] 更新成功：Vansdaddy - 身无居所 (ID: 3319817890) - 标准、无损音质
[2026-02-25 21:22:22] 更新成功：建坤YOUNG - 声音 (ID: 2031085185) - 标准、无损音质
[2026-02-25 21:22:26] 更新成功：岑宁儿 - 追光者 (ID: 483671599) - 标准、无损音质
[2026-02-25 21:22:26] 更新完成：成功更新 24 首歌曲
[2026-02-25 21:36:23] 开始更新音乐URL...
[2026-02-25 21:36:23] 备份创建成功：backups/music_data_2026-02-25_21-36-23.json
[2026-02-25 21:36:28] 更新成功：徐佳莹 - 一样的月光 (ID: 306665) - 标准、无损音质
[2026-02-25 21:36:33] 更新成功：Maroon 5 - Payphone (ID: 1952737857) - 标准、无损音质
[2026-02-25 21:36:36] 更新成功：G.E.M.邓紫棋 - 来自天堂的魔鬼 (ID: 36270426) - 标准、无损音质
[2026-02-25 21:36:38] 更新成功：郭静 - 下一个天亮 (ID: 233882) - 标准、无损音质
[2026-02-25 21:36:42] 更新成功：李荣浩 - 不将就 (ID: 31654343) - 标准、无损音质
[2026-02-25 21:36:46] 更新成功：雨爱 (ID: 316100) - 标准、无损音质
[2026-02-25 21:36:51] 更新成功：林宜融 - 同手同脚 (ID: 350482) - 标准、无损音质
[2026-02-25 21:36:55] 更新成功：孙燕姿 - 开始懂了 (ID: 287719) - 标准、无损音质
[2026-02-25 21:36:58] 更新成功：Beyond - 真的爱你 (ID: 346075) - 标准、无损音质
[2026-02-25 21:37:00] 更新成功：KUN - Colder (ID: 3351234875) - 标准、无损音质
[2026-02-25 21:37:05] 更新成功：陶喆 - 流沙 (ID: 150667) - 标准、无损音质
[2026-02-25 21:37:08] 更新成功：李毓芬 - 是我不够好 (ID: 410519050) - 标准、无损音质
[2026-02-25 21:37:11] 更新成功：陈奕迅 - 最佳损友 (ID: 65800) - 标准、无损音质
[2026-02-25 21:37:14] 更新成功：AGA - Wonderful U (Demo Version) (ID: 406475394) - 标准、无损音质
[2026-02-25 21:37:18] 更新成功：陈一豪Clear - 彩铃 (ID: 3339130832) - 标准、无损音质
[2026-02-25 21:37:21] 更新成功：Justin Bieber - Intentions (ID: 1421443440) - 标准、无损音质
[2026-02-25 21:37:24] 更新成功：林俊杰 - 我还想她 (ID: 108493) - 标准、无损音质
[2026-02-25 21:37:26] 更新成功：陈粒 - 走马 (ID: 2749430417) - 标准、无损音质
[2026-02-25 21:37:29] 更新成功：Top Barry - 发迹 (ID: 2099778087) - 标准、无损音质
[2026-02-25 21:37:32] 更新成功：蛋堡 - I Want You (ID: 76834) - 标准、无损音质
[2026-02-25 21:37:35] 更新成功：庾澄庆 - 春泥 (ID: 573968836) - 标准、无损音质
[2026-02-25 21:37:37] 更新成功：Vansdaddy - 身无居所 (ID: 3319817890) - 标准、无损音质
[2026-02-25 21:37:40] 更新成功：建坤YOUNG - 声音 (ID: 2031085185) - 标准、无损音质
[2026-02-25 21:37:43] 更新成功：岑宁儿 - 追光者 (ID: 483671599) - 标准、无损音质
[2026-02-25 21:37:43] 更新完成：成功更新 24 首歌曲
[2026-02-25 21:51:18] 开始更新音乐URL...
[2026-02-25 21:51:18] 备份创建成功：backups/music_data_2026-02-25_21-51-18.json
[2026-02-25 21:51:23] 更新成功：徐佳莹 - 一样的月光 (ID: 306665) - 标准、无损音质
[2026-02-25 21:51:27] 更新成功：Maroon 5 - Payphone (ID: 1952737857) - 标准、无损音质
[2026-02-25 21:51:31] 更新成功：G.E.M.邓紫棋 - 来自天堂的魔鬼 (ID: 36270426) - 标准、无损音质
[2026-02-25 21:51:33] 更新成功：郭静 - 下一个天亮 (ID: 233882) - 标准、无损音质
[2026-02-25 21:51:36] 更新成功：李荣浩 - 不将就 (ID: 31654343) - 标准、无损音质
[2026-02-25 21:51:39] 更新成功：雨爱 (ID: 316100) - 标准、无损音质
[2026-02-25 21:51:42] 更新成功：林宜融 - 同手同脚 (ID: 350482) - 标准、无损音质
[2026-02-25 21:51:45] 更新成功：孙燕姿 - 开始懂了 (ID: 287719) - 标准、无损音质
[2026-02-25 21:51:48] 更新成功：Beyond - 真的爱你 (ID: 346075) - 标准、无损音质
[2026-02-25 21:51:51] 更新成功：KUN - Colder (ID: 3351234875) - 标准、无损音质
[2026-02-25 21:51:53] 更新成功：陶喆 - 流沙 (ID: 150667) - 标准、无损音质
[2026-02-25 21:51:56] 更新成功：李毓芬 - 是我不够好 (ID: 410519050) - 标准、无损音质
[2026-02-25 21:51:59] 更新成功：陈奕迅 - 最佳损友 (ID: 65800) - 标准、无损音质
[2026-02-25 21:52:02] 更新成功：AGA - Wonderful U (Demo Version) (ID: 406475394) - 标准、无损音质
[2026-02-25 21:52:04] 更新成功：陈一豪Clear - 彩铃 (ID: 3339130832) - 标准、无损音质
[2026-02-25 21:52:07] 更新成功：Justin Bieber - Intentions (ID: 1421443440) - 标准、无损音质
[2026-02-25 21:52:10] 更新成功：林俊杰 - 我还想她 (ID: 108493) - 标准、无损音质
[2026-02-25 21:52:13] 更新成功：陈粒 - 走马 (ID: 2749430417) - 标准、无损音质
[2026-02-25 21:52:15] 更新成功：Top Barry - 发迹 (ID: 2099778087) - 标准、无损音质
[2026-02-25 21:52:18] 更新成功：蛋堡 - I Want You (ID: 76834) - 标准、无损音质
[2026-02-25 21:52:21] 更新成功：庾澄庆 - 春泥 (ID: 573968836) - 标准、无损音质
[2026-02-25 21:52:24] 更新成功：Vansdaddy - 身无居所 (ID: 3319817890) - 标准、无损音质
[2026-02-25 21:52:26] 更新成功：建坤YOUNG - 声音 (ID: 2031085185) - 标准、无损音质
[2026-02-25 21:52:29] 更新成功：岑宁儿 - 追光者 (ID: 483671599) - 标准、无损音质
[2026-02-25 21:52:29] 更新完成：成功更新 24 首歌曲
[2026-02-25 22:06:18] 开始更新音乐URL...
[2026-02-25 22:06:18] 备份创建成功：backups/music_data_2026-02-25_22-06-18.json
[2026-02-25 22:06:22] 更新成功：徐佳莹 - 一样的月光 (ID: 306665) - 标准、无损音质
[2026-02-25 22:06:25] 更新成功：Maroon 5 - Payphone (ID: 1952737857) - 标准、无损音质
[2026-02-25 22:06:28] 更新成功：G.E.M.邓紫棋 - 来自天堂的魔鬼 (ID: 36270426) - 标准、无损音质
[2026-02-25 22:06:30] 更新成功：郭静 - 下一个天亮 (ID: 233882) - 标准、无损音质
[2026-02-25 22:06:33] 更新成功：李荣浩 - 不将就 (ID: 31654343) - 标准、无损音质
[2026-02-25 22:06:35] 更新成功：雨爱 (ID: 316100) - 标准、无损音质
[2026-02-25 22:06:38] 更新成功：林宜融 - 同手同脚 (ID: 350482) - 标准、无损音质
[2026-02-25 22:06:40] 更新成功：孙燕姿 - 开始懂了 (ID: 287719) - 标准、无损音质
[2026-02-25 22:06:43] 更新成功：Beyond - 真的爱你 (ID: 346075) - 标准、无损音质
[2026-02-25 22:06:46] 更新成功：KUN - Colder (ID: 3351234875) - 标准、无损音质
[2026-02-25 22:06:53] 更新成功：陶喆 - 流沙 (ID: 150667) - 标准音质
[2026-02-25 22:06:56] 更新成功：李毓芬 - 是我不够好 (ID: 410519050) - 标准、无损音质
[2026-02-25 22:06:58] 更新成功：陈奕迅 - 最佳损友 (ID: 65800) - 标准、无损音质
[2026-02-25 22:07:00] 更新成功：AGA - Wonderful U (Demo Version) (ID: 406475394) - 标准、无损音质
[2026-02-25 22:07:03] 更新成功：陈一豪Clear - 彩铃 (ID: 3339130832) - 标准、无损音质
[2026-02-25 22:07:05] 更新成功：Justin Bieber - Intentions (ID: 1421443440) - 标准、无损音质
[2026-02-25 22:07:08] 更新成功：林俊杰 - 我还想她 (ID: 108493) - 标准、无损音质
[2026-02-25 22:07:10] 更新成功：陈粒 - 走马 (ID: 2749430417) - 标准、无损音质
[2026-02-25 22:07:13] 更新成功：Top Barry - 发迹 (ID: 2099778087) - 标准、无损音质
[2026-02-25 22:07:16] 更新成功：蛋堡 - I Want You (ID: 76834) - 标准、无损音质
[2026-02-25 22:07:18] 更新成功：庾澄庆 - 春泥 (ID: 573968836) - 标准、无损音质
[2026-02-25 22:07:21] 更新成功：Vansdaddy - 身无居所 (ID: 3319817890) - 标准、无损音质
[2026-02-25 22:07:23] 更新成功：建坤YOUNG - 声音 (ID: 2031085185) - 标准、无损音质
[2026-02-25 22:07:26] 更新成功：岑宁儿 - 追光者 (ID: 483671599) - 标准、无损音质
[2026-02-25 22:07:26] 更新完成：成功更新 24 首歌曲
[2026-02-25 22:21:18] 开始更新音乐URL...
[2026-02-25 22:21:18] 备份创建成功：backups/music_data_2026-02-25_22-21-18.json
[2026-02-25 22:21:20] 更新成功：徐佳莹 - 一样的月光 (ID: 306665) - 标准、无损音质
[2026-02-25 22:21:22] 更新成功：Maroon 5 - Payphone (ID: 1952737857) - 标准、无损音质
[2026-02-25 22:21:25] 更新成功：G.E.M.邓紫棋 - 来自天堂的魔鬼 (ID: 36270426) - 标准、无损音质
[2026-02-25 22:21:27] 更新成功：郭静 - 下一个天亮 (ID: 233882) - 标准、无损音质
[2026-02-25 22:21:29] 更新成功：李荣浩 - 不将就 (ID: 31654343) - 标准、无损音质
[2026-02-25 22:21:32] 更新成功：雨爱 (ID: 316100) - 标准、无损音质
[2026-02-25 22:21:34] 更新成功：林宜融 - 同手同脚 (ID: 350482) - 标准、无损音质
[2026-02-25 22:21:36] 更新成功：孙燕姿 - 开始懂了 (ID: 287719) - 标准、无损音质
[2026-02-25 22:21:39] 更新成功：Beyond - 真的爱你 (ID: 346075) - 标准、无损音质
[2026-02-25 22:21:41] 更新成功：KUN - Colder (ID: 3351234875) - 标准、无损音质
[2026-02-25 22:21:43] 更新成功：陶喆 - 流沙 (ID: 150667) - 标准、无损音质
[2026-02-25 22:21:46] 更新成功：李毓芬 - 是我不够好 (ID: 410519050) - 标准、无损音质
[2026-02-25 22:21:48] 更新成功：陈奕迅 - 最佳损友 (ID: 65800) - 标准、无损音质
[2026-02-25 22:21:50] 更新成功：AGA - Wonderful U (Demo Version) (ID: 406475394) - 标准、无损音质
[2026-02-25 22:21:52] 更新成功：陈一豪Clear - 彩铃 (ID: 3339130832) - 标准、无损音质
[2026-02-25 22:21:55] 更新成功：Justin Bieber - Intentions (ID: 1421443440) - 标准、无损音质
[2026-02-25 22:21:57] 更新成功：林俊杰 - 我还想她 (ID: 108493) - 标准、无损音质
[2026-02-25 22:21:59] 更新成功：陈粒 - 走马 (ID: 2749430417) - 标准、无损音质
[2026-02-25 22:22:02] 更新成功：Top Barry - 发迹 (ID: 2099778087) - 标准、无损音质
[2026-02-25 22:22:04] 更新成功：蛋堡 - I Want You (ID: 76834) - 标准、无损音质
[2026-02-25 22:22:06] 更新成功：庾澄庆 - 春泥 (ID: 573968836) - 标准、无损音质
[2026-02-25 22:22:08] 更新成功：Vansdaddy - 身无居所 (ID: 3319817890) - 标准、无损音质
[2026-02-25 22:22:11] 更新成功：建坤YOUNG - 声音 (ID: 2031085185) - 标准、无损音质
[2026-02-25 22:22:13] 更新成功：岑宁儿 - 追光者 (ID: 483671599) - 标准、无损音质
[2026-02-25 22:22:13] 更新完成：成功更新 24 首歌曲
[2026-02-25 22:36:18] 开始更新音乐URL...
[2026-02-25 22:36:18] 备份创建成功：backups/music_data_2026-02-25_22-36-18.json
[2026-02-25 22:36:20] 更新成功：徐佳莹 - 一样的月光 (ID: 306665) - 标准、无损音质
[2026-02-25 22:36:23] 更新成功：Maroon 5 - Payphone (ID: 1952737857) - 标准、无损音质
[2026-02-25 22:36:25] 更新成功：G.E.M.邓紫棋 - 来自天堂的魔鬼 (ID: 36270426) - 标准、无损音质
[2026-02-25 22:36:27] 更新成功：郭静 - 下一个天亮 (ID: 233882) - 标准、无损音质
[2026-02-25 22:36:30] 更新成功：李荣浩 - 不将就 (ID: 31654343) - 标准、无损音质
[2026-02-25 22:36:32] 更新成功：雨爱 (ID: 316100) - 标准、无损音质
[2026-02-25 22:36:34] 更新成功：林宜融 - 同手同脚 (ID: 350482) - 标准、无损音质
[2026-02-25 22:36:37] 更新成功：孙燕姿 - 开始懂了 (ID: 287719) - 标准、无损音质
[2026-02-25 22:36:39] 更新成功：Beyond - 真的爱你 (ID: 346075) - 标准、无损音质
[2026-02-25 22:36:41] 更新成功：KUN - Colder (ID: 3351234875) - 标准、无损音质
[2026-02-25 22:36:43] 更新成功：陶喆 - 流沙 (ID: 150667) - 标准、无损音质
[2026-02-25 22:36:46] 更新成功：李毓芬 - 是我不够好 (ID: 410519050) - 标准、无损音质
[2026-02-25 22:36:48] 更新成功：陈奕迅 - 最佳损友 (ID: 65800) - 标准、无损音质
[2026-02-25 22:36:50] 更新成功：AGA - Wonderful U (Demo Version) (ID: 406475394) - 标准、无损音质
[2026-02-25 22:36:53] 更新成功：陈一豪Clear - 彩铃 (ID: 3339130832) - 标准、无损音质
[2026-02-25 22:36:55] 更新成功：Justin Bieber - Intentions (ID: 1421443440) - 标准、无损音质
[2026-02-25 22:36:57] 更新成功：林俊杰 - 我还想她 (ID: 108493) - 标准、无损音质
[2026-02-25 22:36:59] 更新成功：陈粒 - 走马 (ID: 2749430417) - 标准、无损音质
[2026-02-25 22:37:02] 更新成功：Top Barry - 发迹 (ID: 2099778087) - 标准、无损音质
[2026-02-25 22:37:04] 更新成功：蛋堡 - I Want You (ID: 76834) - 标准、无损音质
[2026-02-25 22:37:06] 更新成功：庾澄庆 - 春泥 (ID: 573968836) - 标准、无损音质
[2026-02-25 22:37:08] 更新成功：Vansdaddy - 身无居所 (ID: 3319817890) - 标准、无损音质
[2026-02-25 22:37:11] 更新成功：建坤YOUNG - 声音 (ID: 2031085185) - 标准、无损音质
[2026-02-25 22:37:13] 更新成功：岑宁儿 - 追光者 (ID: 483671599) - 标准、无损音质
[2026-02-25 22:37:13] 更新完成：成功更新 24 首歌曲
[2026-02-25 22:51:18] 开始更新音乐URL...
[2026-02-25 22:51:18] 备份创建成功：backups/music_data_2026-02-25_22-51-18.json
[2026-02-25 22:51:23] 更新成功：徐佳莹 - 一样的月光 (ID: 306665) - 标准、无损音质
[2026-02-25 22:51:28] 更新成功：Maroon 5 - Payphone (ID: 1952737857) - 标准、无损音质
[2026-02-25 22:51:30] 更新成功：G.E.M.邓紫棋 - 来自天堂的魔鬼 (ID: 36270426) - 标准、无损音质
[2026-02-25 22:51:33] 更新成功：郭静 - 下一个天亮 (ID: 233882) - 标准、无损音质
[2026-02-25 22:51:35] 更新成功：李荣浩 - 不将就 (ID: 31654343) - 标准、无损音质
[2026-02-25 22:51:37] 更新成功：雨爱 (ID: 316100) - 标准、无损音质
[2026-02-25 22:51:39] 更新成功：林宜融 - 同手同脚 (ID: 350482) - 标准、无损音质
[2026-02-25 22:51:42] 更新成功：孙燕姿 - 开始懂了 (ID: 287719) - 标准、无损音质
[2026-02-25 22:51:44] 更新成功：Beyond - 真的爱你 (ID: 346075) - 标准、无损音质
[2026-02-25 22:51:47] 更新成功：KUN - Colder (ID: 3351234875) - 标准、无损音质
[2026-02-25 22:51:49] 更新成功：陶喆 - 流沙 (ID: 150667) - 标准、无损音质
[2026-02-25 22:51:51] 更新成功：李毓芬 - 是我不够好 (ID: 410519050) - 标准、无损音质
[2026-02-25 22:51:53] 更新成功：陈奕迅 - 最佳损友 (ID: 65800) - 标准、无损音质
[2026-02-25 22:51:56] 更新成功：AGA - Wonderful U (Demo Version) (ID: 406475394) - 标准、无损音质
[2026-02-25 22:51:58] 更新成功：陈一豪Clear - 彩铃 (ID: 3339130832) - 标准、无损音质
[2026-02-25 22:52:00] 更新成功：Justin Bieber - Intentions (ID: 1421443440) - 标准、无损音质
[2026-02-25 22:52:02] 更新成功：林俊杰 - 我还想她 (ID: 108493) - 标准、无损音质
[2026-02-25 22:52:05] 更新成功：陈粒 - 走马 (ID: 2749430417) - 标准、无损音质
[2026-02-25 22:52:07] 更新成功：Top Barry - 发迹 (ID: 2099778087) - 标准、无损音质
[2026-02-25 22:52:09] 更新成功：蛋堡 - I Want You (ID: 76834) - 标准、无损音质
[2026-02-25 22:52:12] 更新成功：庾澄庆 - 春泥 (ID: 573968836) - 标准、无损音质
[2026-02-25 22:52:14] 更新成功：Vansdaddy - 身无居所 (ID: 3319817890) - 标准、无损音质
[2026-02-25 22:52:16] 更新成功：建坤YOUNG - 声音 (ID: 2031085185) - 标准、无损音质
[2026-02-25 22:52:18] 更新成功：岑宁儿 - 追光者 (ID: 483671599) - 标准、无损音质
[2026-02-25 22:52:19] 更新完成：成功更新 24 首歌曲
[2026-02-25 23:06:18] 开始更新音乐URL...
[2026-02-25 23:06:18] 备份创建成功：backups/music_data_2026-02-25_23-06-18.json
[2026-02-25 23:06:20] 更新成功：徐佳莹 - 一样的月光 (ID: 306665) - 标准、无损音质
[2026-02-25 23:06:22] 更新成功：Maroon 5 - Payphone (ID: 1952737857) - 标准、无损音质
[2026-02-25 23:06:25] 更新成功：G.E.M.邓紫棋 - 来自天堂的魔鬼 (ID: 36270426) - 标准、无损音质
[2026-02-25 23:06:27] 更新成功：郭静 - 下一个天亮 (ID: 233882) - 标准、无损音质
[2026-02-25 23:06:29] 更新成功：李荣浩 - 不将就 (ID: 31654343) - 标准、无损音质
[2026-02-25 23:06:32] 更新成功：雨爱 (ID: 316100) - 标准、无损音质
[2026-02-25 23:06:34] 更新成功：林宜融 - 同手同脚 (ID: 350482) - 标准、无损音质
[2026-02-25 23:06:36] 更新成功：孙燕姿 - 开始懂了 (ID: 287719) - 标准、无损音质
[2026-02-25 23:06:39] 更新成功：Beyond - 真的爱你 (ID: 346075) - 标准、无损音质
[2026-02-25 23:06:42] 更新成功：KUN - Colder (ID: 3351234875) - 标准、无损音质
[2026-02-25 23:06:45] 更新成功：陶喆 - 流沙 (ID: 150667) - 标准、无损音质
[2026-02-25 23:06:48] 更新成功：李毓芬 - 是我不够好 (ID: 410519050) - 标准、无损音质
[2026-02-25 23:06:52] 更新成功：陈奕迅 - 最佳损友 (ID: 65800) - 标准、无损音质
[2026-02-25 23:06:56] 更新成功：AGA - Wonderful U (Demo Version) (ID: 406475394) - 标准、无损音质
[2026-02-25 23:07:00] 更新成功：陈一豪Clear - 彩铃 (ID: 3339130832) - 标准、无损音质
[2026-02-25 23:07:04] 更新成功：Justin Bieber - Intentions (ID: 1421443440) - 标准、无损音质
[2026-02-25 23:07:08] 更新成功：林俊杰 - 我还想她 (ID: 108493) - 标准、无损音质
[2026-02-25 23:07:19] 更新成功：陈粒 - 走马 (ID: 2749430417) - 标准、无损音质
[2026-02-25 23:07:21] 更新成功：Top Barry - 发迹 (ID: 2099778087) - 标准、无损音质
[2026-02-25 23:07:24] 更新成功：蛋堡 - I Want You (ID: 76834) - 标准、无损音质
[2026-02-25 23:07:26] 更新成功：庾澄庆 - 春泥 (ID: 573968836) - 标准、无损音质
[2026-02-25 23:07:29] 更新成功：Vansdaddy - 身无居所 (ID: 3319817890) - 标准、无损音质
[2026-02-25 23:07:31] 更新成功：建坤YOUNG - 声音 (ID: 2031085185) - 标准、无损音质
[2026-02-25 23:07:33] 更新成功：岑宁儿 - 追光者 (ID: 483671599) - 标准、无损音质
[2026-02-25 23:07:34] 更新完成：成功更新 24 首歌曲
[2026-02-25 23:21:23] 开始更新音乐URL...
[2026-02-25 23:21:23] 备份创建成功：backups/music_data_2026-02-25_23-21-23.json
[2026-02-25 23:21:31] 更新成功：徐佳莹 - 一样的月光 (ID: 306665) - 标准、无损音质
[2026-02-25 23:21:35] 更新成功：Maroon 5 - Payphone (ID: 1952737857) - 标准、无损音质
[2026-02-25 23:21:37] 更新成功：G.E.M.邓紫棋 - 来自天堂的魔鬼 (ID: 36270426) - 标准、无损音质
[2026-02-25 23:21:42] 更新成功：郭静 - 下一个天亮 (ID: 233882) - 标准、无损音质
[2026-02-25 23:21:46] 更新成功：李荣浩 - 不将就 (ID: 31654343) - 标准、无损音质
[2026-02-25 23:21:49] 更新成功：雨爱 (ID: 316100) - 标准、无损音质
[2026-02-25 23:21:52] 更新成功：林宜融 - 同手同脚 (ID: 350482) - 标准、无损音质
[2026-02-25 23:21:55] 更新成功：孙燕姿 - 开始懂了 (ID: 287719) - 标准、无损音质
[2026-02-25 23:22:00] 更新成功：Beyond - 真的爱你 (ID: 346075) - 标准、无损音质
[2026-02-25 23:22:03] 更新成功：KUN - Colder (ID: 3351234875) - 标准、无损音质
[2026-02-25 23:22:08] 更新成功：陶喆 - 流沙 (ID: 150667) - 标准、无损音质
[2026-02-25 23:22:12] 更新成功：李毓芬 - 是我不够好 (ID: 410519050) - 标准、无损音质
[2026-02-25 23:22:15] 更新成功：陈奕迅 - 最佳损友 (ID: 65800) - 标准、无损音质
[2026-02-25 23:22:20] 更新成功：AGA - Wonderful U (Demo Version) (ID: 406475394) - 标准、无损音质
[2026-02-25 23:22:37] 更新成功：陈一豪Clear - 彩铃 (ID: 3339130832) - 标准、无损音质
[2026-02-25 23:22:39] 更新成功：Justin Bieber - Intentions (ID: 1421443440) - 标准、无损音质
[2026-02-25 23:22:42] 更新成功：林俊杰 - 我还想她 (ID: 108493) - 标准、无损音质
[2026-02-25 23:22:46] 更新成功：陈粒 - 走马 (ID: 2749430417) - 标准、无损音质
[2026-02-25 23:22:51] 更新成功：Top Barry - 发迹 (ID: 2099778087) - 标准、无损音质
[2026-02-25 23:22:56] 更新成功：蛋堡 - I Want You (ID: 76834) - 标准、无损音质
[2026-02-25 23:22:59] 更新成功：庾澄庆 - 春泥 (ID: 573968836) - 标准、无损音质
[2026-02-25 23:23:02] 更新成功：Vansdaddy - 身无居所 (ID: 3319817890) - 标准、无损音质
[2026-02-25 23:23:06] 更新成功：建坤YOUNG - 声音 (ID: 2031085185) - 标准、无损音质
[2026-02-25 23:23:08] 更新成功：岑宁儿 - 追光者 (ID: 483671599) - 标准、无损音质
[2026-02-25 23:23:09] 更新完成：成功更新 24 首歌曲
[2026-02-25 23:36:18] 开始更新音乐URL...
[2026-02-25 23:36:18] 备份创建成功：backups/music_data_2026-02-25_23-36-18.json
[2026-02-25 23:36:21] 更新成功：徐佳莹 - 一样的月光 (ID: 306665) - 标准、无损音质
[2026-02-25 23:36:23] 更新成功：Maroon 5 - Payphone (ID: 1952737857) - 标准、无损音质
[2026-02-25 23:36:25] 更新成功：G.E.M.邓紫棋 - 来自天堂的魔鬼 (ID: 36270426) - 标准、无损音质
[2026-02-25 23:36:27] 更新成功：郭静 - 下一个天亮 (ID: 233882) - 标准、无损音质
[2026-02-25 23:36:29] 更新成功：李荣浩 - 不将就 (ID: 31654343) - 标准、无损音质
[2026-02-25 23:36:32] 更新成功：雨爱 (ID: 316100) - 标准、无损音质
[2026-02-25 23:36:34] 更新成功：林宜融 - 同手同脚 (ID: 350482) - 标准、无损音质
[2026-02-25 23:36:36] 更新成功：孙燕姿 - 开始懂了 (ID: 287719) - 标准、无损音质
[2026-02-25 23:36:38] 更新成功：Beyond - 真的爱你 (ID: 346075) - 标准、无损音质
[2026-02-25 23:36:41] 更新成功：KUN - Colder (ID: 3351234875) - 标准、无损音质
[2026-02-25 23:36:43] 更新成功：陶喆 - 流沙 (ID: 150667) - 标准、无损音质
[2026-02-25 23:36:45] 更新成功：李毓芬 - 是我不够好 (ID: 410519050) - 标准、无损音质
[2026-02-25 23:36:47] 更新成功：陈奕迅 - 最佳损友 (ID: 65800) - 标准、无损音质
[2026-02-25 23:36:50] 更新成功：AGA - Wonderful U (Demo Version) (ID: 406475394) - 标准、无损音质
[2026-02-25 23:37:04] 更新成功：陈一豪Clear - 彩铃 (ID: 3339130832) - 标准、无损音质
[2026-02-25 23:37:06] 更新成功：Justin Bieber - Intentions (ID: 1421443440) - 标准、无损音质
[2026-02-25 23:37:08] 更新成功：林俊杰 - 我还想她 (ID: 108493) - 标准、无损音质
[2026-02-25 23:37:10] 更新成功：陈粒 - 走马 (ID: 2749430417) - 标准、无损音质
[2026-02-25 23:37:13] 更新成功：Top Barry - 发迹 (ID: 2099778087) - 标准、无损音质
[2026-02-25 23:37:21] 更新成功：蛋堡 - I Want You (ID: 76834) - 标准、无损音质
[2026-02-25 23:37:23] 更新成功：庾澄庆 - 春泥 (ID: 573968836) - 标准、无损音质
[2026-02-25 23:37:31] 更新成功：Vansdaddy - 身无居所 (ID: 3319817890) - 标准、无损音质
[2026-02-25 23:37:34] 更新成功：建坤YOUNG - 声音 (ID: 2031085185) - 标准、无损音质
[2026-02-25 23:37:36] 更新成功：岑宁儿 - 追光者 (ID: 483671599) - 标准、无损音质
[2026-02-25 23:37:36] 更新完成：成功更新 24 首歌曲
[2026-02-25 23:51:18] 开始更新音乐URL...
[2026-02-25 23:51:18] 备份创建成功：backups/music_data_2026-02-25_23-51-18.json
[2026-02-25 23:51:20] 更新成功：徐佳莹 - 一样的月光 (ID: 306665) - 标准、无损音质
[2026-02-25 23:51:23] 更新成功：Maroon 5 - Payphone (ID: 1952737857) - 标准、无损音质
[2026-02-25 23:51:25] 更新成功：G.E.M.邓紫棋 - 来自天堂的魔鬼 (ID: 36270426) - 标准、无损音质
[2026-02-25 23:51:27] 更新成功：郭静 - 下一个天亮 (ID: 233882) - 标准、无损音质
[2026-02-25 23:51:29] 更新成功：李荣浩 - 不将就 (ID: 31654343) - 标准、无损音质
[2026-02-25 23:51:32] 更新成功：雨爱 (ID: 316100) - 标准、无损音质
[2026-02-25 23:51:34] 更新成功：林宜融 - 同手同脚 (ID: 350482) - 标准、无损音质
[2026-02-25 23:51:36] 更新成功：孙燕姿 - 开始懂了 (ID: 287719) - 标准、无损音质
[2026-02-25 23:51:39] 更新成功：Beyond - 真的爱你 (ID: 346075) - 标准、无损音质
[2026-02-25 23:51:41] 更新成功：KUN - Colder (ID: 3351234875) - 标准、无损音质
[2026-02-25 23:51:43] 更新成功：陶喆 - 流沙 (ID: 150667) - 标准、无损音质
[2026-02-25 23:51:45] 更新成功：李毓芬 - 是我不够好 (ID: 410519050) - 标准、无损音质
[2026-02-25 23:51:47] 更新成功：陈奕迅 - 最佳损友 (ID: 65800) - 标准、无损音质
[2026-02-25 23:51:50] 更新成功：AGA - Wonderful U (Demo Version) (ID: 406475394) - 标准、无损音质
[2026-02-25 23:51:52] 更新成功：陈一豪Clear - 彩铃 (ID: 3339130832) - 标准、无损音质
[2026-02-25 23:51:54] 更新成功：Justin Bieber - Intentions (ID: 1421443440) - 标准、无损音质
[2026-02-25 23:51:56] 更新成功：林俊杰 - 我还想她 (ID: 108493) - 标准、无损音质
[2026-02-25 23:51:58] 更新成功：陈粒 - 走马 (ID: 2749430417) - 标准、无损音质
[2026-02-25 23:52:01] 更新成功：Top Barry - 发迹 (ID: 2099778087) - 标准、无损音质
[2026-02-25 23:52:03] 更新成功：蛋堡 - I Want You (ID: 76834) - 标准、无损音质
[2026-02-25 23:52:05] 更新成功：庾澄庆 - 春泥 (ID: 573968836) - 标准、无损音质
[2026-02-25 23:52:07] 更新成功：Vansdaddy - 身无居所 (ID: 3319817890) - 标准、无损音质
[2026-02-25 23:52:09] 更新成功：建坤YOUNG - 声音 (ID: 2031085185) - 标准、无损音质
[2026-02-25 23:52:12] 更新成功：岑宁儿 - 追光者 (ID: 483671599) - 标准、无损音质
[2026-02-25 23:52:12] 更新完成：成功更新 24 首歌曲
[2026-02-26 00:06:18] 开始更新音乐URL...
[2026-02-26 00:06:18] 备份创建成功：backups/music_data_2026-02-26_00-06-18.json
[2026-02-26 00:06:21] 更新成功：徐佳莹 - 一样的月光 (ID: 306665) - 标准、无损音质
[2026-02-26 00:06:24] 更新成功：Maroon 5 - Payphone (ID: 1952737857) - 标准、无损音质
[2026-02-26 00:06:26] 更新成功：G.E.M.邓紫棋 - 来自天堂的魔鬼 (ID: 36270426) - 标准、无损音质
[2026-02-26 00:06:29] 更新成功：郭静 - 下一个天亮 (ID: 233882) - 标准、无损音质
[2026-02-26 00:06:31] 更新成功：李荣浩 - 不将就 (ID: 31654343) - 标准、无损音质
[2026-02-26 00:06:48] 更新成功：雨爱 (ID: 316100) - 无损音质
[2026-02-26 00:06:50] 更新成功：林宜融 - 同手同脚 (ID: 350482) - 标准、无损音质
[2026-02-26 00:06:53] 更新成功：孙燕姿 - 开始懂了 (ID: 287719) - 标准、无损音质
[2026-02-26 00:07:10] 更新成功：Beyond - 真的爱你 (ID: 346075) - 标准音质
[2026-02-26 00:07:12] 更新成功：KUN - Colder (ID: 3351234875) - 标准、无损音质
[2026-02-26 00:07:14] 更新成功：陶喆 - 流沙 (ID: 150667) - 标准、无损音质
[2026-02-26 00:07:16] 更新成功：李毓芬 - 是我不够好 (ID: 410519050) - 标准、无损音质
[2026-02-26 00:07:18] 更新成功：陈奕迅 - 最佳损友 (ID: 65800) - 标准、无损音质
[2026-02-26 00:07:21] 更新成功：AGA - Wonderful U (Demo Version) (ID: 406475394) - 标准、无损音质
[2026-02-26 00:07:23] 更新成功：陈一豪Clear - 彩铃 (ID: 3339130832) - 标准、无损音质
[2026-02-26 00:07:25] 更新成功：Justin Bieber - Intentions (ID: 1421443440) - 标准、无损音质
[2026-02-26 00:07:27] 更新成功：林俊杰 - 我还想她 (ID: 108493) - 标准、无损音质
[2026-02-26 00:07:30] 更新成功：陈粒 - 走马 (ID: 2749430417) - 标准、无损音质
[2026-02-26 00:07:34] 更新成功：Top Barry - 发迹 (ID: 2099778087) - 标准、无损音质
[2026-02-26 00:07:37] 更新成功：蛋堡 - I Want You (ID: 76834) - 标准、无损音质
[2026-02-26 00:07:40] 更新成功：庾澄庆 - 春泥 (ID: 573968836) - 标准、无损音质
[2026-02-26 00:07:44] 更新成功：Vansdaddy - 身无居所 (ID: 3319817890) - 标准、无损音质
[2026-02-26 00:07:49] 更新成功：建坤YOUNG - 声音 (ID: 2031085185) - 标准、无损音质
[2026-02-26 00:07:53] 更新成功：岑宁儿 - 追光者 (ID: 483671599) - 标准、无损音质
[2026-02-26 00:07:53] 更新完成：成功更新 24 首歌曲
[2026-02-26 00:21:18] 开始更新音乐URL...
[2026-02-26 00:21:18] 备份创建成功：backups/music_data_2026-02-26_00-21-18.json
[2026-02-26 00:21:18] 错误：无法解析music_data.json
[2026-02-26 00:36:18] 开始更新音乐URL...
[2026-02-26 00:36:18] 备份创建成功：backups/music_data_2026-02-26_00-36-18.json
[2026-02-26 00:36:18] 错误：无法解析music_data.json
[2026-02-26 00:51:18] 开始更新音乐URL...
[2026-02-26 00:51:18] 备份创建成功：backups/music_data_2026-02-26_00-51-18.json
[2026-02-26 00:51:18] 错误：无法解析music_data.json
[2026-02-26 01:06:18] 开始更新音乐URL...
[2026-02-26 01:06:18] 备份创建成功：backups/music_data_2026-02-26_01-06-18.json
[2026-02-26 01:06:18] 错误：无法解析music_data.json
[2026-02-26 01:21:18] 开始更新音乐URL...
[2026-02-26 01:21:18] 备份创建成功：backups/music_data_2026-02-26_01-21-18.json
[2026-02-26 01:21:18] 错误：无法解析music_data.json
[2026-02-26 01:36:18] 开始更新音乐URL...
[2026-02-26 01:36:18] 备份创建成功：backups/music_data_2026-02-26_01-36-18.json
[2026-02-26 01:36:18] 错误：无法解析music_data.json
[2026-02-26 01:51:18] 开始更新音乐URL...
[2026-02-26 01:51:18] 备份创建成功：backups/music_data_2026-02-26_01-51-18.json
[2026-02-26 01:51:18] 错误：无法解析music_data.json
[2026-02-26 02:06:18] 开始更新音乐URL...
[2026-02-26 02:06:18] 备份创建成功：backups/music_data_2026-02-26_02-06-18.json
[2026-02-26 02:06:18] 错误：无法解析music_data.json
[2026-02-26 02:21:18] 开始更新音乐URL...
[2026-02-26 02:21:18] 备份创建成功：backups/music_data_2026-02-26_02-21-18.json
[2026-02-26 02:21:18] 错误：无法解析music_data.json
[2026-02-26 02:36:18] 开始更新音乐URL...
[2026-02-26 02:36:18] 备份创建成功：backups/music_data_2026-02-26_02-36-18.json
[2026-02-26 02:36:18] 错误：无法解析music_data.json
[2026-02-26 02:51:18] 开始更新音乐URL...
[2026-02-26 02:51:18] 备份创建成功：backups/music_data_2026-02-26_02-51-18.json
[2026-02-26 02:51:18] 错误：无法解析music_data.json
[2026-02-26 03:06:18] 开始更新音乐URL...
[2026-02-26 03:06:18] 备份创建成功：backups/music_data_2026-02-26_03-06-18.json
[2026-02-26 03:06:18] 错误：无法解析music_data.json
[2026-02-26 03:21:18] 开始更新音乐URL...
[2026-02-26 03:21:18] 备份创建成功：backups/music_data_2026-02-26_03-21-18.json
[2026-02-26 03:21:18] 错误：无法解析music_data.json
[2026-02-26 03:36:18] 开始更新音乐URL...
[2026-02-26 03:36:18] 备份创建成功：backups/music_data_2026-02-26_03-36-18.json
[2026-02-26 03:36:18] 错误：无法解析music_data.json
[2026-02-26 03:51:18] 开始更新音乐URL...
[2026-02-26 03:51:18] 备份创建成功：backups/music_data_2026-02-26_03-51-18.json
[2026-02-26 03:51:18] 错误：无法解析music_data.json
[2026-02-26 04:06:18] 开始更新音乐URL...
[2026-02-26 04:06:18] 备份创建成功：backups/music_data_2026-02-26_04-06-18.json
[2026-02-26 04:06:18] 错误：无法解析music_data.json
[2026-02-26 04:21:18] 开始更新音乐URL...
[2026-02-26 04:21:18] 备份创建成功：backups/music_data_2026-02-26_04-21-18.json
[2026-02-26 04:21:18] 错误：无法解析music_data.json
[2026-02-26 04:36:18] 开始更新音乐URL...
[2026-02-26 04:36:18] 备份创建成功：backups/music_data_2026-02-26_04-36-18.json
[2026-02-26 04:36:18] 错误：无法解析music_data.json
[2026-02-26 04:51:18] 开始更新音乐URL...
[2026-02-26 04:51:18] 备份创建成功：backups/music_data_2026-02-26_04-51-18.json
[2026-02-26 04:51:18] 错误：无法解析music_data.json
[2026-02-26 05:06:18] 开始更新音乐URL...
[2026-02-26 05:06:18] 备份创建成功：backups/music_data_2026-02-26_05-06-18.json
[2026-02-26 05:06:18] 错误：无法解析music_data.json
[2026-02-26 05:21:18] 开始更新音乐URL...
[2026-02-26 05:21:18] 备份创建成功：backups/music_data_2026-02-26_05-21-18.json
[2026-02-26 05:21:18] 错误：无法解析music_data.json
[2026-02-26 05:36:18] 开始更新音乐URL...
[2026-02-26 05:36:18] 备份创建成功：backups/music_data_2026-02-26_05-36-18.json
[2026-02-26 05:36:18] 错误：无法解析music_data.json
[2026-02-26 05:51:18] 开始更新音乐URL...
[2026-02-26 05:51:18] 备份创建成功：backups/music_data_2026-02-26_05-51-18.json
[2026-02-26 05:51:18] 错误：无法解析music_data.json
[2026-02-26 06:06:18] 开始更新音乐URL...
[2026-02-26 06:06:18] 备份创建成功：backups/music_data_2026-02-26_06-06-18.json
[2026-02-26 06:06:18] 错误：无法解析music_data.json
[2026-02-26 06:21:18] 开始更新音乐URL...
[2026-02-26 06:21:18] 备份创建成功：backups/music_data_2026-02-26_06-21-18.json
[2026-02-26 06:21:18] 错误：无法解析music_data.json
[2026-02-26 06:36:18] 开始更新音乐URL...
[2026-02-26 06:36:18] 备份创建成功：backups/music_data_2026-02-26_06-36-18.json
[2026-02-26 06:36:18] 错误：无法解析music_data.json
[2026-02-26 06:51:18] 开始更新音乐URL...
[2026-02-26 06:51:18] 备份创建成功：backups/music_data_2026-02-26_06-51-18.json
[2026-02-26 06:51:18] 错误：无法解析music_data.json
[2026-02-26 07:06:18] 开始更新音乐URL...
[2026-02-26 07:06:18] 备份创建成功：backups/music_data_2026-02-26_07-06-18.json
[2026-02-26 07:06:18] 错误：无法解析music_data.json
[2026-02-26 07:21:18] 开始更新音乐URL...
[2026-02-26 07:21:18] 备份创建成功：backups/music_data_2026-02-26_07-21-18.json
[2026-02-26 07:21:18] 错误：无法解析music_data.json
[2026-02-26 07:36:18] 开始更新音乐URL...
[2026-02-26 07:36:18] 备份创建成功：backups/music_data_2026-02-26_07-36-18.json
[2026-02-26 07:36:18] 错误：无法解析music_data.json
[2026-02-26 07:51:18] 开始更新音乐URL...
[2026-02-26 07:51:18] 备份创建成功：backups/music_data_2026-02-26_07-51-18.json
[2026-02-26 07:51:18] 错误：无法解析music_data.json
[2026-02-26 08:06:18] 开始更新音乐URL...
[2026-02-26 08:06:18] 备份创建成功：backups/music_data_2026-02-26_08-06-18.json
[2026-02-26 08:06:18] 错误：无法解析music_data.json
[2026-02-26 08:21:18] 开始更新音乐URL...
[2026-02-26 08:21:18] 备份创建成功：backups/music_data_2026-02-26_08-21-18.json
[2026-02-26 08:21:18] 错误：无法解析music_data.json
[2026-02-26 08:36:18] 开始更新音乐URL...
[2026-02-26 08:36:18] 备份创建成功：backups/music_data_2026-02-26_08-36-18.json
[2026-02-26 08:36:18] 错误：无法解析music_data.json
[2026-02-26 08:51:18] 开始更新音乐URL...
[2026-02-26 08:51:18] 备份创建成功：backups/music_data_2026-02-26_08-51-18.json
[2026-02-26 08:51:18] 错误：无法解析music_data.json
[2026-02-26 09:06:18] 开始更新音乐URL...
[2026-02-26 09:06:18] 备份创建成功：backups/music_data_2026-02-26_09-06-18.json
[2026-02-26 09:06:18] 错误：无法解析music_data.json
[2026-02-26 09:21:18] 开始更新音乐URL...
[2026-02-26 09:21:18] 备份创建成功：backups/music_data_2026-02-26_09-21-18.json
[2026-02-26 09:21:18] 错误：无法解析music_data.json
[2026-02-26 09:36:18] 开始更新音乐URL...
[2026-02-26 09:36:18] 备份创建成功：backups/music_data_2026-02-26_09-36-18.json
[2026-02-26 09:36:18] 错误：无法解析music_data.json
[2026-02-26 09:51:18] 开始更新音乐URL...
[2026-02-26 09:51:18] 备份创建成功：backups/music_data_2026-02-26_09-51-18.json
[2026-02-26 09:51:18] 错误：无法解析music_data.json
[2026-02-26 10:06:18] 开始更新音乐URL...
[2026-02-26 10:06:18] 备份创建成功：backups/music_data_2026-02-26_10-06-18.json
[2026-02-26 10:06:18] 错误：无法解析music_data.json
[2026-02-26 10:21:18] 开始更新音乐URL...
[2026-02-26 10:21:18] 备份创建成功：backups/music_data_2026-02-26_10-21-18.json
[2026-02-26 10:21:18] 错误：无法解析music_data.json
[2026-02-26 10:36:18] 开始更新音乐URL...
[2026-02-26 10:36:18] 备份创建成功：backups/music_data_2026-02-26_10-36-18.json
[2026-02-26 10:36:18] 错误：无法解析music_data.json
[2026-02-26 10:51:18] 开始更新音乐URL...
[2026-02-26 10:51:18] 备份创建成功：backups/music_data_2026-02-26_10-51-18.json
[2026-02-26 10:51:18] 错误：无法解析music_data.json
[2026-02-26 11:06:18] 开始更新音乐URL...
[2026-02-26 11:06:18] 备份创建成功：backups/music_data_2026-02-26_11-06-18.json
[2026-02-26 11:06:18] 错误：无法解析music_data.json
[2026-02-26 11:21:18] 开始更新音乐URL...
[2026-02-26 11:21:18] 备份创建成功：backups/music_data_2026-02-26_11-21-18.json
[2026-02-26 11:21:18] 错误：无法解析music_data.json
[2026-02-26 11:36:18] 开始更新音乐URL...
[2026-02-26 11:36:18] 备份创建成功：backups/music_data_2026-02-26_11-36-18.json
[2026-02-26 11:36:18] 错误：无法解析music_data.json
[2026-02-26 11:51:18] 开始更新音乐URL...
[2026-02-26 11:51:18] 备份创建成功：backups/music_data_2026-02-26_11-51-18.json
[2026-02-26 11:51:18] 错误：无法解析music_data.json
[2026-02-26 12:06:18] 开始更新音乐URL...
[2026-02-26 12:06:18] 备份创建成功：backups/music_data_2026-02-26_12-06-18.json
[2026-02-26 12:06:18] 错误：无法解析music_data.json
[2026-02-26 12:21:18] 开始更新音乐URL...
[2026-02-26 12:21:18] 备份创建成功：backups/music_data_2026-02-26_12-21-18.json
[2026-02-26 12:21:18] 错误：无法解析music_data.json
[2026-02-26 12:36:18] 开始更新音乐URL...
[2026-02-26 12:36:18] 备份创建成功：backups/music_data_2026-02-26_12-36-18.json
[2026-02-26 12:36:18] 错误：无法解析music_data.json
[2026-02-26 12:51:18] 开始更新音乐URL...
[2026-02-26 12:51:18] 备份创建成功：backups/music_data_2026-02-26_12-51-18.json
[2026-02-26 12:51:18] 错误：无法解析music_data.json
[2026-02-26 13:06:18] 开始更新音乐URL...
[2026-02-26 13:06:18] 备份创建成功：backups/music_data_2026-02-26_13-06-18.json
[2026-02-26 13:06:18] 错误：无法解析music_data.json
[2026-02-26 13:21:18] 开始更新音乐URL...
[2026-02-26 13:21:18] 备份创建成功：backups/music_data_2026-02-26_13-21-18.json
[2026-02-26 13:21:18] 错误：无法解析music_data.json
[2026-02-26 13:36:18] 开始更新音乐URL...
[2026-02-26 13:36:18] 备份创建成功：backups/music_data_2026-02-26_13-36-18.json
[2026-02-26 13:36:18] 错误：无法解析music_data.json
[2026-02-26 13:51:18] 开始更新音乐URL...
[2026-02-26 13:51:18] 备份创建成功：backups/music_data_2026-02-26_13-51-18.json
[2026-02-26 13:51:18] 错误：无法解析music_data.json
[2026-02-26 14:06:18] 开始更新音乐URL...
[2026-02-26 14:06:18] 备份创建成功：backups/music_data_2026-02-26_14-06-18.json
[2026-02-26 14:06:18] 错误：无法解析music_data.json
[2026-02-26 14:21:18] 开始更新音乐URL...
[2026-02-26 14:21:18] 备份创建成功：backups/music_data_2026-02-26_14-21-18.json
[2026-02-26 14:21:18] 错误：无法解析music_data.json
[2026-02-26 14:36:18] 开始更新音乐URL...
[2026-02-26 14:36:18] 备份创建成功：backups/music_data_2026-02-26_14-36-18.json
[2026-02-26 14:36:18] 错误：无法解析music_data.json
[2026-02-26 14:51:18] 开始更新音乐URL...
[2026-02-26 14:51:18] 备份创建成功：backups/music_data_2026-02-26_14-51-18.json
[2026-02-26 14:51:18] 错误：无法解析music_data.json
[2026-02-26 15:06:18] 开始更新音乐URL...
[2026-02-26 15:06:18] 备份创建成功：backups/music_data_2026-02-26_15-06-18.json
[2026-02-26 15:06:18] 错误：无法解析music_data.json
[2026-02-26 15:21:18] 开始更新音乐URL...
[2026-02-26 15:21:18] 备份创建成功：backups/music_data_2026-02-26_15-21-18.json
[2026-02-26 15:21:18] 错误：无法解析music_data.json
[2026-02-26 15:36:18] 开始更新音乐URL...
[2026-02-26 15:36:18] 备份创建成功：backups/music_data_2026-02-26_15-36-18.json
[2026-02-26 15:36:18] 错误：无法解析music_data.json
[2026-02-26 15:51:18] 开始更新音乐URL...
[2026-02-26 15:51:18] 备份创建成功：backups/music_data_2026-02-26_15-51-18.json
[2026-02-26 15:51:18] 错误：无法解析music_data.json
[2026-02-26 16:06:18] 开始更新音乐URL...
[2026-02-26 16:06:18] 备份创建成功：backups/music_data_2026-02-26_16-06-18.json
[2026-02-26 16:06:18] 错误：无法解析music_data.json
[2026-02-26 16:21:18] 开始更新音乐URL...
[2026-02-26 16:21:18] 备份创建成功：backups/music_data_2026-02-26_16-21-18.json
[2026-02-26 16:21:18] 错误：无法解析music_data.json
[2026-02-26 16:36:18] 开始更新音乐URL...
[2026-02-26 16:36:18] 备份创建成功：backups/music_data_2026-02-26_16-36-18.json
[2026-02-26 16:36:18] 错误：无法解析music_data.json
[2026-02-26 16:51:18] 开始更新音乐URL...
[2026-02-26 16:51:18] 备份创建成功：backups/music_data_2026-02-26_16-51-18.json
[2026-02-26 16:51:18] 错误：无法解析music_data.json
[2026-02-26 17:06:18] 开始更新音乐URL...
[2026-02-26 17:06:18] 备份创建成功：backups/music_data_2026-02-26_17-06-18.json
[2026-02-26 17:06:18] 错误：无法解析music_data.json
[2026-02-26 17:21:18] 开始更新音乐URL...
[2026-02-26 17:21:18] 备份创建成功：backups/music_data_2026-02-26_17-21-18.json
[2026-02-26 17:21:18] 错误：无法解析music_data.json
[2026-02-26 17:36:18] 开始更新音乐URL...
[2026-02-26 17:36:18] 备份创建成功：backups/music_data_2026-02-26_17-36-18.json
[2026-02-26 17:36:18] 错误：无法解析music_data.json
[2026-02-26 17:51:18] 开始更新音乐URL...
[2026-02-26 17:51:18] 备份创建成功：backups/music_data_2026-02-26_17-51-18.json
[2026-02-26 17:51:18] 错误：无法解析music_data.json
[2026-02-26 18:06:20] 开始更新音乐URL...
[2026-02-26 18:06:20] 备份创建成功：backups/music_data_2026-02-26_18-06-20.json
[2026-02-26 18:06:20] 错误：无法解析music_data.json
[2026-02-26 18:21:18] 开始更新音乐URL...
[2026-02-26 18:21:18] 备份创建成功：backups/music_data_2026-02-26_18-21-18.json
[2026-02-26 18:21:18] 错误：无法解析music_data.json
[2026-02-26 18:36:18] 开始更新音乐URL...
[2026-02-26 18:36:18] 备份创建成功：backups/music_data_2026-02-26_18-36-18.json
[2026-02-26 18:36:18] 错误：无法解析music_data.json
[2026-02-26 18:51:18] 开始更新音乐URL...
[2026-02-26 18:51:18] 备份创建成功：backups/music_data_2026-02-26_18-51-18.json
[2026-02-26 18:51:18] 错误：无法解析music_data.json
[2026-02-26 19:06:18] 开始更新音乐URL...
[2026-02-26 19:06:18] 备份创建成功：backups/music_data_2026-02-26_19-06-18.json
[2026-02-26 19:06:18] 错误：无法解析music_data.json
[2026-02-26 19:21:18] 开始更新音乐URL...
[2026-02-26 19:21:18] 备份创建成功：backups/music_data_2026-02-26_19-21-18.json
[2026-02-26 19:21:18] 错误：无法解析music_data.json
[2026-02-26 19:36:18] 开始更新音乐URL...
[2026-02-26 19:36:18] 备份创建成功：backups/music_data_2026-02-26_19-36-18.json
[2026-02-26 19:36:18] 错误：无法解析music_data.json
[2026-02-26 19:51:18] 开始更新音乐URL...
[2026-02-26 19:51:18] 备份创建成功：backups/music_data_2026-02-26_19-51-18.json
[2026-02-26 19:51:18] 错误：无法解析music_data.json
[2026-02-26 20:06:18] 开始更新音乐URL...
[2026-02-26 20:06:18] 备份创建成功：backups/music_data_2026-02-26_20-06-18.json
[2026-02-26 20:06:18] 错误：无法解析music_data.json
[2026-02-26 20:21:18] 开始更新音乐URL...
[2026-02-26 20:21:18] 备份创建成功：backups/music_data_2026-02-26_20-21-18.json
[2026-02-26 20:21:18] 错误：无法解析music_data.json
[2026-02-26 20:36:18] 开始更新音乐URL...
[2026-02-26 20:36:18] 备份创建成功：backups/music_data_2026-02-26_20-36-18.json
[2026-02-26 20:36:18] 错误：无法解析music_data.json
[2026-02-26 20:51:18] 开始更新音乐URL...
[2026-02-26 20:51:18] 备份创建成功：backups/music_data_2026-02-26_20-51-18.json
[2026-02-26 20:51:18] 错误：无法解析music_data.json
[2026-02-26 21:06:18] 开始更新音乐URL...
[2026-02-26 21:06:18] 备份创建成功：backups/music_data_2026-02-26_21-06-18.json
[2026-02-26 21:06:18] 错误：无法解析music_data.json
[2026-02-26 21:21:18] 开始更新音乐URL...
[2026-02-26 21:21:18] 备份创建成功：backups/music_data_2026-02-26_21-21-18.json
[2026-02-26 21:21:18] 错误：无法解析music_data.json
[2026-02-26 21:36:18] 开始更新音乐URL...
[2026-02-26 21:36:18] 备份创建成功：backups/music_data_2026-02-26_21-36-18.json
[2026-02-26 21:36:18] 错误：无法解析music_data.json
[2026-02-26 21:51:18] 开始更新音乐URL...
[2026-02-26 21:51:18] 备份创建成功：backups/music_data_2026-02-26_21-51-18.json
[2026-02-26 21:51:18] 错误：无法解析music_data.json
[2026-02-26 22:06:18] 开始更新音乐URL...
[2026-02-26 22:06:18] 备份创建成功：backups/music_data_2026-02-26_22-06-18.json
[2026-02-26 22:06:18] 错误：无法解析music_data.json
[2026-02-26 22:21:18] 开始更新音乐URL...
[2026-02-26 22:21:18] 备份创建成功：backups/music_data_2026-02-26_22-21-18.json
[2026-02-26 22:21:18] 错误：无法解析music_data.json
[2026-02-26 22:36:18] 开始更新音乐URL...
[2026-02-26 22:36:18] 备份创建成功：backups/music_data_2026-02-26_22-36-18.json
[2026-02-26 22:36:18] 错误：无法解析music_data.json
[2026-02-26 22:51:18] 开始更新音乐URL...
[2026-02-26 22:51:18] 备份创建成功：backups/music_data_2026-02-26_22-51-18.json
[2026-02-26 22:51:18] 错误：无法解析music_data.json
[2026-02-26 23:06:18] 开始更新音乐URL...
[2026-02-26 23:06:18] 备份创建成功：backups/music_data_2026-02-26_23-06-18.json
[2026-02-26 23:06:18] 错误：无法解析music_data.json
[2026-02-26 23:21:18] 开始更新音乐URL...
[2026-02-26 23:21:18] 备份创建成功：backups/music_data_2026-02-26_23-21-18.json
[2026-02-26 23:21:18] 错误：无法解析music_data.json
[2026-02-26 23:36:18] 开始更新音乐URL...
[2026-02-26 23:36:18] 备份创建成功：backups/music_data_2026-02-26_23-36-18.json
[2026-02-26 23:36:18] 错误：无法解析music_data.json
[2026-02-26 23:51:18] 开始更新音乐URL...
[2026-02-26 23:51:18] 备份创建成功：backups/music_data_2026-02-26_23-51-18.json
[2026-02-26 23:51:18] 错误：无法解析music_data.json
[2026-04-04 13:58:21] 开始更新音乐URL...
[2026-04-04 13:58:21] 备份创建成功：backups/music_data_2026-04-04_13-58-21.json
[2026-04-04 13:58:25] 更新成功：汪苏泷 - 如果爱忘了 (live) (ID: 2124385868) - 标准、无损音质
[2026-04-04 13:58:28] 更新成功：Dizzy Dizzo (蔡诗芸) - 雨过后的风景 (ID: 215382) - 标准、无损音质
[2026-04-04 13:58:28] 更新完成：成功更新 2 首歌曲
[2026-04-04 15:28:19] 开始更新音乐URL...
[2026-04-04 15:28:19] 备份创建成功：backups/music_data_2026-04-04_15-28-19.json
[2026-04-04 15:28:21] 更新成功：汪苏泷 - 如果爱忘了 (live) (ID: 2124385868) - 标准、无损音质
[2026-04-04 15:28:25] 更新成功：Dizzy Dizzo (蔡诗芸) - 雨过后的风景 (ID: 215382) - 标准、无损音质
[2026-04-04 15:28:26] 更新完成：成功更新 2 首歌曲
[2026-04-04 15:43:19] 开始更新音乐URL...
[2026-04-04 15:43:19] 备份创建成功：backups/music_data_2026-04-04_15-43-19.json
[2026-04-04 15:43:20] 更新成功：汪苏泷 - 如果爱忘了 (live) (ID: 2124385868) - 标准、无损音质
[2026-04-04 15:43:23] 更新成功：Dizzy Dizzo (蔡诗芸) - 雨过后的风景 (ID: 215382) - 标准、无损音质
[2026-04-04 15:43:23] 更新完成：成功更新 2 首歌曲
[2026-04-04 15:58:24] 开始更新音乐URL...
[2026-04-04 15:58:24] 备份创建成功：backups/music_data_2026-04-04_15-58-24.json
[2026-04-04 15:58:37] 更新成功：汪苏泷 - 如果爱忘了 (live) (ID: 2124385868) - 标准、无损音质
[2026-04-04 15:58:39] 更新成功：Dizzy Dizzo (蔡诗芸) - 雨过后的风景 (ID: 215382) - 标准、无损音质
[2026-04-04 15:58:39] 更新完成：成功更新 2 首歌曲
[2026-04-04 16:13:19] 开始更新音乐URL...
[2026-04-04 16:13:19] 备份创建成功：backups/music_data_2026-04-04_16-13-19.json
[2026-04-04 16:13:23] 更新成功：汪苏泷 - 如果爱忘了 (live) (ID: 2124385868) - 标准、无损音质
[2026-04-04 16:13:26] 更新成功：Dizzy Dizzo (蔡诗芸) - 雨过后的风景 (ID: 215382) - 标准、无损音质
[2026-04-04 16:13:26] 更新完成：成功更新 2 首歌曲
[2026-04-04 16:28:20] 开始更新音乐URL...
[2026-04-04 16:28:20] 备份创建成功：backups/music_data_2026-04-04_16-28-20.json
[2026-04-04 16:28:22] 更新成功：汪苏泷 - 如果爱忘了 (live) (ID: 2124385868) - 标准、无损音质
[2026-04-04 16:28:24] 更新成功：Dizzy Dizzo (蔡诗芸) - 雨过后的风景 (ID: 215382) - 标准、无损音质
[2026-04-04 16:28:25] 更新完成：成功更新 2 首歌曲
[2026-04-04 16:43:19] 开始更新音乐URL...
[2026-04-04 16:43:19] 备份创建成功：backups/music_data_2026-04-04_16-43-19.json
[2026-04-04 16:43:22] 更新成功：汪苏泷 - 如果爱忘了 (live) (ID: 2124385868) - 标准、无损音质
[2026-04-04 16:43:25] 更新成功：Dizzy Dizzo (蔡诗芸) - 雨过后的风景 (ID: 215382) - 标准、无损音质
[2026-04-04 16:43:26] 更新完成：成功更新 2 首歌曲
[2026-04-04 16:58:19] 开始更新音乐URL...
[2026-04-04 16:58:19] 备份创建成功：backups/music_data_2026-04-04_16-58-19.json
[2026-04-04 16:58:22] 更新成功：汪苏泷 - 如果爱忘了 (live) (ID: 2124385868) - 标准、无损音质
[2026-04-04 16:58:25] 更新成功：Dizzy Dizzo (蔡诗芸) - 雨过后的风景 (ID: 215382) - 标准、无损音质
[2026-04-04 16:58:25] 更新完成：成功更新 2 首歌曲
[2026-04-04 17:13:19] 开始更新音乐URL...
[2026-04-04 17:13:19] 备份创建成功：backups/music_data_2026-04-04_17-13-19.json
[2026-04-04 17:13:25] 更新成功：汪苏泷 - 如果爱忘了 (live) (ID: 2124385868) - 标准、无损音质
[2026-04-04 17:13:27] 更新成功：Dizzy Dizzo (蔡诗芸) - 雨过后的风景 (ID: 215382) - 标准、无损音质
[2026-04-04 17:13:28] 更新完成：成功更新 2 首歌曲
[2026-04-04 17:28:19] 开始更新音乐URL...
[2026-04-04 17:28:19] 备份创建成功：backups/music_data_2026-04-04_17-28-19.json
[2026-04-04 17:28:24] 更新成功：汪苏泷 - 如果爱忘了 (live) (ID: 2124385868) - 标准、无损音质
[2026-04-04 17:28:27] 更新成功：Dizzy Dizzo (蔡诗芸) - 雨过后的风景 (ID: 215382) - 标准、无损音质
[2026-04-04 17:28:27] 更新完成：成功更新 2 首歌曲
[2026-04-04 17:43:21] 开始更新音乐URL...
[2026-04-04 17:43:21] 备份创建成功：backups/music_data_2026-04-04_17-43-21.json
[2026-04-04 17:43:23] 更新成功：汪苏泷 - 如果爱忘了 (live) (ID: 2124385868) - 标准、无损音质
[2026-04-04 17:43:25] 更新成功：Dizzy Dizzo (蔡诗芸) - 雨过后的风景 (ID: 215382) - 标准、无损音质
[2026-04-04 17:43:26] 更新完成：成功更新 2 首歌曲
[2026-04-05 04:33:12] 开始更新音乐URL...
[2026-04-05 04:33:12] 备份创建成功：backups/music_data_2026-04-05_04-33-12.json
[2026-04-05 04:33:19] 更新成功：汪苏泷 - 如果爱忘了 (live) (ID: 2124385868) - 无损音质
[2026-04-05 04:33:21] 更新成功：Dizzy Dizzo (蔡诗芸) - 雨过后的风景 (ID: 215382) - 标准、无损音质
[2026-04-05 04:33:22] 更新完成：成功更新 2 首歌曲
[2026-04-05 04:48:12] 开始更新音乐URL...
[2026-04-05 04:48:12] 备份创建成功：backups/music_data_2026-04-05_04-48-12.json
[2026-04-05 04:48:19] 更新成功：汪苏泷 - 如果爱忘了 (live) (ID: 2124385868) - 无损音质
[2026-04-05 04:48:21] 更新成功：Dizzy Dizzo (蔡诗芸) - 雨过后的风景 (ID: 215382) - 标准、无损音质
[2026-04-05 04:48:22] 更新完成：成功更新 2 首歌曲
[2026-04-05 05:03:12] 开始更新音乐URL...
[2026-04-05 05:03:12] 备份创建成功：backups/music_data_2026-04-05_05-03-12.json
[2026-04-05 05:03:19] 更新成功：汪苏泷 - 如果爱忘了 (live) (ID: 2124385868) - 无损音质
[2026-04-05 05:03:21] 更新成功：Dizzy Dizzo (蔡诗芸) - 雨过后的风景 (ID: 215382) - 标准、无损音质
[2026-04-05 05:03:21] 更新完成：成功更新 2 首歌曲
[2026-04-05 05:18:12] 开始更新音乐URL...
[2026-04-05 05:18:12] 备份创建成功：backups/music_data_2026-04-05_05-18-12.json
[2026-04-05 05:18:15] 更新成功：汪苏泷 - 如果爱忘了 (live) (ID: 2124385868) - 标准、无损音质
[2026-04-05 05:18:18] 更新成功：Dizzy Dizzo (蔡诗芸) - 雨过后的风景 (ID: 215382) - 标准、无损音质
[2026-04-05 05:18:18] 更新完成：成功更新 2 首歌曲
[2026-04-05 05:33:12] 开始更新音乐URL...
[2026-04-05 05:33:12] 备份创建成功：backups/music_data_2026-04-05_05-33-12.json
[2026-04-05 05:33:23] 更新成功：汪苏泷 - 如果爱忘了 (live) (ID: 2124385868) - 无损音质
[2026-04-05 05:33:26] 更新成功：Dizzy Dizzo (蔡诗芸) - 雨过后的风景 (ID: 215382) - 标准、无损音质
[2026-04-05 05:33:26] 更新完成：成功更新 2 首歌曲
[2026-04-05 05:48:12] 开始更新音乐URL...
[2026-04-05 05:48:12] 备份创建成功：backups/music_data_2026-04-05_05-48-12.json
[2026-04-05 05:48:14] 更新成功：汪苏泷 - 如果爱忘了 (live) (ID: 2124385868) - 标准、无损音质
[2026-04-05 05:48:16] 更新成功：Dizzy Dizzo (蔡诗芸) - 雨过后的风景 (ID: 215382) - 标准、无损音质
[2026-04-05 05:48:17] 更新完成：成功更新 2 首歌曲
[2026-04-05 06:03:12] 开始更新音乐URL...
[2026-04-05 06:03:12] 备份创建成功：backups/music_data_2026-04-05_06-03-12.json
[2026-04-05 06:03:15] 更新成功：汪苏泷 - 如果爱忘了 (live) (ID: 2124385868) - 标准、无损音质
[2026-04-05 06:03:17] 更新成功：Dizzy Dizzo (蔡诗芸) - 雨过后的风景 (ID: 215382) - 标准、无损音质
[2026-04-05 06:03:18] 更新完成：成功更新 2 首歌曲
[2026-04-05 06:18:12] 开始更新音乐URL...
[2026-04-05 06:18:12] 备份创建成功：backups/music_data_2026-04-05_06-18-12.json
[2026-04-05 06:18:14] 更新成功：汪苏泷 - 如果爱忘了 (live) (ID: 2124385868) - 标准、无损音质
[2026-04-05 06:18:16] 更新成功：Dizzy Dizzo (蔡诗芸) - 雨过后的风景 (ID: 215382) - 标准、无损音质
[2026-04-05 06:18:17] 更新完成：成功更新 2 首歌曲
[2026-04-05 06:33:12] 开始更新音乐URL...
[2026-04-05 06:33:12] 备份创建成功：backups/music_data_2026-04-05_06-33-12.json
[2026-04-05 06:33:14] 更新成功：汪苏泷 - 如果爱忘了 (live) (ID: 2124385868) - 标准、无损音质
[2026-04-05 06:33:18] 更新成功：Dizzy Dizzo (蔡诗芸) - 雨过后的风景 (ID: 215382) - 标准、无损音质
[2026-04-05 06:33:18] 更新完成：成功更新 2 首歌曲
[2026-04-05 06:48:12] 开始更新音乐URL...
[2026-04-05 06:48:12] 备份创建成功：backups/music_data_2026-04-05_06-48-12.json
[2026-04-05 06:48:14] 更新成功：汪苏泷 - 如果爱忘了 (live) (ID: 2124385868) - 标准、无损音质
[2026-04-05 06:48:17] 更新成功：Dizzy Dizzo (蔡诗芸) - 雨过后的风景 (ID: 215382) - 标准、无损音质
[2026-04-05 06:48:17] 更新完成：成功更新 2 首歌曲
[2026-04-05 07:03:12] 开始更新音乐URL...
[2026-04-05 07:03:12] 备份创建成功：backups/music_data_2026-04-05_07-03-12.json
[2026-04-05 07:03:14] 更新成功：汪苏泷 - 如果爱忘了 (live) (ID: 2124385868) - 标准、无损音质
[2026-04-05 07:03:17] 更新成功：Dizzy Dizzo (蔡诗芸) - 雨过后的风景 (ID: 215382) - 标准、无损音质
[2026-04-05 07:03:18] 更新完成：成功更新 2 首歌曲
[2026-04-05 07:18:12] 开始更新音乐URL...
[2026-04-05 07:18:12] 备份创建成功：backups/music_data_2026-04-05_07-18-12.json
[2026-04-05 07:18:21] 更新成功：汪苏泷 - 如果爱忘了 (live) (ID: 2124385868) - 无损音质
[2026-04-05 07:18:24] 更新成功：Dizzy Dizzo (蔡诗芸) - 雨过后的风景 (ID: 215382) - 标准、无损音质
[2026-04-05 07:18:25] 更新完成：成功更新 2 首歌曲
[2026-04-05 07:33:12] 开始更新音乐URL...
[2026-04-05 07:33:12] 备份创建成功：backups/music_data_2026-04-05_07-33-12.json
[2026-04-05 07:33:15] 更新成功：汪苏泷 - 如果爱忘了 (live) (ID: 2124385868) - 标准、无损音质
[2026-04-05 07:33:18] 更新成功：Dizzy Dizzo (蔡诗芸) - 雨过后的风景 (ID: 215382) - 标准、无损音质
[2026-04-05 07:33:18] 更新完成：成功更新 2 首歌曲
[2026-04-05 07:48:12] 开始更新音乐URL...
[2026-04-05 07:48:12] 备份创建成功：backups/music_data_2026-04-05_07-48-12.json
[2026-04-05 07:48:16] 更新成功：汪苏泷 - 如果爱忘了 (live) (ID: 2124385868) - 标准、无损音质
[2026-04-05 07:48:18] 更新成功：Dizzy Dizzo (蔡诗芸) - 雨过后的风景 (ID: 215382) - 标准、无损音质
[2026-04-05 07:48:19] 更新完成：成功更新 2 首歌曲
[2026-04-05 08:03:12] 开始更新音乐URL...
[2026-04-05 08:03:12] 备份创建成功：backups/music_data_2026-04-05_08-03-12.json
[2026-04-05 08:03:14] 更新成功：汪苏泷 - 如果爱忘了 (live) (ID: 2124385868) - 标准、无损音质
[2026-04-05 08:03:17] 更新成功：Dizzy Dizzo (蔡诗芸) - 雨过后的风景 (ID: 215382) - 标准、无损音质
[2026-04-05 08:03:17] 更新完成：成功更新 2 首歌曲
[2026-04-05 08:18:12] 开始更新音乐URL...
[2026-04-05 08:18:12] 备份创建成功：backups/music_data_2026-04-05_08-18-12.json
[2026-04-05 08:18:16] 更新成功：汪苏泷 - 如果爱忘了 (live) (ID: 2124385868) - 标准、无损音质
[2026-04-05 08:18:18] 更新成功：Dizzy Dizzo (蔡诗芸) - 雨过后的风景 (ID: 215382) - 标准、无损音质
[2026-04-05 08:18:19] 更新完成：成功更新 2 首歌曲
[2026-04-05 08:33:12] 开始更新音乐URL...
[2026-04-05 08:33:12] 备份创建成功：backups/music_data_2026-04-05_08-33-12.json
[2026-04-05 08:33:18] 更新成功：汪苏泷 - 如果爱忘了 (live) (ID: 2124385868) - 无损音质
[2026-04-05 08:33:21] 更新成功：Dizzy Dizzo (蔡诗芸) - 雨过后的风景 (ID: 215382) - 标准、无损音质
[2026-04-05 08:33:21] 更新完成：成功更新 2 首歌曲
[2026-04-05 08:48:12] 开始更新音乐URL...
[2026-04-05 08:48:12] 备份创建成功：backups/music_data_2026-04-05_08-48-12.json
[2026-04-05 08:48:15] 更新成功：汪苏泷 - 如果爱忘了 (live) (ID: 2124385868) - 标准、无损音质
[2026-04-05 08:48:18] 更新成功：Dizzy Dizzo (蔡诗芸) - 雨过后的风景 (ID: 215382) - 标准、无损音质
[2026-04-05 08:48:19] 更新完成：成功更新 2 首歌曲
[2026-04-05 09:03:12] 开始更新音乐URL...
[2026-04-05 09:03:12] 备份创建成功：backups/music_data_2026-04-05_09-03-12.json
[2026-04-05 09:03:15] 更新成功：汪苏泷 - 如果爱忘了 (live) (ID: 2124385868) - 标准、无损音质
[2026-04-05 09:03:18] 更新成功：Dizzy Dizzo (蔡诗芸) - 雨过后的风景 (ID: 215382) - 标准、无损音质
[2026-04-05 09:03:19] 更新完成：成功更新 2 首歌曲
[2026-04-05 09:18:12] 开始更新音乐URL...
[2026-04-05 09:18:12] 备份创建成功：backups/music_data_2026-04-05_09-18-12.json
[2026-04-05 09:18:14] 更新成功：汪苏泷 - 如果爱忘了 (live) (ID: 2124385868) - 标准、无损音质
[2026-04-05 09:18:17] 更新成功：Dizzy Dizzo (蔡诗芸) - 雨过后的风景 (ID: 215382) - 标准、无损音质
[2026-04-05 09:18:17] 更新完成：成功更新 2 首歌曲
[2026-04-05 09:33:12] 开始更新音乐URL...
[2026-04-05 09:33:12] 备份创建成功：backups/music_data_2026-04-05_09-33-12.json
[2026-04-05 09:33:15] 更新成功：汪苏泷 - 如果爱忘了 (live) (ID: 2124385868) - 标准、无损音质
[2026-04-05 09:33:18] 更新成功：Dizzy Dizzo (蔡诗芸) - 雨过后的风景 (ID: 215382) - 标准、无损音质
[2026-04-05 09:33:18] 更新完成：成功更新 2 首歌曲
[2026-04-05 09:48:12] 开始更新音乐URL...
[2026-04-05 09:48:12] 备份创建成功：backups/music_data_2026-04-05_09-48-12.json
[2026-04-05 09:48:14] 更新成功：汪苏泷 - 如果爱忘了 (live) (ID: 2124385868) - 标准、无损音质
[2026-04-05 09:48:16] 更新成功：Dizzy Dizzo (蔡诗芸) - 雨过后的风景 (ID: 215382) - 标准、无损音质
[2026-04-05 09:48:17] 更新完成：成功更新 2 首歌曲
[2026-04-05 10:03:12] 开始更新音乐URL...
[2026-04-05 10:03:12] 备份创建成功：backups/music_data_2026-04-05_10-03-12.json
[2026-04-05 10:03:19] 更新成功：汪苏泷 - 如果爱忘了 (live) (ID: 2124385868) - 无损音质
[2026-04-05 10:03:21] 更新成功：Dizzy Dizzo (蔡诗芸) - 雨过后的风景 (ID: 215382) - 标准、无损音质
[2026-04-05 10:03:22] 更新完成：成功更新 2 首歌曲
[2026-04-05 10:18:12] 开始更新音乐URL...
[2026-04-05 10:18:12] 备份创建成功：backups/music_data_2026-04-05_10-18-12.json
[2026-04-05 10:18:15] 更新成功：汪苏泷 - 如果爱忘了 (live) (ID: 2124385868) - 标准、无损音质
[2026-04-05 10:18:18] 更新成功：Dizzy Dizzo (蔡诗芸) - 雨过后的风景 (ID: 215382) - 标准、无损音质
[2026-04-05 10:18:19] 更新完成：成功更新 2 首歌曲
[2026-04-05 10:33:12] 开始更新音乐URL...
[2026-04-05 10:33:12] 备份创建成功：backups/music_data_2026-04-05_10-33-12.json
[2026-04-05 10:33:14] 更新成功：汪苏泷 - 如果爱忘了 (live) (ID: 2124385868) - 标准、无损音质
[2026-04-05 10:33:17] 更新成功：Dizzy Dizzo (蔡诗芸) - 雨过后的风景 (ID: 215382) - 标准、无损音质
[2026-04-05 10:33:18] 更新完成：成功更新 2 首歌曲
[2026-04-05 10:48:12] 开始更新音乐URL...
[2026-04-05 10:48:12] 备份创建成功：backups/music_data_2026-04-05_10-48-12.json
[2026-04-05 10:48:14] 更新成功：汪苏泷 - 如果爱忘了 (live) (ID: 2124385868) - 标准、无损音质
[2026-04-05 10:48:17] 更新成功：Dizzy Dizzo (蔡诗芸) - 雨过后的风景 (ID: 215382) - 标准、无损音质
[2026-04-05 10:48:17] 更新完成：成功更新 2 首歌曲
[2026-04-05 11:03:12] 开始更新音乐URL...
[2026-04-05 11:03:12] 备份创建成功：backups/music_data_2026-04-05_11-03-12.json
[2026-04-05 11:03:17] 更新成功：汪苏泷 - 如果爱忘了 (live) (ID: 2124385868) - 标准、无损音质
[2026-04-05 11:03:20] 更新成功：Dizzy Dizzo (蔡诗芸) - 雨过后的风景 (ID: 215382) - 标准、无损音质
[2026-04-05 11:03:20] 更新完成：成功更新 2 首歌曲
[2026-04-05 11:18:12] 开始更新音乐URL...
[2026-04-05 11:18:12] 备份创建成功：backups/music_data_2026-04-05_11-18-12.json
[2026-04-05 11:18:17] 更新成功：汪苏泷 - 如果爱忘了 (live) (ID: 2124385868) - 标准、无损音质
[2026-04-05 11:18:23] 更新成功：Dizzy Dizzo (蔡诗芸) - 雨过后的风景 (ID: 215382) - 标准、无损音质
[2026-04-05 11:18:23] 更新完成：成功更新 2 首歌曲
[2026-04-05 11:33:12] 开始更新音乐URL...
[2026-04-05 11:33:12] 备份创建成功：backups/music_data_2026-04-05_11-33-12.json
[2026-04-05 11:33:14] 更新成功：汪苏泷 - 如果爱忘了 (live) (ID: 2124385868) - 标准、无损音质
[2026-04-05 11:33:16] 更新成功：Dizzy Dizzo (蔡诗芸) - 雨过后的风景 (ID: 215382) - 标准、无损音质
[2026-04-05 11:33:17] 更新完成：成功更新 2 首歌曲
[2026-04-05 11:39:49] 开始更新音乐URL...
[2026-04-05 11:39:49] 备份创建成功：backups/music_data_2026-04-05_11-39-49.json
[2026-04-05 11:39:52] 更新成功：汪苏泷 - 如果爱忘了 (live) (ID: 2124385868) - 标准、无损音质
[2026-04-05 11:39:55] 更新成功：Dizzy Dizzo (蔡诗芸) - 雨过后的风景 (ID: 215382) - 标准、无损音质
[2026-04-05 11:39:56] 更新完成：成功更新 2 首歌曲
[2026-04-05 11:48:12] 开始更新音乐URL...
[2026-04-05 11:48:12] 备份创建成功：backups/music_data_2026-04-05_11-48-12.json
[2026-04-05 11:48:15] 更新成功：汪苏泷 - 如果爱忘了 (live) (ID: 2124385868) - 标准、无损音质
[2026-04-05 11:48:17] 更新成功：Dizzy Dizzo (蔡诗芸) - 雨过后的风景 (ID: 215382) - 标准、无损音质
[2026-04-05 11:48:17] 更新完成：成功更新 2 首歌曲
[2026-04-05 12:03:12] 开始更新音乐URL...
[2026-04-05 12:03:12] 备份创建成功：backups/music_data_2026-04-05_12-03-12.json
[2026-04-05 12:03:14] 更新成功：汪苏泷 - 如果爱忘了 (live) (ID: 2124385868) - 标准、无损音质
[2026-04-05 12:03:17] 更新成功：Dizzy Dizzo (蔡诗芸) - 雨过后的风景 (ID: 215382) - 标准、无损音质
[2026-04-05 12:03:17] 更新完成：成功更新 2 首歌曲
[2026-04-05 12:18:12] 开始更新音乐URL...
[2026-04-05 12:18:12] 备份创建成功：backups/music_data_2026-04-05_12-18-12.json
[2026-04-05 12:18:14] 更新成功：汪苏泷 - 如果爱忘了 (live) (ID: 2124385868) - 标准、无损音质
[2026-04-05 12:18:17] 更新成功：Dizzy Dizzo (蔡诗芸) - 雨过后的风景 (ID: 215382) - 标准、无损音质
[2026-04-05 12:18:17] 更新完成：成功更新 2 首歌曲
[2026-04-05 12:33:12] 开始更新音乐URL...
[2026-04-05 12:33:12] 备份创建成功：backups/music_data_2026-04-05_12-33-12.json
[2026-04-05 12:33:14] 更新成功：汪苏泷 - 如果爱忘了 (live) (ID: 2124385868) - 标准、无损音质
[2026-04-05 12:33:16] 更新成功：Dizzy Dizzo (蔡诗芸) - 雨过后的风景 (ID: 215382) - 标准、无损音质
[2026-04-05 12:33:17] 更新完成：成功更新 2 首歌曲
[2026-04-05 12:48:12] 开始更新音乐URL...
[2026-04-05 12:48:12] 备份创建成功：backups/music_data_2026-04-05_12-48-12.json
[2026-04-05 12:48:14] 更新成功：汪苏泷 - 如果爱忘了 (live) (ID: 2124385868) - 标准、无损音质
[2026-04-05 12:48:17] 更新成功：Dizzy Dizzo (蔡诗芸) - 雨过后的风景 (ID: 215382) - 标准、无损音质
[2026-04-05 12:48:18] 更新完成：成功更新 2 首歌曲
[2026-04-05 13:03:12] 开始更新音乐URL...
[2026-04-05 13:03:12] 备份创建成功：backups/music_data_2026-04-05_13-03-12.json
[2026-04-05 13:03:13] 更新成功：汪苏泷 - 如果爱忘了 (live) (ID: 2124385868) - 标准、无损音质
[2026-04-05 13:03:16] 更新成功：Dizzy Dizzo (蔡诗芸) - 雨过后的风景 (ID: 215382) - 标准、无损音质
[2026-04-05 13:03:16] 更新完成：成功更新 2 首歌曲
[2026-04-05 13:18:12] 开始更新音乐URL...
[2026-04-05 13:18:12] 备份创建成功：backups/music_data_2026-04-05_13-18-12.json
[2026-04-05 13:18:14] 更新成功：汪苏泷 - 如果爱忘了 (live) (ID: 2124385868) - 标准、无损音质
[2026-04-05 13:18:17] 更新成功：Dizzy Dizzo (蔡诗芸) - 雨过后的风景 (ID: 215382) - 标准、无损音质
[2026-04-05 13:18:17] 更新完成：成功更新 2 首歌曲
[2026-04-05 13:33:12] 开始更新音乐URL...
[2026-04-05 13:33:12] 备份创建成功：backups/music_data_2026-04-05_13-33-12.json
[2026-04-05 13:33:14] 更新成功：汪苏泷 - 如果爱忘了 (live) (ID: 2124385868) - 标准、无损音质
[2026-04-05 13:33:17] 更新成功：Dizzy Dizzo (蔡诗芸) - 雨过后的风景 (ID: 215382) - 标准、无损音质
[2026-04-05 13:33:17] 更新完成：成功更新 2 首歌曲
[2026-04-05 13:48:12] 开始更新音乐URL...
[2026-04-05 13:48:12] 备份创建成功：backups/music_data_2026-04-05_13-48-12.json
[2026-04-05 13:48:14] 更新成功：汪苏泷 - 如果爱忘了 (live) (ID: 2124385868) - 标准、无损音质
[2026-04-05 13:48:18] 更新成功：Dizzy Dizzo (蔡诗芸) - 雨过后的风景 (ID: 215382) - 标准、无损音质
[2026-04-05 13:48:19] 更新完成：成功更新 2 首歌曲
[2026-04-05 14:03:12] 开始更新音乐URL...
[2026-04-05 14:03:12] 备份创建成功：backups/music_data_2026-04-05_14-03-12.json
[2026-04-05 14:03:14] 更新成功：汪苏泷 - 如果爱忘了 (live) (ID: 2124385868) - 标准、无损音质
[2026-04-05 14:03:16] 更新成功：Dizzy Dizzo (蔡诗芸) - 雨过后的风景 (ID: 215382) - 标准、无损音质
[2026-04-05 14:03:16] 更新完成：成功更新 2 首歌曲
[2026-04-05 14:18:12] 开始更新音乐URL...
[2026-04-05 14:18:12] 备份创建成功：backups/music_data_2026-04-05_14-18-12.json
[2026-04-05 14:18:16] 更新成功：汪苏泷 - 如果爱忘了 (live) (ID: 2124385868) - 标准、无损音质
[2026-04-05 14:18:20] 更新成功：Dizzy Dizzo (蔡诗芸) - 雨过后的风景 (ID: 215382) - 标准、无损音质
[2026-04-05 14:18:21] 更新完成：成功更新 2 首歌曲
